user_id,item_id,event_type,rating,timestamp
1,60,cart,,2025-02-24 02:15:00
1,37,view,,2025-05-09 12:38:00
1,72,purchase,3.0,2026-03-21 23:24:00
2,32,purchase,4.0,2025-02-28 01:31:00
2,66,cart,,2025-12-20 20:35:00
2,22,purchase,5.0,2026-07-20 19:51:00
3,52,view,,2025-08-22 07:49:00
3,7,cart,,2025-09-19 21:43:00
3,55,purchase,5.0,2026-09-09 08:53:00
4,32,cart,,2025-10-05 19:18:00
4,28,view,,2026-05-05 20:12:00
4,59,purchase,4.0,2026-06-15 09:17:00
5,34,purchase,3.0,2025-01-24 03:21:00
5,33,purchase,4.0,2025-11-19 05:53:00
5,3,purchase,3.0,2025-12-29 02:44:00
6,29,purchase,5.0,2025-01-23 01:23:00
6,65,view,,2025-05-30 20:32:00
6,73,purchase,3.0,2026-06-08 06:45:00
7,25,purchase,3.0,2025-10-22 03:52:00
7,52,purchase,4.0,2026-03-20 21:36:00
7,18,purchase,3.0,2026-04-02 12:01:00
8,47,view,,2025-06-17 18:41:00
8,14,purchase,3.0,2026-05-02 06:16:00
8,41,purchase,5.0,2026-09-10 17:12:00
9,21,cart,,2025-11-10 10:22:00
9,18,view,,2026-02-27 07:24:00
9,18,purchase,5.0,2026-04-04 15:03:00
10,53,cart,,2025-04-19 22:12:00
10,88,purchase,4.0,2025-07-11 23:45:00
10,56,purchase,5.0,2026-05-21 13:56:00
11,27,view,,2025-06-20 07:57:00
11,49,cart,,2026-05-30 13:04:00
11,39,purchase,4.0,2026-08-31 12:29:00
12,86,view,,2026-04-09 18:26:00
12,5,purchase,3.0,2026-04-11 07:41:00
12,83,purchase,4.0,2026-08-21 02:35:00
13,10,purchase,3.0,2025-06-13 22:27:00
13,70,purchase,5.0,2026-07-31 04:20:00
13,41,purchase,3.0,2026-09-24 03:57:00
14,48,view,,2025-08-31 06:17:00
14,85,view,,2026-04-15 00:07:00
14,28,purchase,4.0,2026-04-21 22:29:00
15,38,view,,2025-07-24 23:19:00
15,38,view,,2026-05-11 11:59:00
15,51,purchase,4.0,2026-09-28 12:01:00
16,84,view,,2025-05-08 19:17:00
16,16,purchase,3.0,2025-09-23 00:36:00
16,81,purchase,5.0,2026-07-05 17:10:00
17,22,view,,2025-01-16 13:19:00
17,43,purchase,4.0,2025-11-14 03:33:00
17,73,purchase,3.0,2026-01-16 15:12:00
18,67,purchase,4.0,2025-06-09 19:07:00
18,44,view,,2025-07-03 11:06:00
18,46,purchase,3.0,2026-06-13 05:35:00
19,18,view,,2025-05-31 17:54:00
19,46,view,,2025-06-21 20:10:00
19,51,purchase,3.0,2026-09-26 19:35:00
20,4,view,,2025-04-10 03:41:00
20,28,view,,2025-07-01 10:56:00
20,57,purchase,4.0,2026-01-03 02:46:00
21,7,view,,2026-04-14 20:25:00
21,10,purchase,3.0,2026-05-20 12:52:00
21,19,purchase,5.0,2026-07-12 01:02:00
22,69,purchase,3.0,2025-09-15 02:22:00
22,55,cart,,2026-03-16 20:05:00
22,53,purchase,5.0,2026-08-13 20:14:00
23,40,view,,2025-06-09 06:23:00
23,26,view,,2026-02-12 01:28:00
23,35,purchase,4.0,2026-03-14 03:21:00
24,13,purchase,3.0,2026-03-04 21:59:00
24,48,purchase,3.0,2026-05-20 20:30:00
24,47,purchase,3.0,2026-08-28 11:32:00
25,6,cart,,2026-01-27 02:16:00
25,80,purchase,4.0,2026-02-10 14:55:00
25,46,purchase,3.0,2026-08-30 17:25:00
26,57,purchase,5.0,2025-04-17 04:06:00
26,71,purchase,3.0,2025-11-28 03:06:00
26,25,purchase,3.0,2026-01-28 13:33:00
27,87,cart,,2025-05-13 16:06:00
27,54,view,,2026-05-09 17:31:00
27,42,purchase,3.0,2026-08-11 08:00:00
28,60,purchase,5.0,2025-03-23 13:16:00
28,56,cart,,2025-04-23 22:46:00
28,64,purchase,5.0,2026-04-10 22:28:00
29,42,purchase,5.0,2025-01-08 10:54:00
29,70,cart,,2025-03-02 17:20:00
29,90,purchase,3.0,2025-12-13 19:48:00
30,21,cart,,2025-01-16 15:58:00
30,39,view,,2026-03-01 03:16:00
30,84,purchase,4.0,2026-09-29 15:36:00
31,61,view,,2025-01-04 01:14:00
31,64,view,,2025-01-04 19:40:00
31,63,purchase,4.0,2025-04-10 14:32:00
32,54,purchase,3.0,2025-01-26 04:50:00
32,26,cart,,2025-10-12 02:43:00
32,33,purchase,4.0,2025-10-18 02:59:00
33,45,view,,2025-01-03 01:00:00
33,7,view,,2025-02-14 05:15:00
33,89,purchase,3.0,2026-01-28 21:13:00
34,30,purchase,5.0,2025-04-03 22:42:00
34,9,purchase,4.0,2025-06-08 12:59:00
34,6,purchase,3.0,2025-10-12 07:13:00
35,35,view,,2025-09-13 15:13:00
35,43,view,,2026-01-25 23:18:00
35,6,purchase,3.0,2026-05-16 09:53:00
36,40,view,,2025-08-12 16:50:00
36,46,purchase,3.0,2025-12-27 13:07:00
36,14,purchase,5.0,2026-01-11 15:33:00
37,34,purchase,4.0,2025-11-17 12:29:00
37,11,cart,,2026-04-13 06:27:00
37,32,purchase,4.0,2026-06-26 19:11:00
38,13,view,,2025-01-10 19:51:00
38,19,view,,2025-10-06 16:56:00
38,12,purchase,3.0,2026-07-30 20:33:00
39,54,view,,2025-04-02 16:55:00
39,38,cart,,2026-03-15 18:04:00
39,32,purchase,4.0,2026-05-06 09:18:00
40,34,view,,2026-02-19 03:23:00
40,48,purchase,3.0,2026-05-26 12:04:00
40,28,purchase,4.0,2026-09-23 10:45:00
41,64,purchase,3.0,2025-01-09 16:05:00
41,64,view,,2025-02-23 19:03:00
41,43,cart,,2025-06-05 18:18:00
41,33,purchase,4.0,2025-06-21 14:43:00
41,33,view,,2025-09-17 01:23:00
41,4,purchase,3.0,2025-11-09 17:23:00
41,11,purchase,4.0,2025-11-10 08:23:00
41,56,purchase,4.0,2025-11-11 08:47:00
41,53,purchase,4.0,2025-11-12 07:47:00
41,58,purchase,3.0,2025-12-21 17:50:00
41,24,purchase,3.0,2026-01-09 12:56:00
41,55,purchase,3.0,2026-02-11 21:08:00
41,60,view,,2026-02-18 08:07:00
41,19,view,,2026-04-06 22:21:00
41,59,purchase,5.0,2026-06-20 20:16:00
41,86,view,,2026-06-22 07:56:00
41,59,view,,2026-06-29 11:34:00
41,53,purchase,4.0,2026-09-27 12:45:00
41,57,purchase,4.0,2026-09-28 22:45:00
42,60,purchase,5.0,2025-01-03 21:29:00
42,37,view,,2025-01-06 14:39:00
42,56,purchase,4.0,2025-01-19 16:07:00
42,54,purchase,5.0,2025-01-21 01:07:00
42,9,view,,2025-02-01 06:06:00
42,4,view,,2025-03-06 05:42:00
42,1,purchase,4.0,2025-05-29 09:57:00
42,12,purchase,4.0,2025-05-30 19:57:00
42,49,view,,2025-05-30 20:28:00
42,69,view,,2025-06-17 12:34:00
42,16,purchase,2.0,2025-09-01 08:21:00
42,53,cart,,2025-09-08 18:42:00
42,12,view,,2025-09-13 20:28:00
42,8,cart,,2025-10-10 21:39:00
42,52,purchase,4.0,2025-11-24 07:10:00
42,57,purchase,4.0,2025-11-25 18:10:00
42,63,purchase,3.0,2025-12-04 17:01:00
42,55,view,,2026-02-01 14:10:00
42,59,purchase,4.0,2026-02-23 10:46:00
42,2,cart,,2026-03-08 09:31:00
42,2,view,,2026-03-22 02:44:00
42,4,purchase,4.0,2026-04-17 06:35:00
42,11,purchase,4.0,2026-04-17 10:35:00
42,3,cart,,2026-04-17 13:11:00
42,15,view,,2026-04-29 21:16:00
42,21,view,,2026-05-08 20:47:00
42,6,cart,,2026-05-26 04:30:00
42,53,cart,,2026-07-01 16:18:00
42,46,purchase,3.0,2026-07-06 02:02:00
42,22,view,,2026-08-02 16:12:00
42,53,cart,,2026-08-30 08:12:00
43,74,purchase,4.0,2025-01-06 05:47:00
43,85,view,,2025-01-14 02:07:00
43,85,cart,,2025-01-20 13:39:00
43,72,view,,2025-01-31 05:32:00
43,18,view,,2025-02-27 14:09:00
43,55,view,,2025-03-12 16:29:00
43,22,purchase,4.0,2025-03-30 20:23:00
43,50,purchase,3.0,2025-04-06 11:51:00
43,19,cart,,2025-04-08 00:06:00
43,72,cart,,2025-04-30 06:44:00
43,3,purchase,3.0,2025-05-02 20:28:00
43,88,purchase,5.0,2025-07-23 12:47:00
43,7,cart,,2025-10-21 14:51:00
43,75,cart,,2025-10-30 10:59:00
43,79,view,,2026-01-20 03:54:00
43,87,view,,2026-01-31 21:31:00
43,74,purchase,3.0,2026-03-26 18:33:00
43,76,purchase,3.0,2026-03-30 23:53:00
43,73,cart,,2026-06-05 20:31:00
43,85,purchase,4.0,2026-07-05 06:59:00
43,88,view,,2026-08-09 06:06:00
43,82,view,,2026-08-18 05:57:00
44,4,view,,2025-05-16 02:07:00
44,37,view,,2025-06-05 17:48:00
44,86,view,,2025-08-07 15:39:00
44,36,purchase,3.0,2025-08-30 17:32:00
44,29,purchase,5.0,2025-09-21 12:48:00
44,69,cart,,2025-10-27 18:47:00
44,14,view,,2025-11-26 22:47:00
44,7,view,,2026-02-15 13:40:00
44,34,view,,2026-02-16 10:39:00
44,73,view,,2026-04-13 02:30:00
44,4,purchase,4.0,2026-07-02 18:41:00
44,18,purchase,4.0,2026-07-03 01:41:00
44,24,view,,2026-07-14 21:41:00
44,3,purchase,5.0,2026-07-15 16:47:00
44,11,purchase,4.0,2026-07-15 20:47:00
44,14,purchase,5.0,2026-08-05 20:46:00
44,88,purchase,3.0,2026-08-09 20:40:00
44,6,view,,2026-09-19 19:09:00
45,49,view,,2025-01-20 22:35:00
45,34,purchase,3.0,2025-01-28 09:48:00
45,76,purchase,5.0,2025-02-22 02:53:00
45,70,view,,2025-03-09 05:35:00
45,18,purchase,4.0,2025-03-12 21:30:00
45,7,purchase,4.0,2025-03-14 07:30:00
45,40,view,,2025-04-13 17:26:00
45,16,cart,,2025-04-16 02:24:00
45,73,purchase,4.0,2025-05-12 09:14:00
45,43,purchase,2.0,2025-06-11 06:20:00
45,39,purchase,4.0,2025-06-12 12:20:00
45,70,view,,2025-07-08 04:16:00
45,70,purchase,5.0,2025-08-25 20:18:00
45,85,view,,2025-08-27 14:49:00
45,86,purchase,3.0,2025-09-14 04:18:00
45,90,view,,2025-09-15 15:37:00
45,8,cart,,2025-10-17 09:55:00
45,21,purchase,4.0,2025-11-28 01:28:00
45,53,purchase,3.0,2025-11-30 10:47:00
45,57,purchase,4.0,2025-12-01 08:47:00
45,70,view,,2025-12-12 04:26:00
45,79,cart,,2026-01-08 05:53:00
45,73,purchase,5.0,2026-01-20 21:05:00
45,76,cart,,2026-01-28 17:02:00
45,87,view,,2026-04-14 03:13:00
45,76,view,,2026-04-17 20:25:00
45,73,purchase,5.0,2026-04-30 13:47:00
45,70,cart,,2026-05-07 20:59:00
45,73,cart,,2026-06-17 17:55:00
45,21,purchase,4.0,2026-06-25 08:08:00
45,5,view,,2026-06-27 12:50:00
46,35,view,,2025-03-24 01:32:00
46,70,purchase,3.0,2025-03-30 07:41:00
46,48,purchase,5.0,2025-04-20 17:13:00
46,38,view,,2025-05-10 23:25:00
46,47,view,,2025-06-07 12:28:00
46,30,purchase,4.0,2025-06-12 09:35:00
46,54,cart,,2025-06-25 10:34:00
46,2,view,,2025-06-28 16:27:00
46,50,cart,,2025-06-29 13:04:00
46,49,view,,2025-06-30 00:33:00
46,38,cart,,2025-07-16 12:56:00
46,24,purchase,4.0,2025-12-12 09:36:00
46,89,view,,2025-12-14 16:49:00
46,24,cart,,2026-01-06 21:00:00
46,64,cart,,2026-01-24 23:05:00
46,52,view,,2026-02-03 14:38:00
46,37,purchase,4.0,2026-03-02 08:42:00
46,43,purchase,5.0,2026-03-06 10:39:00
46,41,purchase,5.0,2026-03-07 12:39:00
46,34,purchase,4.0,2026-03-23 04:14:00
46,44,view,,2026-04-18 22:27:00
46,49,purchase,4.0,2026-04-20 20:20:00
46,35,purchase,3.0,2026-04-24 20:29:00
46,66,view,,2026-05-03 07:52:00
46,64,view,,2026-05-05 07:43:00
46,27,cart,,2026-07-09 20:33:00
46,13,view,,2026-08-03 13:04:00
46,40,cart,,2026-08-05 16:54:00
46,47,cart,,2026-08-06 11:45:00
46,27,purchase,3.0,2026-08-31 10:37:00
46,52,view,,2026-09-04 15:10:00
47,87,cart,,2025-02-24 08:05:00
47,11,cart,,2025-03-17 04:13:00
47,46,purchase,5.0,2025-05-09 03:53:00
47,44,view,,2025-05-13 04:12:00
47,3,purchase,3.0,2025-05-20 01:03:00
47,12,purchase,4.0,2025-05-20 05:03:00
47,43,view,,2025-07-16 19:45:00
47,18,cart,,2025-08-23 01:28:00
47,39,cart,,2025-09-20 09:33:00
47,1,view,,2025-10-24 16:46:00
47,58,cart,,2025-11-18 23:46:00
47,66,purchase,3.0,2025-12-10 20:29:00
47,5,view,,2026-02-03 03:17:00
47,44,view,,2026-02-18 23:42:00
47,42,view,,2026-04-01 15:41:00
47,5,view,,2026-04-23 04:18:00
47,22,view,,2026-04-24 10:46:00
47,7,cart,,2026-04-25 22:01:00
47,19,view,,2026-04-29 09:25:00
47,19,view,,2026-09-05 04:24:00
48,33,view,,2025-01-21 13:50:00
48,34,purchase,4.0,2025-01-29 21:58:00
48,34,view,,2025-02-02 19:20:00
48,34,purchase,5.0,2025-02-09 22:11:00
48,37,view,,2025-02-25 04:05:00
48,32,view,,2025-03-05 19:13:00
48,15,view,,2025-03-07 23:29:00
48,43,view,,2025-03-10 07:49:00
48,29,purchase,5.0,2025-03-15 11:58:00
48,50,purchase,4.0,2025-03-19 12:44:00
48,9,purchase,3.0,2025-04-02 11:50:00
48,18,purchase,4.0,2025-04-02 12:50:00
48,42,cart,,2025-05-07 06:57:00
48,46,purchase,4.0,2025-05-14 23:18:00
48,2,cart,,2025-07-26 22:57:00
48,63,view,,2025-09-13 09:08:00
48,37,view,,2025-09-17 19:19:00
48,27,purchase,5.0,2025-10-09 09:32:00
48,81,purchase,3.0,2025-10-20 19:04:00
48,38,purchase,2.0,2025-10-26 14:02:00
48,34,purchase,4.0,2025-12-02 11:17:00
48,34,view,,2026-01-30 03:04:00
48,34,view,,2026-03-17 15:42:00
48,49,cart,,2026-03-22 07:42:00
48,32,cart,,2026-04-25 05:12:00
48,37,purchase,4.0,2026-04-26 04:38:00
48,44,view,,2026-06-07 23:33:00
48,41,view,,2026-06-27 02:28:00
48,34,cart,,2026-08-16 19:09:00
48,27,view,,2026-08-28 20:47:00
48,32,view,,2026-09-06 00:44:00
48,76,view,,2026-09-27 14:08:00
49,14,cart,,2025-01-23 21:40:00
49,25,view,,2025-01-26 09:19:00
49,83,view,,2025-03-27 01:04:00
49,74,purchase,5.0,2025-05-10 07:27:00
49,74,cart,,2025-05-11 22:27:00
49,72,purchase,3.0,2025-07-12 18:16:00
49,85,purchase,3.0,2025-08-18 20:05:00
49,29,view,,2025-08-21 21:52:00
49,29,view,,2025-08-24 02:49:00
49,11,purchase,3.0,2025-10-01 06:47:00
49,6,purchase,4.0,2025-10-01 18:47:00
49,28,cart,,2025-10-02 01:26:00
49,39,purchase,4.0,2025-11-01 00:06:00
49,38,purchase,4.0,2025-11-02 09:06:00
49,28,purchase,5.0,2025-11-29 20:01:00
49,45,view,,2025-12-07 22:29:00
49,72,purchase,4.0,2025-12-14 03:44:00
49,32,view,,2026-02-09 17:19:00
49,26,purchase,3.0,2026-02-20 12:50:00
49,71,cart,,2026-02-25 01:39:00
49,32,purchase,5.0,2026-03-26 21:58:00
49,27,cart,,2026-07-10 20:54:00
49,82,view,,2026-07-18 13:37:00
49,17,purchase,3.0,2026-09-03 16:59:00
49,36,purchase,4.0,2026-09-24 09:32:00
49,36,view,,2026-09-25 19:01:00
50,26,purchase,3.0,2025-01-12 07:14:00
50,30,view,,2025-02-02 08:20:00
50,82,view,,2025-02-08 10:26:00
50,29,view,,2025-05-03 15:54:00
50,48,purchase,4.0,2025-06-30 18:40:00
50,27,view,,2025-09-30 16:07:00
50,39,view,,2025-10-18 22:19:00
50,32,view,,2025-10-26 23:03:00
50,20,purchase,3.0,2025-10-30 16:55:00
50,39,purchase,4.0,2025-11-11 08:54:00
50,41,purchase,4.0,2025-11-12 13:54:00
50,34,view,,2026-01-16 14:22:00
50,35,view,,2026-01-25 10:12:00
50,27,cart,,2026-02-06 15:05:00
50,30,view,,2026-02-11 19:29:00
50,34,view,,2026-02-17 08:51:00
50,33,view,,2026-04-02 12:08:00
50,57,purchase,4.0,2026-04-04 01:05:00
50,90,purchase,3.0,2026-04-22 17:40:00
50,59,cart,,2026-05-06 11:45:00
50,3,purchase,4.0,2026-05-13 11:01:00
50,11,purchase,4.0,2026-05-14 07:01:00
50,16,view,,2026-05-26 12:46:00
50,59,purchase,5.0,2026-06-08 05:10:00
50,66,view,,2026-06-30 14:21:00
50,33,view,,2026-07-26 17:53:00
50,54,cart,,2026-07-30 08:23:00
50,53,view,,2026-09-18 03:08:00
51,90,view,,2025-01-03 23:02:00
51,38,purchase,4.0,2025-02-07 06:37:00
51,41,purchase,4.0,2025-02-07 12:37:00
51,36,view,,2025-03-31 08:12:00
51,42,purchase,5.0,2025-04-22 23:08:00
51,40,purchase,4.0,2025-04-23 05:08:00
51,42,cart,,2025-05-03 13:28:00
51,71,cart,,2025-05-24 06:21:00
51,44,view,,2025-05-30 00:07:00
51,38,cart,,2025-06-18 10:19:00
51,72,purchase,3.0,2025-07-10 23:39:00
51,39,view,,2025-09-14 10:22:00
51,21,purchase,5.0,2025-09-25 16:47:00
51,74,view,,2026-03-04 06:04:00
51,6,view,,2026-03-08 18:36:00
51,55,cart,,2026-03-11 18:37:00
51,75,purchase,4.0,2026-04-17 14:35:00
51,8,cart,,2026-05-03 18:31:00
51,52,cart,,2026-05-06 13:53:00
51,71,purchase,5.0,2026-06-02 09:04:00
51,75,purchase,4.0,2026-06-03 17:42:00
51,70,view,,2026-06-16 20:02:00
51,27,view,,2026-08-05 20:11:00
51,47,purchase,3.0,2026-08-10 05:06:00
51,73,cart,,2026-08-28 16:14:00
51,71,purchase,4.0,2026-09-16 00:06:00
51,73,purchase,3.0,2026-09-29 13:43:00
52,79,view,,2025-02-15 05:38:00
52,48,view,,2025-03-01 14:33:00
52,57,purchase,3.0,2025-03-03 07:03:00
52,54,purchase,5.0,2025-03-04 11:03:00
52,9,view,,2025-05-13 15:48:00
52,74,purchase,2.0,2025-05-22 22:26:00
52,21,purchase,5.0,2025-06-08 19:54:00
52,9,purchase,4.0,2025-06-30 22:45:00
52,2,purchase,4.0,2025-07-01 03:45:00
52,67,cart,,2025-07-11 00:35:00
52,8,view,,2025-08-03 10:55:00
52,4,view,,2025-09-01 05:17:00
52,3,cart,,2025-09-20 22:01:00
52,5,purchase,5.0,2025-10-29 17:05:00
52,7,purchase,4.0,2025-10-31 00:05:00
52,19,purchase,5.0,2025-11-02 07:41:00
52,16,view,,2025-11-26 13:31:00
52,60,view,,2026-01-16 14:31:00
52,7,view,,2026-01-18 11:53:00
52,61,view,,2026-01-24 11:23:00
52,52,cart,,2026-01-28 01:19:00
52,58,view,,2026-02-24 10:51:00
52,8,purchase,4.0,2026-05-06 08:21:00
52,3,purchase,4.0,2026-05-06 19:21:00
52,21,purchase,5.0,2026-05-12 19:38:00
52,32,purchase,3.0,2026-05-17 20:45:00
52,19,view,,2026-07-12 18:00:00
52,4,view,,2026-07-17 00:44:00
52,16,cart,,2026-09-17 20:11:00
52,56,purchase,3.0,2026-09-21 09:30:00
52,52,purchase,4.0,2026-09-22 07:30:00
53,15,view,,2025-01-01 05:10:00
53,26,purchase,5.0,2025-01-21 13:40:00
53,26,purchase,5.0,2025-02-15 23:24:00
53,20,cart,,2025-03-02 03:42:00
53,16,purchase,4.0,2025-03-18 02:32:00
53,37,view,,2025-04-02 22:35:00
53,13,purchase,3.0,2025-04-26 23:12:00
53,27,view,,2025-05-19 04:01:00
53,37,view,,2025-08-02 09:38:00
53,16,view,,2025-08-22 15:02:00
53,9,purchase,4.0,2025-09-19 04:41:00
53,21,view,,2025-09-29 07:49:00
53,12,view,,2025-10-03 09:29:00
53,29,view,,2025-10-15 15:23:00
53,4,view,,2025-10-26 07:23:00
53,22,view,,2025-11-03 09:53:00
53,46,view,,2025-11-11 06:56:00
53,24,purchase,5.0,2025-11-23 18:13:00
53,37,cart,,2025-11-24 03:40:00
53,8,purchase,3.0,2025-11-25 05:32:00
53,4,purchase,4.0,2025-11-25 10:32:00
53,26,purchase,5.0,2025-12-10 05:59:00
53,25,view,,2025-12-22 21:44:00
53,14,view,,2026-01-09 22:40:00
53,21,cart,,2026-01-11 12:00:00
53,24,purchase,5.0,2026-02-16 03:45:00
53,37,cart,,2026-03-02 18:08:00
53,19,cart,,2026-03-28 11:48:00
53,3,view,,2026-04-13 20:23:00
53,18,view,,2026-04-15 08:38:00
53,8,purchase,4.0,2026-05-06 23:58:00
53,2,purchase,3.0,2026-08-11 19:22:00
53,81,purchase,4.0,2026-09-05 05:22:00
53,5,purchase,3.0,2026-09-09 17:24:00
53,11,purchase,5.0,2026-09-10 11:24:00
54,81,view,,2025-01-15 15:45:00
54,52,purchase,4.0,2025-03-04 09:04:00
54,57,purchase,4.0,2025-03-05 19:04:00
54,18,purchase,3.0,2025-03-25 04:47:00
54,3,purchase,4.0,2025-03-26 05:47:00
54,52,view,,2025-04-22 20:26:00
54,55,view,,2025-04-27 18:50:00
54,58,view,,2025-05-18 05:48:00
54,5,purchase,4.0,2025-05-20 14:09:00
54,7,purchase,5.0,2025-05-20 15:09:00
54,59,view,,2025-07-18 14:50:00
54,83,view,,2025-08-24 11:27:00
54,63,cart,,2025-08-29 22:14:00
54,57,view,,2025-10-23 02:58:00
54,55,view,,2025-10-28 06:11:00
54,83,cart,,2025-11-21 02:16:00
54,63,cart,,2025-11-28 16:37:00
54,83,purchase,4.0,2025-11-30 15:27:00
54,12,purchase,3.0,2025-12-14 23:41:00
54,1,purchase,4.0,2025-12-16 10:41:00
54,61,cart,,2026-01-13 13:00:00
54,56,purchase,3.0,2026-04-06 03:36:00
54,49,cart,,2026-04-09 10:49:00
54,55,purchase,4.0,2026-04-13 02:07:00
54,55,view,,2026-04-13 16:06:00
54,54,purchase,4.0,2026-04-13 20:07:00
54,84,view,,2026-06-25 16:10:00
54,63,cart,,2026-07-02 20:35:00
54,55,view,,2026-08-15 08:09:00
54,58,view,,2026-08-24 07:26:00
54,81,view,,2026-08-27 01:42:00
54,70,view,,2026-09-10 09:57:00
54,53,view,,2026-09-10 11:24:00
55,70,cart,,2025-01-25 02:58:00
55,25,purchase,3.0,2025-01-27 22:51:00
55,48,view,,2025-02-05 05:43:00
55,76,view,,2025-05-17 16:16:00
55,8,view,,2025-06-19 17:55:00
55,28,view,,2025-08-07 08:15:00
55,5,view,,2025-10-01 03:08:00
55,29,view,,2025-11-12 07:07:00
55,33,view,,2025-12-19 19:21:00
55,30,view,,2025-12-26 21:45:00
55,6,view,,2025-12-31 22:29:00
55,72,purchase,3.0,2026-04-18 05:25:00
55,42,view,,2026-06-28 14:33:00
55,72,purchase,3.0,2026-07-28 03:37:00
56,32,view,,2025-01-22 09:56:00
56,78,view,,2025-01-24 20:26:00
56,85,view,,2025-02-13 01:01:00
56,88,purchase,4.0,2025-03-01 15:49:00
56,20,cart,,2025-03-02 10:45:00
56,84,cart,,2025-03-04 11:06:00
56,86,view,,2025-03-26 06:21:00
56,81,cart,,2025-06-25 23:18:00
56,82,cart,,2025-06-26 09:25:00
56,76,view,,2025-07-16 20:24:00
56,82,view,,2025-08-10 10:12:00
56,87,cart,,2025-10-11 01:09:00
56,53,purchase,3.0,2025-11-10 21:06:00
56,56,purchase,5.0,2025-11-11 01:06:00
56,71,cart,,2025-11-27 04:26:00
56,25,purchase,3.0,2026-01-19 06:29:00
56,70,purchase,4.0,2026-02-23 20:39:00
56,85,view,,2026-03-03 21:26:00
56,76,view,,2026-04-16 22:00:00
56,5,cart,,2026-04-25 10:13:00
56,75,view,,2026-05-02 18:10:00
56,87,purchase,3.0,2026-05-06 07:52:00
56,53,view,,2026-05-06 17:46:00
56,72,view,,2026-05-25 12:03:00
56,8,view,,2026-05-27 01:14:00
56,56,view,,2026-06-30 10:01:00
56,46,view,,2026-08-14 11:13:00
56,82,view,,2026-08-15 06:10:00
56,62,purchase,3.0,2026-09-16 08:59:00
56,74,purchase,3.0,2026-09-26 12:03:00
57,26,view,,2025-01-13 17:00:00
57,45,view,,2025-01-19 05:11:00
57,2,purchase,3.0,2025-01-20 03:44:00
57,5,purchase,3.0,2025-01-21 10:44:00
57,26,purchase,5.0,2025-01-24 20:38:00
57,69,cart,,2025-01-29 18:00:00
57,29,view,,2025-02-21 15:33:00
57,36,view,,2025-03-01 11:43:00
57,25,purchase,4.0,2025-03-05 10:05:00
57,5,view,,2025-03-22 00:29:00
57,36,view,,2025-10-10 04:30:00
57,32,cart,,2025-10-12 21:31:00
57,28,purchase,4.0,2025-10-19 08:08:00
57,36,cart,,2025-11-20 16:54:00
57,33,purchase,4.0,2025-12-01 16:53:00
57,39,view,,2025-12-10 07:25:00
57,24,view,,2025-12-21 04:54:00
57,45,view,,2025-12-24 16:36:00
57,45,view,,2026-01-12 02:14:00
57,60,cart,,2026-01-17 11:52:00
57,7,view,,2026-01-26 21:18:00
57,57,view,,2026-02-05 17:04:00
57,40,purchase,5.0,2026-03-21 18:20:00
57,41,purchase,5.0,2026-03-22 09:20:00
57,53,view,,2026-03-25 01:59:00
57,39,purchase,3.0,2026-04-06 04:47:00
57,38,purchase,4.0,2026-04-06 07:47:00
57,40,cart,,2026-04-24 06:36:00
57,33,view,,2026-04-26 07:00:00
57,36,view,,2026-05-25 04:39:00
57,65,cart,,2026-06-16 23:19:00
57,47,cart,,2026-06-21 03:57:00
57,11,purchase,4.0,2026-07-08 14:04:00
57,27,view,,2026-07-08 16:59:00
57,17,purchase,2.0,2026-08-14 14:39:00
57,2,purchase,3.0,2026-09-21 05:09:00
57,6,purchase,5.0,2026-09-21 19:09:00
58,52,cart,,2025-03-10 23:26:00
58,44,purchase,4.0,2025-05-06 12:39:00
58,15,purchase,4.0,2025-05-10 03:17:00
58,8,purchase,4.0,2025-05-31 01:37:00
58,6,purchase,4.0,2025-05-31 16:37:00
58,65,purchase,3.0,2025-06-07 20:25:00
58,78,purchase,3.0,2025-07-09 22:21:00
58,14,purchase,4.0,2025-07-30 18:18:00
58,4,cart,,2025-08-10 02:58:00
58,55,purchase,3.0,2025-09-06 02:21:00
58,52,purchase,3.0,2025-09-06 04:45:00
58,54,purchase,5.0,2025-09-06 11:45:00
58,56,purchase,3.0,2025-09-06 18:21:00
58,86,cart,,2025-09-23 18:01:00
58,4,view,,2025-10-26 18:22:00
58,75,view,,2025-11-07 20:06:00
58,66,cart,,2025-11-15 02:19:00
58,69,purchase,4.0,2025-12-02 03:40:00
58,89,purchase,3.0,2025-12-07 21:36:00
58,11,purchase,4.0,2025-12-09 22:17:00
58,14,view,,2025-12-10 17:25:00
58,10,purchase,5.0,2025-12-11 08:17:00
58,89,purchase,3.0,2025-12-21 02:32:00
58,16,view,,2026-03-11 01:38:00
58,4,view,,2026-04-21 01:20:00
58,8,cart,,2026-05-29 16:36:00
58,11,cart,,2026-07-10 20:18:00
58,8,purchase,5.0,2026-07-23 15:09:00
58,8,purchase,4.0,2026-08-02 06:17:00
58,5,purchase,4.0,2026-08-03 04:17:00
58,82,view,,2026-08-08 18:10:00
58,88,purchase,5.0,2026-08-17 01:25:00
58,1,purchase,4.0,2026-09-13 19:52:00
58,12,purchase,4.0,2026-09-14 04:52:00
59,27,purchase,5.0,2025-01-16 14:45:00
59,8,cart,,2025-01-20 16:16:00
59,41,view,,2025-03-11 02:46:00
59,11,view,,2025-06-01 17:55:00
59,27,view,,2025-06-04 05:57:00
59,9,purchase,5.0,2025-06-12 12:23:00
59,29,view,,2025-06-17 16:14:00
59,16,cart,,2025-07-01 14:29:00
59,22,purchase,5.0,2025-07-07 07:45:00
59,30,purchase,3.0,2025-07-23 09:30:00
59,9,cart,,2025-07-27 11:26:00
59,32,view,,2025-10-23 00:59:00
59,55,purchase,3.0,2025-11-15 17:25:00
59,57,purchase,3.0,2025-11-16 04:25:00
59,58,purchase,3.0,2025-12-13 02:23:00
59,80,view,,2025-12-16 11:00:00
59,78,purchase,3.0,2025-12-17 15:43:00
59,20,view,,2026-01-29 01:55:00
59,14,view,,2026-02-15 23:53:00
59,20,purchase,5.0,2026-03-18 09:03:00
59,16,cart,,2026-04-29 00:22:00
59,47,view,,2026-06-04 15:48:00
59,33,purchase,5.0,2026-07-11 13:22:00
59,16,purchase,5.0,2026-08-21 15:22:00
59,30,purchase,4.0,2026-08-29 18:01:00
59,37,purchase,4.0,2026-09-25 11:24:00
60,57,purchase,5.0,2025-04-27 09:22:00
60,71,view,,2025-05-24 21:29:00
60,73,cart,,2025-06-06 14:34:00
60,59,view,,2025-07-20 01:40:00
60,71,view,,2025-09-09 17:44:00
60,70,view,,2025-09-10 13:47:00
60,57,purchase,5.0,2025-11-10 09:20:00
60,76,view,,2025-12-25 11:12:00
60,74,view,,2025-12-27 07:14:00
60,54,purchase,5.0,2026-03-16 14:44:00
60,55,purchase,4.0,2026-03-17 19:44:00
60,57,cart,,2026-05-01 13:36:00
60,30,purchase,3.0,2026-05-29 10:44:00
60,50,view,,2026-06-20 06:50:00
60,76,view,,2026-08-05 09:34:00
61,85,view,,2025-03-29 21:34:00
61,81,view,,2025-04-12 00:03:00
61,82,view,,2025-04-17 16:58:00
61,42,cart,,2025-06-10 07:10:00
61,47,purchase,3.0,2025-06-12 04:44:00
61,88,purchase,5.0,2025-07-16 13:19:00
61,82,purchase,4.0,2025-08-15 00:48:00
61,13,view,,2025-09-08 08:01:00
61,9,purchase,3.0,2025-09-19 13:15:00
61,89,view,,2025-09-30 06:31:00
61,84,cart,,2025-11-23 14:14:00
61,79,view,,2025-11-26 11:02:00
61,75,cart,,2025-11-26 19:11:00
61,26,view,,2025-12-21 04:21:00
61,13,purchase,3.0,2026-03-02 01:22:00
61,75,purchase,4.0,2026-04-17 12:42:00
61,64,cart,,2026-05-15 06:09:00
61,79,purchase,4.0,2026-05-30 16:57:00
61,82,view,,2026-06-21 02:14:00
61,82,purchase,5.0,2026-07-23 13:48:00
61,14,cart,,2026-08-11 23:45:00
62,64,view,,2025-01-14 14:37:00
62,56,view,,2025-01-19 01:17:00
62,73,purchase,5.0,2025-01-26 21:05:00
62,41,cart,,2025-01-29 22:56:00
62,10,purchase,3.0,2025-03-11 23:22:00
62,4,purchase,5.0,2025-03-13 04:22:00
62,72,purchase,4.0,2025-04-16 23:32:00
62,71,purchase,3.0,2025-04-28 22:17:00
62,53,view,,2025-05-09 17:44:00
62,56,view,,2025-05-13 01:21:00
62,56,purchase,5.0,2025-06-12 11:09:00
62,57,purchase,4.0,2025-06-13 04:09:00
62,47,view,,2025-06-29 05:53:00
62,44,view,,2025-07-03 05:16:00
62,55,cart,,2025-09-24 19:56:00
62,30,view,,2025-10-04 19:30:00
62,63,view,,2025-10-10 12:31:00
62,63,view,,2025-10-31 17:40:00
62,4,cart,,2025-11-29 03:06:00
62,25,view,,2025-12-22 05:19:00
62,89,purchase,4.0,2026-01-16 20:39:00
62,13,cart,,2026-03-06 10:49:00
62,64,purchase,5.0,2026-03-09 13:07:00
62,27,purchase,3.0,2026-03-18 11:06:00
62,84,view,,2026-04-25 04:51:00
62,76,purchase,4.0,2026-05-04 19:50:00
62,61,purchase,3.0,2026-05-23 18:11:00
62,47,cart,,2026-07-11 16:24:00
62,70,cart,,2026-07-30 08:28:00
62,32,cart,,2026-08-12 15:26:00
63,84,view,,2025-02-24 00:16:00
63,87,cart,,2025-05-13 03:44:00
63,40,view,,2025-06-05 23:40:00
63,54,purchase,4.0,2025-07-24 20:00:00
63,52,purchase,5.0,2025-07-25 00:00:00
63,64,view,,2025-08-07 05:20:00
63,55,cart,,2025-08-21 03:08:00
63,57,cart,,2025-10-28 19:33:00
63,87,purchase,5.0,2025-11-24 23:45:00
63,80,purchase,2.0,2025-12-25 04:02:00
63,54,view,,2026-01-03 15:56:00
63,78,view,,2026-01-14 06:48:00
63,53,view,,2026-02-23 17:51:00
63,59,view,,2026-03-01 10:02:00
63,64,purchase,4.0,2026-03-21 03:00:00
63,59,purchase,4.0,2026-03-30 07:47:00
63,37,cart,,2026-04-03 12:55:00
63,84,cart,,2026-04-15 19:09:00
63,79,view,,2026-05-17 00:30:00
63,82,cart,,2026-07-16 22:59:00
63,21,cart,,2026-08-05 15:35:00
63,86,purchase,3.0,2026-08-06 21:00:00
63,81,cart,,2026-08-13 22:19:00
64,89,purchase,3.0,2025-01-03 09:04:00
64,74,cart,,2025-03-13 01:32:00
64,85,view,,2025-04-01 08:56:00
64,74,purchase,4.0,2025-04-22 06:05:00
64,29,view,,2025-06-20 09:11:00
64,50,purchase,4.0,2025-07-20 05:31:00
64,86,view,,2025-08-12 03:35:00
64,72,view,,2025-08-29 23:38:00
64,29,purchase,3.0,2025-09-06 03:05:00
64,87,purchase,3.0,2025-09-22 16:56:00
64,85,view,,2025-10-26 17:13:00
64,73,cart,,2025-10-30 14:49:00
64,42,view,,2025-12-30 21:52:00
64,78,purchase,4.0,2026-01-13 00:07:00
64,38,purchase,3.0,2026-01-19 07:14:00
64,89,purchase,4.0,2026-02-13 04:25:00
64,6,view,,2026-04-18 13:50:00
64,65,view,,2026-05-19 15:15:00
64,33,cart,,2026-06-26 21:32:00
64,88,purchase,4.0,2026-07-02 09:06:00
65,15,cart,,2025-01-03 15:10:00
65,9,cart,,2025-06-12 03:38:00
65,58,purchase,3.0,2025-06-29 03:49:00
65,5,view,,2025-07-12 18:17:00
65,65,purchase,3.0,2025-08-28 16:09:00
65,15,view,,2025-10-15 19:28:00
65,8,cart,,2025-10-30 06:29:00
65,73,purchase,5.0,2026-01-15 23:56:00
65,74,view,,2026-02-23 06:32:00
65,1,purchase,4.0,2026-03-10 15:37:00
65,5,purchase,4.0,2026-03-10 17:37:00
65,3,cart,,2026-03-30 03:53:00
65,88,cart,,2026-08-21 22:02:00
66,60,purchase,4.0,2025-01-03 12:10:00
66,24,view,,2025-01-24 14:59:00
66,79,purchase,3.0,2025-01-26 22:29:00
66,58,purchase,5.0,2025-02-12 18:13:00
66,16,view,,2025-02-18 06:10:00
66,16,view,,2025-03-03 19:33:00
66,55,purchase,5.0,2025-03-23 11:47:00
66,42,view,,2025-04-21 19:49:00
66,39,view,,2025-05-01 04:10:00
66,39,purchase,5.0,2025-05-28 00:37:00
66,42,purchase,4.0,2025-05-29 05:37:00
66,39,purchase,4.0,2025-07-09 01:23:00
66,38,purchase,4.0,2025-07-09 20:23:00
66,38,view,,2025-08-06 23:46:00
66,82,view,,2025-08-21 01:55:00
66,42,view,,2025-11-01 22:32:00
66,72,purchase,3.0,2025-12-11 17:26:00
66,26,cart,,2025-12-23 03:30:00
66,61,purchase,4.0,2026-01-20 20:44:00
66,53,view,,2026-02-24 03:27:00
66,49,view,,2026-03-05 03:26:00
66,61,view,,2026-03-08 13:48:00
66,40,cart,,2026-03-21 06:55:00
66,13,cart,,2026-03-29 06:58:00
66,48,view,,2026-04-16 04:40:00
66,38,view,,2026-05-27 14:35:00
66,58,cart,,2026-07-07 00:38:00
66,79,purchase,4.0,2026-09-20 05:52:00
66,55,purchase,4.0,2026-09-21 13:16:00
66,57,purchase,4.0,2026-09-21 17:16:00
67,79,view,,2025-01-20 17:29:00
67,10,purchase,5.0,2025-01-25 13:53:00
67,1,purchase,4.0,2025-01-26 06:53:00
67,3,purchase,5.0,2025-02-27 13:05:00
67,8,purchase,4.0,2025-02-28 06:05:00
67,42,view,,2025-03-26 11:47:00
67,3,view,,2025-03-29 05:42:00
67,1,purchase,4.0,2025-05-02 11:41:00
67,2,purchase,5.0,2025-05-03 20:41:00
67,59,cart,,2025-08-13 00:14:00
67,70,view,,2025-09-26 23:11:00
67,1,view,,2025-10-04 08:52:00
67,11,view,,2025-10-22 18:09:00
67,21,cart,,2026-01-31 22:57:00
67,21,view,,2026-02-05 11:55:00
67,61,view,,2026-02-11 20:41:00
67,3,purchase,4.0,2026-04-04 11:30:00
67,7,purchase,4.0,2026-04-04 23:30:00
67,1,view,,2026-06-19 03:10:00
68,75,purchase,4.0,2025-03-21 14:04:00
68,73,purchase,4.0,2025-04-21 16:39:00
68,50,purchase,4.0,2025-04-24 07:54:00
68,40,view,,2025-06-25 15:32:00
68,50,cart,,2025-07-10 09:33:00
68,57,cart,,2025-07-20 03:14:00
68,27,purchase,4.0,2025-07-22 08:55:00
68,72,purchase,3.0,2025-07-30 10:35:00
68,70,cart,,2025-08-09 00:03:00
68,47,view,,2025-08-15 21:25:00
68,49,view,,2025-11-03 12:40:00
68,45,view,,2025-12-24 00:52:00
68,49,cart,,2025-12-26 20:31:00
68,40,view,,2025-12-26 20:49:00
68,74,cart,,2026-01-08 00:17:00
68,50,view,,2026-01-15 03:54:00
68,30,cart,,2026-03-01 08:43:00
68,73,purchase,3.0,2026-03-08 12:10:00
68,48,cart,,2026-03-16 17:25:00
68,18,cart,,2026-07-04 10:11:00
68,42,view,,2026-07-05 14:40:00
68,48,view,,2026-08-19 00:14:00
69,86,purchase,5.0,2025-01-14 13:25:00
69,61,purchase,3.0,2025-01-24 15:21:00
69,50,view,,2025-04-05 00:01:00
69,88,purchase,4.0,2025-06-17 00:43:00
69,72,purchase,2.0,2025-07-29 00:50:00
69,87,purchase,3.0,2025-08-03 03:48:00
69,76,purchase,5.0,2026-03-09 23:46:00
69,79,purchase,4.0,2026-03-17 15:13:00
69,71,cart,,2026-03-22 18:46:00
69,85,cart,,2026-04-27 07:05:00
69,83,purchase,5.0,2026-06-02 22:30:00
69,85,view,,2026-06-08 04:46:00
69,80,view,,2026-07-14 21:39:00
69,82,purchase,5.0,2026-08-21 00:44:00
70,63,cart,,2025-02-14 19:26:00
70,1,cart,,2025-03-21 18:22:00
70,56,cart,,2025-04-20 12:40:00
70,56,view,,2025-06-05 12:30:00
70,15,purchase,3.0,2025-10-11 14:38:00
70,11,view,,2025-11-27 20:50:00
70,52,purchase,5.0,2025-12-13 20:12:00
70,64,cart,,2026-01-19 02:37:00
70,54,view,,2026-01-24 14:17:00
70,61,purchase,4.0,2026-03-27 09:08:00
70,43,purchase,3.0,2026-04-27 19:11:00
70,39,purchase,5.0,2026-04-29 06:11:00
70,64,purchase,5.0,2026-06-25 12:08:00
70,59,view,,2026-07-23 23:47:00
70,21,cart,,2026-08-07 10:22:00
70,32,cart,,2026-08-09 16:17:00
70,57,view,,2026-09-03 02:36:00
70,59,purchase,4.0,2026-09-11 22:22:00
70,68,purchase,4.0,2026-09-22 03:41:00
71,60,view,,2025-01-29 06:20:00
71,50,purchase,3.0,2025-02-25 03:07:00
71,45,view,,2025-06-02 00:06:00
71,42,purchase,4.0,2025-06-16 12:01:00
71,39,purchase,4.0,2025-06-17 03:01:00
71,48,purchase,3.0,2025-07-02 23:40:00
71,38,view,,2025-07-18 05:16:00
71,82,purchase,3.0,2025-10-07 10:33:00
71,10,cart,,2025-10-27 22:27:00
71,72,cart,,2025-10-30 18:32:00
71,7,cart,,2025-12-28 00:05:00
71,8,purchase,3.0,2026-03-10 12:00:00
71,10,purchase,5.0,2026-03-11 15:00:00
71,38,view,,2026-04-19 03:26:00
71,38,view,,2026-05-29 05:55:00
71,18,view,,2026-07-08 05:54:00
71,46,cart,,2026-07-17 14:41:00
71,39,purchase,5.0,2026-08-29 04:46:00
71,40,purchase,4.0,2026-08-29 16:46:00
71,22,view,,2026-09-28 06:02:00
72,9,view,,2025-01-01 04:25:00
72,57,cart,,2025-01-24 18:15:00
72,61,cart,,2025-02-03 02:16:00
72,26,view,,2025-02-09 14:16:00
72,65,purchase,4.0,2025-02-27 08:21:00
72,87,purchase,4.0,2025-04-19 08:53:00
72,70,purchase,3.0,2025-06-27 22:51:00
72,61,purchase,3.0,2025-07-08 14:32:00
72,73,purchase,3.0,2025-07-09 14:45:00
72,67,purchase,3.0,2025-07-25 08:24:00
72,59,cart,,2025-08-09 09:09:00
72,86,view,,2025-08-26 16:27:00
72,71,purchase,5.0,2025-09-29 00:56:00
72,33,purchase,4.0,2025-11-07 05:41:00
72,71,view,,2025-12-31 14:24:00
72,74,view,,2026-04-09 14:57:00
72,35,view,,2026-04-16 02:12:00
72,57,purchase,4.0,2026-04-16 18:54:00
72,54,purchase,4.0,2026-04-17 04:54:00
72,76,view,,2026-05-15 13:01:00
72,87,view,,2026-05-19 05:42:00
72,19,view,,2026-07-13 18:02:00
72,12,purchase,3.0,2026-07-14 23:46:00
72,4,purchase,4.0,2026-07-15 22:46:00
72,84,purchase,3.0,2026-08-12 10:09:00
72,59,cart,,2026-08-13 06:48:00
72,72,cart,,2026-09-24 07:11:00
73,2,view,,2025-01-06 02:24:00
73,44,purchase,4.0,2025-01-09 13:29:00
73,40,view,,2025-01-15 02:51:00
73,22,view,,2025-03-23 15:40:00
73,18,view,,2025-04-08 13:03:00
73,18,view,,2025-05-05 15:34:00
73,40,purchase,5.0,2025-05-22 11:47:00
73,38,purchase,4.0,2025-05-23 07:47:00
73,40,view,,2025-07-26 18:40:00
73,16,purchase,5.0,2025-08-11 15:28:00
73,42,view,,2025-12-01 09:58:00
73,25,view,,2025-12-03 00:22:00
73,22,cart,,2026-01-31 06:33:00
73,48,view,,2026-03-14 03:09:00
73,40,purchase,5.0,2026-03-15 00:22:00
73,41,view,,2026-03-21 06:33:00
73,15,cart,,2026-06-11 04:57:00
73,20,view,,2026-08-14 01:50:00
73,43,view,,2026-08-15 07:29:00
73,49,purchase,3.0,2026-09-04 12:09:00
74,53,view,,2025-01-04 04:57:00
74,79,purchase,5.0,2025-01-06 00:02:00
74,63,view,,2025-03-13 03:44:00
74,54,view,,2025-03-18 22:52:00
74,34,view,,2025-03-31 03:26:00
74,83,purchase,4.0,2025-04-15 00:28:00
74,83,purchase,4.0,2025-04-16 19:35:00
74,57,purchase,3.0,2025-05-10 10:02:00
74,52,purchase,4.0,2025-05-10 21:02:00
74,58,purchase,4.0,2025-05-21 08:34:00
74,86,view,,2025-06-13 17:13:00
74,88,view,,2025-06-27 12:33:00
74,69,purchase,3.0,2025-07-26 21:57:00
74,88,purchase,5.0,2025-08-07 11:13:00
74,10,cart,,2025-08-25 17:06:00
74,52,purchase,5.0,2025-09-20 21:05:00
74,56,purchase,4.0,2025-09-21 04:05:00
74,63,view,,2025-10-25 11:07:00
74,86,view,,2025-12-20 06:49:00
74,24,cart,,2025-12-26 23:23:00
74,61,purchase,4.0,2026-01-06 05:26:00
74,19,purchase,3.0,2026-01-31 00:56:00
74,26,view,,2026-02-13 13:52:00
74,52,view,,2026-03-03 23:41:00
74,82,view,,2026-06-05 02:04:00
74,58,view,,2026-06-21 20:23:00
74,63,view,,2026-08-28 19:55:00
74,55,view,,2026-09-29 22:17:00
75,45,cart,,2025-01-06 03:13:00
75,70,view,,2025-02-03 11:12:00
75,60,view,,2025-02-04 01:31:00
75,38,cart,,2025-02-15 23:46:00
75,38,cart,,2025-02-18 11:18:00
75,78,cart,,2025-02-25 23:54:00
75,43,view,,2025-03-30 21:09:00
75,70,view,,2025-05-06 23:30:00
75,36,view,,2025-05-09 13:01:00
75,86,purchase,5.0,2025-05-14 10:09:00
75,57,purchase,3.0,2025-05-20 17:16:00
75,55,purchase,4.0,2025-05-21 01:16:00
75,19,view,,2025-05-21 01:56:00
75,39,purchase,5.0,2025-05-30 20:09:00
75,41,purchase,4.0,2025-05-31 21:09:00
75,87,cart,,2025-08-25 07:45:00
75,41,view,,2025-08-26 00:10:00
75,41,purchase,4.0,2025-10-04 05:42:00
75,38,purchase,4.0,2025-10-05 04:42:00
75,84,view,,2025-10-08 05:48:00
75,87,view,,2025-11-11 00:20:00
75,85,purchase,3.0,2026-01-04 16:02:00
75,78,view,,2026-01-06 02:17:00
75,85,view,,2026-01-15 20:19:00
75,80,cart,,2026-02-03 10:52:00
75,8,view,,2026-02-20 08:09:00
75,46,purchase,5.0,2026-02-20 17:14:00
75,55,cart,,2026-03-14 03:10:00
75,48,view,,2026-08-03 04:19:00
75,39,cart,,2026-09-09 15:30:00
76,24,purchase,3.0,2025-01-15 16:28:00
76,37,view,,2025-02-16 12:18:00
76,32,cart,,2025-03-06 21:43:00
76,28,purchase,5.0,2025-04-05 10:33:00
76,19,cart,,2025-04-07 07:04:00
76,29,purchase,5.0,2025-04-08 14:08:00
76,35,purchase,5.0,2025-04-24 15:48:00
76,29,view,,2025-04-29 10:32:00
76,29,purchase,5.0,2025-05-08 13:26:00
76,20,cart,,2025-05-17 11:18:00
76,19,cart,,2025-05-20 07:20:00
76,3,purchase,3.0,2025-07-25 07:31:00
76,7,purchase,5.0,2025-07-26 02:31:00
76,28,cart,,2025-08-01 21:46:00
76,65,view,,2025-10-06 16:12:00
76,24,view,,2025-11-01 02:17:00
76,30,view,,2026-01-02 23:05:00
76,60,view,,2026-01-12 17:05:00
76,34,view,,2026-01-29 01:12:00
76,2,view,,2026-02-01 17:28:00
76,29,purchase,4.0,2026-03-04 14:09:00
76,87,view,,2026-04-20 21:58:00
76,37,purchase,5.0,2026-05-03 11:44:00
76,33,purchase,5.0,2026-06-17 12:26:00
77,4,view,,2025-02-14 02:32:00
77,45,view,,2025-02-14 20:20:00
77,25,view,,2025-02-21 02:14:00
77,61,cart,,2025-03-04 14:44:00
77,40,view,,2025-03-07 00:41:00
77,85,view,,2025-03-08 17:54:00
77,48,cart,,2025-03-16 21:58:00
77,29,view,,2025-03-27 18:01:00
77,58,purchase,3.0,2025-04-17 05:32:00
77,52,purchase,4.0,2025-04-22 04:33:00
77,57,purchase,4.0,2025-04-22 15:33:00
77,29,cart,,2025-05-11 16:20:00
77,25,view,,2025-05-31 01:28:00
77,41,cart,,2025-06-28 12:54:00
77,5,purchase,4.0,2025-09-20 10:46:00
77,65,view,,2025-11-11 17:52:00
77,50,purchase,5.0,2025-11-27 04:51:00
77,50,purchase,4.0,2025-12-18 18:17:00
77,60,view,,2026-01-22 16:46:00
77,12,view,,2026-02-20 05:43:00
77,56,view,,2026-03-05 08:33:00
77,45,view,,2026-03-11 01:35:00
77,35,cart,,2026-04-06 10:47:00
77,69,view,,2026-05-29 02:43:00
77,66,view,,2026-05-29 06:15:00
77,88,cart,,2026-06-17 13:26:00
77,14,view,,2026-07-18 13:37:00
77,44,purchase,4.0,2026-07-25 02:03:00
77,44,purchase,4.0,2026-07-29 04:27:00
77,48,purchase,3.0,2026-08-06 01:58:00
77,27,cart,,2026-08-16 16:17:00
77,82,purchase,4.0,2026-08-27 08:06:00
77,30,cart,,2026-09-24 01:42:00
77,42,purchase,4.0,2026-09-26 04:35:00
77,38,purchase,5.0,2026-09-27 12:35:00
78,6,cart,,2025-01-12 21:00:00
78,60,purchase,3.0,2025-02-07 11:22:00
78,42,cart,,2025-02-13 00:38:00
78,2,cart,,2025-03-06 20:09:00
78,63,purchase,5.0,2025-05-27 16:17:00
78,33,cart,,2025-07-25 01:41:00
78,47,purchase,3.0,2025-07-25 06:12:00
78,29,cart,,2025-08-29 00:26:00
78,22,view,,2025-12-17 22:55:00
78,6,cart,,2026-02-17 00:35:00
78,32,view,,2026-04-18 19:06:00
78,58,view,,2026-06-20 12:16:00
78,65,view,,2026-07-22 13:59:00
78,41,view,,2026-08-10 19:28:00
78,10,purchase,5.0,2026-08-22 21:28:00
78,52,view,,2026-08-23 03:03:00
78,7,purchase,5.0,2026-08-23 03:28:00
79,64,view,,2025-04-11 18:41:00
79,33,view,,2025-04-25 17:55:00
79,58,view,,2025-08-01 12:13:00
79,28,purchase,5.0,2025-08-17 00:27:00
79,1,cart,,2025-10-07 14:19:00
79,28,cart,,2025-10-09 06:33:00
79,40,view,,2025-12-15 18:33:00
79,26,view,,2026-01-26 11:14:00
79,29,view,,2026-03-10 21:43:00
79,32,purchase,4.0,2026-04-27 14:17:00
79,37,purchase,5.0,2026-05-11 13:12:00
79,30,view,,2026-05-24 22:03:00
79,10,view,,2026-06-25 11:24:00
80,75,purchase,4.0,2025-01-13 14:30:00
80,65,purchase,5.0,2025-03-10 00:00:00
80,68,purchase,5.0,2025-03-11 00:00:00
80,84,view,,2025-03-25 15:40:00
80,28,view,,2025-07-01 21:34:00
80,70,cart,,2025-08-31 15:51:00
80,76,view,,2025-10-19 07:54:00
80,71,view,,2025-11-08 12:40:00
80,63,purchase,4.0,2025-11-11 05:39:00
80,75,purchase,5.0,2025-12-20 08:01:00
80,74,view,,2025-12-29 16:19:00
80,75,view,,2026-03-12 03:34:00
80,73,view,,2026-04-13 16:07:00
80,52,purchase,4.0,2026-06-21 14:01:00
80,21,view,,2026-07-31 07:24:00
80,54,purchase,3.0,2026-09-13 01:04:00
81,34,cart,,2025-01-06 14:48:00
81,65,purchase,5.0,2025-03-11 00:00:00
81,68,purchase,5.0,2025-03-12 00:00:00
81,52,cart,,2025-03-14 18:18:00
81,15,view,,2025-03-19 23:31:00
81,2,purchase,3.0,2025-03-21 05:53:00
81,9,purchase,3.0,2025-03-21 13:53:00
81,54,view,,2025-03-25 17:36:00
81,4,cart,,2025-04-30 02:02:00
81,53,view,,2025-05-26 13:02:00
81,58,purchase,3.0,2025-07-10 09:55:00
81,57,cart,,2025-07-11 23:00:00
81,14,cart,,2025-07-24 18:33:00
81,52,cart,,2025-09-03 22:15:00
81,22,cart,,2025-09-11 20:24:00
81,64,view,,2025-09-20 09:51:00
81,15,cart,,2025-10-02 17:36:00
81,58,view,,2025-10-20 00:43:00
81,20,view,,2025-10-21 13:23:00
81,53,purchase,5.0,2025-11-25 01:08:00
81,54,purchase,4.0,2025-11-25 04:08:00
81,73,purchase,3.0,2026-01-11 17:22:00
81,36,cart,,2026-01-12 23:12:00
81,12,purchase,4.0,2026-02-16 16:21:00
81,7,purchase,4.0,2026-02-17 08:21:00
81,67,purchase,3.0,2026-04-24 20:09:00
81,14,cart,,2026-04-27 05:37:00
81,5,purchase,5.0,2026-05-11 23:51:00
81,8,purchase,4.0,2026-05-13 04:51:00
81,12,view,,2026-05-22 13:13:00
81,45,purchase,4.0,2026-07-02 16:11:00
81,81,purchase,3.0,2026-07-02 18:29:00
81,53,cart,,2026-07-05 15:21:00
81,10,view,,2026-07-13 07:36:00
81,12,cart,,2026-09-13 14:40:00
82,78,purchase,5.0,2025-01-01 11:22:00
82,30,view,,2025-01-11 10:24:00
82,89,cart,,2025-02-12 00:56:00
82,75,view,,2025-03-20 08:23:00
82,81,purchase,5.0,2025-04-20 06:33:00
82,75,view,,2025-04-23 13:42:00
82,85,view,,2025-05-08 23:52:00
82,86,view,,2025-05-21 16:35:00
82,65,purchase,5.0,2025-08-01 00:00:00
82,68,purchase,5.0,2025-08-02 00:00:00
82,36,view,,2025-08-05 22:02:00
82,9,view,,2025-12-15 04:36:00
82,80,view,,2026-03-16 05:09:00
82,27,view,,2026-06-28 18:01:00
82,11,purchase,4.0,2026-09-17 07:26:00
83,71,purchase,4.0,2025-01-04 17:26:00
83,65,purchase,5.0,2025-05-18 00:00:00
83,68,purchase,5.0,2025-05-19 00:00:00
83,28,view,,2025-06-05 19:04:00
83,28,view,,2025-06-28 20:30:00
83,32,view,,2025-07-01 10:18:00
83,33,cart,,2025-09-26 09:35:00
83,56,purchase,4.0,2025-09-28 09:11:00
83,54,purchase,4.0,2025-09-28 12:11:00
83,22,purchase,3.0,2025-10-16 16:02:00
83,56,view,,2025-10-28 10:04:00
83,55,view,,2026-04-10 04:02:00
83,33,cart,,2026-04-10 09:36:00
83,32,cart,,2026-05-08 11:29:00
83,27,purchase,5.0,2026-06-30 05:41:00
84,34,cart,,2025-01-12 04:40:00
84,44,purchase,3.0,2025-01-19 11:34:00
84,16,view,,2025-01-24 19:33:00
84,3,cart,,2025-02-15 22:10:00
84,8,cart,,2025-03-12 05:05:00
84,88,purchase,4.0,2025-05-06 13:04:00
84,71,view,,2025-05-14 11:23:00
84,40,view,,2025-05-24 09:57:00
84,22,cart,,2025-05-24 15:11:00
84,9,cart,,2025-06-08 23:44:00
84,65,purchase,5.0,2025-06-25 00:00:00
84,68,purchase,5.0,2025-06-26 00:00:00
84,6,view,,2025-07-02 09:43:00
84,18,purchase,4.0,2025-08-20 01:33:00
84,6,purchase,4.0,2025-08-20 03:33:00
84,69,purchase,3.0,2025-08-21 21:58:00
84,13,purchase,4.0,2025-09-09 22:22:00
84,15,purchase,3.0,2025-10-10 07:44:00
84,7,purchase,4.0,2025-10-17 12:02:00
84,9,purchase,3.0,2025-12-01 20:42:00
84,11,purchase,4.0,2025-12-02 03:42:00
84,63,purchase,3.0,2025-12-04 12:05:00
84,39,cart,,2025-12-18 11:32:00
84,71,view,,2026-01-07 22:07:00
84,1,view,,2026-01-11 19:53:00
84,6,purchase,5.0,2026-01-29 12:10:00
84,3,purchase,4.0,2026-01-30 02:10:00
84,4,cart,,2026-05-12 03:52:00
84,58,view,,2026-07-08 10:31:00
84,50,cart,,2026-08-08 16:14:00
84,3,purchase,5.0,2026-08-10 06:32:00
84,5,purchase,4.0,2026-08-10 16:32:00
85,48,view,,2025-03-15 08:43:00
85,48,purchase,5.0,2025-05-11 14:21:00
85,40,view,,2025-05-22 03:35:00
85,65,purchase,3.0,2025-06-01 22:13:00
85,68,purchase,4.0,2025-06-02 23:13:00
85,40,view,,2025-06-04 14:19:00
85,48,view,,2025-06-05 18:14:00
85,81,view,,2025-07-05 14:27:00
85,59,purchase,4.0,2025-07-06 08:31:00
85,65,purchase,5.0,2025-07-12 00:00:00
85,68,purchase,5.0,2025-07-13 00:00:00
85,47,view,,2025-07-24 08:10:00
85,38,view,,2025-08-11 16:49:00
85,65,cart,,2025-09-04 20:38:00
85,38,purchase,3.0,2025-09-11 03:03:00
85,54,cart,,2025-10-04 20:17:00
85,54,view,,2025-10-09 19:55:00
85,43,purchase,5.0,2025-11-27 02:37:00
85,9,purchase,3.0,2025-11-29 02:35:00
85,54,purchase,5.0,2025-12-04 16:40:00
85,53,purchase,3.0,2025-12-05 18:40:00
85,89,view,,2025-12-20 20:13:00
85,40,cart,,2026-01-02 09:27:00
85,44,cart,,2026-01-08 15:22:00
85,34,cart,,2026-01-18 23:59:00
85,40,view,,2026-02-09 07:44:00
85,44,view,,2026-02-26 05:24:00
85,5,purchase,3.0,2026-03-10 23:47:00
85,10,purchase,3.0,2026-03-12 06:47:00
85,43,cart,,2026-03-20 06:43:00
85,61,purchase,3.0,2026-03-28 11:20:00
85,41,view,,2026-05-21 10:36:00
85,46,view,,2026-07-21 12:33:00
85,57,view,,2026-08-03 06:26:00
85,75,view,,2026-08-08 16:17:00
86,21,purchase,5.0,2025-04-17 01:03:00
86,67,purchase,3.0,2025-04-18 15:41:00
86,65,purchase,5.0,2025-05-03 00:00:00
86,68,purchase,5.0,2025-05-04 00:00:00
86,43,purchase,4.0,2025-05-19 10:33:00
86,39,purchase,4.0,2025-05-19 14:33:00
86,63,view,,2025-05-23 15:41:00
86,38,cart,,2025-06-16 18:34:00
86,69,view,,2025-07-22 16:29:00
86,66,cart,,2025-08-04 15:37:00
86,8,view,,2025-08-13 20:10:00
86,19,view,,2025-08-15 16:50:00
86,90,view,,2025-10-28 19:31:00
86,60,view,,2025-11-28 09:40:00
86,89,view,,2025-12-27 04:52:00
86,22,cart,,2026-01-15 05:38:00
86,61,view,,2026-01-27 14:41:00
86,48,purchase,4.0,2026-02-11 12:45:00
86,8,view,,2026-02-26 01:51:00
86,15,view,,2026-02-27 04:54:00
86,67,purchase,4.0,2026-05-04 23:13:00
86,14,cart,,2026-08-08 17:25:00
86,17,purchase,2.0,2026-08-21 18:07:00
86,9,cart,,2026-09-04 04:43:00
86,14,cart,,2026-09-27 01:32:00
87,54,purchase,4.0,2025-02-21 09:53:00
87,56,purchase,4.0,2025-02-21 10:53:00
87,59,cart,,2025-07-05 00:25:00
87,65,purchase,5.0,2025-08-13 00:00:00
87,68,purchase,5.0,2025-08-14 00:00:00
87,12,purchase,5.0,2025-09-21 18:12:00
87,10,purchase,4.0,2025-09-22 21:12:00
87,5,purchase,4.0,2025-09-23 20:02:00
87,6,purchase,4.0,2025-09-24 14:02:00
87,12,purchase,5.0,2025-11-26 08:14:00
87,8,purchase,4.0,2025-11-27 00:14:00
87,66,cart,,2026-04-23 10:49:00
87,8,view,,2026-05-15 08:44:00
87,28,purchase,3.0,2026-06-05 02:48:00
87,3,view,,2026-06-13 23:52:00
87,59,purchase,4.0,2026-07-01 00:32:00
87,76,view,,2026-08-18 13:20:00
87,62,purchase,5.0,2026-08-21 00:21:00
87,13,cart,,2026-09-21 16:32:00
88,2,view,,2025-01-03 07:23:00
88,1,purchase,4.0,2025-02-19 17:36:00
88,4,purchase,4.0,2025-02-20 02:36:00
88,65,purchase,5.0,2025-02-26 00:00:00
88,68,purchase,5.0,2025-02-27 00:00:00
88,2,cart,,2025-03-22 12:01:00
88,21,purchase,5.0,2025-07-12 08:47:00
88,29,view,,2025-07-16 07:08:00
88,29,purchase,3.0,2025-07-26 17:54:00
88,10,purchase,5.0,2025-09-22 05:59:00
88,9,purchase,4.0,2025-09-22 16:59:00
88,5,view,,2025-09-25 02:58:00
88,2,cart,,2025-10-17 21:09:00
88,2,cart,,2025-11-06 07:57:00
88,74,purchase,3.0,2025-11-16 15:23:00
88,15,view,,2025-12-02 17:11:00
88,11,view,,2026-01-11 20:07:00
88,4,cart,,2026-01-26 15:00:00
88,4,purchase,5.0,2026-02-18 16:59:00
88,7,purchase,4.0,2026-02-18 20:59:00
88,43,purchase,3.0,2026-07-07 20:05:00
88,27,view,,2026-08-22 22:38:00
88,3,purchase,5.0,2026-09-16 01:07:00
88,5,purchase,4.0,2026-09-17 09:07:00
88,15,purchase,3.0,2026-09-24 17:50:00
89,89,view,,2025-01-26 09:37:00
89,85,purchase,4.0,2025-02-09 03:43:00
89,84,cart,,2025-05-04 20:59:00
89,89,view,,2025-06-14 21:15:00
89,47,view,,2025-07-30 20:02:00
89,85,cart,,2025-08-13 08:50:00
89,76,view,,2025-09-06 06:09:00
89,71,purchase,3.0,2025-09-27 01:11:00
89,75,cart,,2025-09-29 17:33:00
89,41,view,,2025-10-11 07:52:00
89,74,purchase,3.0,2025-11-28 21:24:00
89,3,purchase,3.0,2026-01-08 20:52:00
89,57,view,,2026-01-09 03:04:00
89,18,purchase,4.0,2026-01-09 06:52:00
89,80,view,,2026-01-19 22:00:00
89,65,purchase,5.0,2026-02-02 00:00:00
89,68,purchase,5.0,2026-02-03 00:00:00
89,75,view,,2026-02-19 03:22:00
89,90,view,,2026-02-22 11:46:00
89,54,view,,2026-04-24 11:22:00
89,78,cart,,2026-05-28 22:57:00
89,36,view,,2026-06-10 15:46:00
89,82,purchase,4.0,2026-07-12 21:00:00
89,85,cart,,2026-09-23 14:17:00
89,24,view,,2026-09-28 19:48:00
90,60,view,,2025-01-27 18:01:00
90,33,purchase,3.0,2025-02-14 17:58:00
90,21,purchase,4.0,2025-05-31 03:03:00
90,38,purchase,4.0,2025-06-26 15:59:00
90,43,purchase,5.0,2025-06-27 12:59:00
90,70,cart,,2025-07-09 18:19:00
90,72,view,,2025-08-05 04:53:00
90,74,view,,2025-08-29 11:26:00
90,65,purchase,5.0,2025-12-26 00:00:00
90,68,purchase,5.0,2025-12-27 00:00:00
90,71,cart,,2026-01-07 21:55:00
90,26,cart,,2026-01-27 09:57:00
90,37,purchase,4.0,2026-03-21 12:43:00
90,28,purchase,3.0,2026-03-21 18:04:00
90,39,view,,2026-03-28 15:47:00
90,35,cart,,2026-04-06 15:02:00
90,71,view,,2026-06-13 15:37:00
90,36,view,,2026-06-25 18:42:00
90,58,purchase,3.0,2026-07-08 21:42:00
90,28,cart,,2026-07-12 07:05:00
91,19,purchase,4.0,2025-01-20 18:20:00
91,60,view,,2025-01-29 18:51:00
91,58,view,,2025-03-23 00:40:00
91,71,view,,2025-04-05 00:08:00
91,65,purchase,5.0,2025-04-27 00:00:00
91,68,purchase,5.0,2025-04-28 00:00:00
91,7,purchase,4.0,2025-07-10 22:08:00
91,14,purchase,4.0,2025-08-01 22:22:00
91,22,view,,2025-08-14 03:10:00
91,27,cart,,2025-09-03 15:30:00
91,69,cart,,2025-10-18 22:10:00
91,48,view,,2025-10-26 22:48:00
91,3,cart,,2025-11-08 07:06:00
91,4,cart,,2026-03-23 19:37:00
91,57,cart,,2026-04-09 15:30:00
91,21,view,,2026-09-04 22:16:00
91,43,view,,2026-09-19 03:31:00
91,72,view,,2026-09-29 14:25:00
92,25,view,,2025-01-01 21:12:00
92,56,view,,2025-01-17 06:14:00
92,83,view,,2025-01-20 21:54:00
92,7,view,,2025-02-26 18:35:00
92,65,purchase,5.0,2025-04-26 00:00:00
92,68,purchase,5.0,2025-04-27 00:00:00
92,27,cart,,2025-08-12 21:07:00
92,46,purchase,3.0,2025-08-22 19:40:00
92,36,purchase,4.0,2025-09-09 03:26:00
92,41,cart,,2025-10-15 15:01:00
92,24,cart,,2025-12-01 09:53:00
92,25,view,,2026-01-01 15:05:00
92,41,cart,,2026-02-24 17:54:00
92,37,cart,,2026-04-29 12:01:00
92,79,view,,2026-08-18 07:30:00
92,27,purchase,3.0,2026-09-29 21:59:00
93,13,purchase,4.0,2025-01-01 14:23:00
93,30,cart,,2025-01-10 00:59:00
93,90,view,,2025-02-28 13:12:00
93,65,purchase,5.0,2025-03-15 00:00:00
93,68,purchase,5.0,2025-03-16 00:00:00
93,5,view,,2025-05-20 13:52:00
93,88,view,,2025-07-09 06:57:00
93,82,view,,2025-08-24 01:18:00
93,14,cart,,2025-08-28 23:19:00
93,1,purchase,4.0,2025-09-21 17:01:00
93,3,purchase,4.0,2025-09-23 04:01:00
93,85,purchase,5.0,2025-10-04 14:55:00
93,14,purchase,3.0,2025-10-16 18:24:00
93,41,view,,2025-11-02 16:06:00
93,72,purchase,4.0,2025-12-17 03:13:00
93,78,view,,2026-01-17 10:54:00
93,78,purchase,5.0,2026-01-22 21:19:00
93,78,purchase,5.0,2026-02-27 06:54:00
93,86,purchase,3.0,2026-04-19 23:19:00
93,3,purchase,4.0,2026-04-25 01:32:00
93,7,purchase,4.0,2026-04-26 02:32:00
93,82,cart,,2026-06-19 07:56:00
93,21,purchase,3.0,2026-09-05 08:24:00
94,65,view,,2025-01-07 17:24:00
94,84,purchase,4.0,2025-02-07 04:18:00
94,4,cart,,2025-02-21 23:21:00
94,65,purchase,5.0,2025-05-05 00:00:00
94,68,purchase,5.0,2025-05-06 00:00:00
94,85,purchase,3.0,2025-06-01 10:05:00
94,14,view,,2025-07-13 03:36:00
94,87,cart,,2025-08-06 01:42:00
94,65,view,,2025-09-26 20:34:00
94,2,cart,,2026-01-23 02:43:00
94,11,cart,,2026-01-27 10:03:00
94,89,purchase,3.0,2026-01-29 16:02:00
94,88,view,,2026-02-13 12:18:00
94,21,purchase,5.0,2026-04-14 06:18:00
94,21,purchase,5.0,2026-05-05 02:35:00
94,19,view,,2026-07-14 17:04:00
94,59,cart,,2026-08-14 11:46:00
95,90,view,,2025-01-04 23:01:00
95,24,cart,,2025-01-29 18:12:00
95,19,purchase,3.0,2025-02-04 15:57:00
95,56,view,,2025-02-10 12:52:00
95,72,view,,2025-02-24 02:08:00
95,32,purchase,5.0,2025-03-03 09:56:00
95,26,purchase,4.0,2025-03-08 19:23:00
95,70,view,,2025-03-09 21:41:00
95,56,purchase,3.0,2025-03-20 10:43:00
95,54,purchase,4.0,2025-03-20 13:43:00
95,76,purchase,3.0,2025-04-16 20:08:00
95,35,purchase,4.0,2025-04-22 18:38:00
95,55,view,,2025-06-03 01:22:00
95,43,view,,2025-06-10 14:53:00
95,14,view,,2025-07-05 14:47:00
95,72,purchase,3.0,2025-08-09 13:01:00
95,65,purchase,5.0,2025-11-07 00:00:00
95,68,purchase,5.0,2025-11-08 00:00:00
95,34,view,,2025-12-07 18:32:00
95,55,view,,2025-12-12 21:20:00
95,61,purchase,4.0,2025-12-14 13:12:00
95,45,view,,2026-01-08 07:41:00
95,10,purchase,2.0,2026-01-12 23:35:00
95,5,purchase,5.0,2026-01-14 10:35:00
95,38,cart,,2026-03-01 23:07:00
95,57,purchase,3.0,2026-04-23 16:27:00
95,55,purchase,4.0,2026-04-24 21:27:00
95,27,view,,2026-06-09 15:22:00
95,58,purchase,5.0,2026-06-16 02:29:00
95,57,view,,2026-06-29 09:38:00
95,34,purchase,5.0,2026-06-30 04:45:00
95,47,purchase,3.0,2026-07-23 12:21:00
95,16,purchase,3.0,2026-07-28 19:49:00
96,32,view,,2025-03-15 08:15:00
96,65,purchase,5.0,2025-03-16 00:00:00
96,68,purchase,5.0,2025-03-17 00:00:00
96,46,purchase,3.0,2025-04-11 12:36:00
96,29,view,,2025-04-21 12:25:00
96,83,purchase,3.0,2025-05-09 19:00:00
96,30,view,,2025-06-08 09:22:00
96,83,purchase,4.0,2025-06-08 16:06:00
96,30,cart,,2025-07-11 21:12:00
96,81,purchase,5.0,2025-07-12 07:09:00
96,84,cart,,2025-07-20 19:45:00
96,28,cart,,2025-08-01 07:59:00
96,27,view,,2025-08-12 08:01:00
96,28,purchase,4.0,2025-08-22 15:40:00
96,74,view,,2025-09-19 14:55:00
96,32,view,,2025-09-24 13:11:00
96,83,purchase,3.0,2025-10-16 05:32:00
96,30,view,,2025-10-29 02:18:00
96,84,view,,2025-11-02 21:48:00
96,87,purchase,4.0,2025-11-13 20:58:00
96,4,cart,,2025-11-18 21:16:00
96,84,cart,,2026-03-14 12:18:00
96,84,view,,2026-03-20 21:13:00
96,21,purchase,3.0,2026-04-05 11:21:00
96,59,cart,,2026-04-10 01:48:00
96,21,cart,,2026-05-21 04:45:00
96,59,view,,2026-06-23 06:32:00
97,14,purchase,4.0,2025-01-06 05:56:00
97,71,purchase,3.0,2025-01-30 20:29:00
97,65,purchase,5.0,2025-02-13 00:00:00
97,68,purchase,5.0,2025-02-14 00:00:00
97,70,purchase,3.0,2025-03-14 07:25:00
97,75,view,,2025-03-30 14:20:00
97,2,view,,2025-04-18 05:59:00
97,75,view,,2025-06-04 02:16:00
97,82,view,,2025-06-09 06:25:00
97,83,view,,2025-07-06 05:28:00
97,81,purchase,4.0,2025-07-12 13:15:00
97,78,purchase,4.0,2025-07-18 00:29:00
97,82,view,,2025-10-24 05:45:00
97,22,purchase,4.0,2025-10-31 13:37:00
97,84,view,,2025-11-15 09:27:00
97,80,view,,2025-12-06 15:15:00
97,10,view,,2025-12-24 15:44:00
97,90,cart,,2026-02-13 23:10:00
97,80,purchase,4.0,2026-02-15 20:03:00
97,64,purchase,4.0,2026-03-24 05:28:00
97,84,cart,,2026-04-10 16:37:00
97,73,view,,2026-04-21 15:03:00
97,8,purchase,4.0,2026-05-11 14:15:00
97,85,purchase,3.0,2026-05-22 19:10:00
97,81,view,,2026-06-05 03:32:00
97,12,view,,2026-06-06 09:00:00
97,84,purchase,5.0,2026-06-08 19:35:00
97,87,view,,2026-07-08 21:24:00
97,86,purchase,3.0,2026-07-13 00:53:00
97,27,cart,,2026-07-17 11:18:00
97,64,cart,,2026-09-25 06:20:00
98,76,purchase,3.0,2025-01-04 02:18:00
98,54,view,,2025-04-21 07:36:00
98,74,cart,,2025-05-21 06:23:00
98,53,view,,2025-07-01 10:26:00
98,75,view,,2025-09-05 12:03:00
98,2,view,,2025-09-08 17:11:00
98,73,purchase,3.0,2025-09-15 10:21:00
98,10,cart,,2025-09-29 03:36:00
98,5,cart,,2025-10-16 13:04:00
98,14,purchase,4.0,2025-10-24 01:18:00
98,65,purchase,5.0,2025-10-30 00:00:00
98,68,purchase,5.0,2025-10-31 00:00:00
98,54,cart,,2025-12-03 20:22:00
98,24,purchase,4.0,2025-12-31 18:29:00
98,54,view,,2026-04-17 05:24:00
98,58,cart,,2026-04-24 06:19:00
98,59,view,,2026-05-12 00:39:00
98,74,purchase,4.0,2026-05-14 08:44:00
98,85,view,,2026-05-24 00:55:00
98,55,cart,,2026-06-08 22:28:00
98,56,view,,2026-06-09 03:13:00
98,83,view,,2026-06-11 15:49:00
98,72,view,,2026-08-05 13:41:00
98,21,cart,,2026-09-27 05:41:00
99,72,purchase,5.0,2025-01-04 22:57:00
99,34,view,,2025-01-25 15:41:00
99,34,view,,2025-02-12 04:34:00
99,1,purchase,4.0,2025-03-07 20:50:00
99,4,purchase,4.0,2025-03-08 16:50:00
99,63,purchase,3.0,2025-03-16 04:23:00
99,70,purchase,3.0,2025-04-23 03:53:00
99,35,purchase,5.0,2025-06-06 10:40:00
99,35,view,,2025-06-07 04:32:00
99,32,view,,2025-06-07 16:35:00
99,39,purchase,3.0,2025-06-17 18:04:00
99,70,view,,2025-06-24 03:45:00
99,55,purchase,3.0,2025-06-25 18:45:00
99,54,purchase,5.0,2025-06-26 12:45:00
99,35,cart,,2025-07-03 02:18:00
99,36,purchase,4.0,2025-07-07 11:08:00
99,27,purchase,4.0,2025-07-18 15:21:00
99,6,cart,,2025-07-22 06:22:00
99,72,view,,2025-07-29 14:41:00
99,50,view,,2025-08-01 16:31:00
99,27,purchase,3.0,2025-08-06 15:36:00
99,36,cart,,2025-11-21 09:31:00
99,38,view,,2025-12-07 18:33:00
99,36,view,,2026-02-13 17:33:00
99,37,view,,2026-04-07 07:49:00
99,65,purchase,5.0,2026-04-14 00:00:00
99,68,purchase,5.0,2026-04-15 00:00:00
99,36,purchase,2.0,2026-06-18 17:36:00
99,74,view,,2026-08-27 22:02:00
99,33,view,,2026-09-10 19:36:00
99,35,purchase,4.0,2026-09-22 17:35:00
100,25,cart,,2025-02-28 04:25:00
100,8,purchase,4.0,2025-04-01 04:54:00
100,6,purchase,4.0,2025-04-01 21:54:00
100,4,cart,,2025-04-17 11:07:00
100,37,view,,2025-04-22 10:18:00
100,8,cart,,2025-06-01 07:31:00
100,72,cart,,2025-06-12 08:34:00
100,82,view,,2025-08-14 07:04:00
100,35,view,,2025-08-30 21:54:00
100,65,purchase,5.0,2025-09-13 00:00:00
100,68,purchase,5.0,2025-09-14 00:00:00
100,80,purchase,3.0,2025-11-18 13:55:00
100,26,purchase,5.0,2026-01-28 22:04:00
100,87,cart,,2026-02-07 23:41:00
100,73,purchase,3.0,2026-05-20 15:37:00
100,88,view,,2026-06-15 19:48:00
100,42,cart,,2026-08-21 02:39:00
100,64,view,,2026-09-06 22:47:00
101,45,view,,2025-01-07 11:43:00
101,45,purchase,3.0,2025-01-23 15:24:00
101,60,view,,2025-01-27 14:24:00
101,45,view,,2025-02-11 23:38:00
101,29,purchase,3.0,2025-03-30 05:32:00
101,65,cart,,2025-04-08 05:44:00
101,54,purchase,5.0,2025-04-10 09:05:00
101,65,purchase,5.0,2025-06-07 00:00:00
101,68,purchase,5.0,2025-06-08 00:00:00
101,59,cart,,2025-07-26 17:40:00
101,52,view,,2025-08-12 20:45:00
101,74,purchase,3.0,2025-11-19 06:40:00
101,54,cart,,2025-12-05 02:38:00
101,65,view,,2026-03-17 14:36:00
101,47,view,,2026-03-27 14:20:00
101,52,purchase,3.0,2026-03-28 08:59:00
101,59,view,,2026-06-23 04:25:00
101,40,view,,2026-07-01 20:23:00
101,66,view,,2026-07-16 20:19:00
101,50,purchase,4.0,2026-07-20 17:56:00
101,59,view,,2026-08-30 13:53:00
102,48,purchase,4.0,2025-01-02 04:40:00
102,6,view,,2025-01-14 02:49:00
102,44,cart,,2025-02-12 17:22:00
102,44,cart,,2025-02-22 15:15:00
102,70,purchase,3.0,2025-03-09 23:05:00
102,40,purchase,4.0,2025-03-26 02:40:00
102,61,cart,,2025-03-29 05:00:00
102,32,purchase,3.0,2025-04-07 10:56:00
102,55,view,,2025-04-10 15:34:00
102,39,cart,,2025-04-13 03:07:00
102,52,purchase,3.0,2025-05-07 05:05:00
102,54,purchase,5.0,2025-05-08 14:05:00
102,54,cart,,2025-05-09 10:06:00
102,48,cart,,2025-05-13 00:25:00
102,57,purchase,3.0,2025-07-20 09:29:00
102,53,purchase,4.0,2025-07-21 09:29:00
102,29,view,,2025-07-23 18:12:00
102,58,cart,,2025-08-29 12:38:00
102,40,purchase,4.0,2025-09-08 10:24:00
102,84,cart,,2025-09-24 11:42:00
102,50,view,,2025-10-21 22:43:00
102,87,view,,2025-10-23 12:29:00
102,55,cart,,2025-12-01 12:49:00
102,64,view,,2025-12-10 22:20:00
102,45,purchase,2.0,2025-12-17 03:46:00
102,78,view,,2025-12-21 02:18:00
102,49,purchase,4.0,2026-01-18 10:47:00
102,80,view,,2026-02-03 07:38:00
102,65,purchase,5.0,2026-02-27 00:00:00
102,68,purchase,5.0,2026-02-28 00:00:00
102,49,purchase,4.0,2026-04-29 04:52:00
102,36,cart,,2026-05-21 02:52:00
102,47,purchase,5.0,2026-06-03 21:04:00
102,43,purchase,5.0,2026-07-13 14:44:00
102,41,purchase,5.0,2026-07-13 20:44:00
102,40,view,,2026-09-14 16:34:00
102,48,view,,2026-09-20 02:50:00
103,34,view,,2025-01-22 00:51:00
103,24,purchase,4.0,2025-02-02 01:14:00
103,40,purchase,3.0,2025-02-15 13:25:00
103,38,purchase,4.0,2025-02-16 08:25:00
103,53,purchase,4.0,2025-03-20 01:01:00
103,84,purchase,3.0,2025-04-09 17:19:00
103,72,view,,2025-04-20 22:41:00
103,37,view,,2025-04-29 06:43:00
103,1,purchase,3.0,2025-06-07 07:03:00
103,10,purchase,5.0,2025-06-08 08:03:00
103,73,cart,,2025-06-14 20:43:00
103,28,view,,2025-06-23 08:32:00
103,14,view,,2025-10-13 05:46:00
103,3,view,,2025-10-24 02:01:00
103,30,view,,2025-11-16 20:09:00
103,71,view,,2025-11-19 22:13:00
103,75,view,,2025-11-20 01:53:00
103,16,view,,2025-11-26 19:16:00
103,66,view,,2026-01-09 03:50:00
103,65,purchase,5.0,2026-02-28 00:00:00
103,68,purchase,5.0,2026-03-01 00:00:00
103,37,view,,2026-03-02 03:19:00
103,86,view,,2026-04-02 09:08:00
103,35,cart,,2026-04-19 10:28:00
103,30,cart,,2026-05-05 20:29:00
103,1,cart,,2026-06-23 16:47:00
103,80,purchase,4.0,2026-07-23 03:28:00
103,70,cart,,2026-08-11 14:01:00
103,76,purchase,3.0,2026-08-14 21:00:00
103,24,purchase,3.0,2026-08-26 15:53:00
103,4,cart,,2026-09-07 05:30:00
104,26,view,,2025-01-17 16:04:00
104,89,view,,2025-02-15 12:03:00
104,84,view,,2025-04-20 12:36:00
104,81,purchase,5.0,2025-07-10 06:59:00
104,83,view,,2025-07-18 12:30:00
104,18,purchase,4.0,2026-01-06 22:02:00
104,10,purchase,4.0,2026-01-08 09:02:00
104,2,purchase,5.0,2026-02-06 09:02:00
104,11,purchase,4.0,2026-02-07 05:02:00
104,19,purchase,4.0,2026-02-25 03:11:00
104,65,purchase,5.0,2026-03-01 00:00:00
104,68,purchase,5.0,2026-03-02 00:00:00
104,16,cart,,2026-04-18 14:23:00
104,86,purchase,3.0,2026-08-07 18:50:00
104,18,view,,2026-08-21 23:00:00
104,56,cart,,2026-09-23 13:00:00
105,57,purchase,3.0,2025-04-08 14:50:00
105,52,purchase,4.0,2025-04-08 19:50:00
105,42,view,,2025-04-09 20:33:00
105,40,purchase,4.0,2025-04-11 21:11:00
105,42,purchase,4.0,2025-04-13 03:11:00
105,14,cart,,2025-04-17 07:28:00
105,65,purchase,5.0,2025-08-03 00:00:00
105,68,purchase,5.0,2025-08-04 00:00:00
105,50,cart,,2025-08-06 01:54:00
105,53,view,,2025-10-01 15:07:00
105,9,view,,2025-10-04 00:55:00
105,14,view,,2025-10-06 15:02:00
105,55,purchase,3.0,2025-10-20 09:11:00
105,54,purchase,4.0,2025-10-20 19:11:00
105,75,cart,,2025-11-11 20:08:00
105,72,purchase,5.0,2025-12-05 15:00:00
105,10,purchase,3.0,2026-01-07 17:45:00
105,11,purchase,4.0,2026-01-08 16:45:00
105,45,purchase,5.0,2026-01-22 09:44:00
105,50,purchase,5.0,2026-07-22 20:10:00
106,25,cart,,2025-02-08 10:52:00
106,25,view,,2025-02-13 15:22:00
106,16,purchase,3.0,2025-02-24 17:15:00
106,65,purchase,5.0,2025-02-28 00:00:00
106,68,purchase,5.0,2025-03-01 00:00:00
106,52,purchase,4.0,2025-03-02 17:07:00
106,56,purchase,4.0,2025-03-03 20:07:00
106,10,view,,2025-06-27 18:11:00
106,4,cart,,2025-07-06 05:47:00
106,39,view,,2025-08-15 20:18:00
106,4,purchase,4.0,2025-08-31 08:23:00
106,3,purchase,4.0,2025-09-01 11:23:00
106,19,view,,2025-09-02 08:59:00
106,49,purchase,4.0,2025-11-16 18:54:00
106,21,view,,2025-11-18 07:50:00
106,86,view,,2026-01-03 01:47:00
106,6,view,,2026-01-05 17:08:00
106,39,purchase,4.0,2026-01-29 15:53:00
106,44,view,,2026-02-22 13:57:00
106,20,view,,2026-04-06 03:26:00
107,15,cart,,2025-01-16 04:18:00
107,21,purchase,4.0,2025-03-30 07:52:00
107,13,view,,2025-05-29 14:22:00
107,9,cart,,2025-07-30 05:09:00
107,13,cart,,2025-08-03 05:17:00
107,2,purchase,4.0,2025-08-09 02:41:00
107,88,cart,,2025-08-25 07:58:00
107,20,purchase,5.0,2025-09-06 05:13:00
107,2,view,,2025-09-17 19:56:00
107,5,view,,2025-10-23 21:44:00
107,89,view,,2026-01-03 08:53:00
107,19,purchase,3.0,2026-03-28 02:02:00
107,65,purchase,5.0,2026-05-15 00:00:00
107,68,purchase,5.0,2026-05-16 00:00:00
107,22,view,,2026-05-22 02:05:00
107,20,purchase,5.0,2026-06-16 07:47:00
107,91,view,,2026-08-31 11:07:00
107,39,purchase,4.0,2026-09-27 12:40:00
108,39,purchase,4.0,2025-04-15 05:21:00
108,39,view,,2025-06-28 04:03:00
108,28,purchase,5.0,2025-08-01 08:10:00
108,40,view,,2025-09-25 06:15:00
108,49,purchase,3.0,2025-10-23 12:23:00
108,66,purchase,4.0,2025-11-21 21:53:00
108,39,purchase,3.0,2025-12-17 02:35:00
108,42,purchase,3.0,2025-12-17 11:35:00
108,27,view,,2026-01-09 07:24:00
108,36,view,,2026-01-14 01:10:00
108,24,purchase,4.0,2026-01-22 23:23:00
108,40,purchase,3.0,2026-03-24 16:49:00
108,43,purchase,4.0,2026-03-25 03:49:00
108,65,purchase,5.0,2026-03-28 00:00:00
108,68,purchase,5.0,2026-03-29 00:00:00
108,4,cart,,2026-04-24 05:47:00
108,49,purchase,4.0,2026-05-19 09:56:00
109,45,purchase,3.0,2025-01-04 18:34:00
109,3,view,,2025-02-04 19:07:00
109,45,view,,2025-02-06 03:40:00
109,90,view,,2025-02-15 20:07:00
109,79,view,,2025-02-20 20:48:00
109,87,view,,2025-03-23 17:38:00
109,2,view,,2025-05-03 12:39:00
109,57,purchase,4.0,2025-06-09 09:23:00
109,54,purchase,4.0,2025-06-09 13:23:00
109,70,view,,2025-06-14 21:20:00
109,65,purchase,5.0,2025-09-28 00:00:00
109,68,purchase,5.0,2025-09-29 00:00:00
109,22,cart,,2025-11-27 20:43:00
109,12,view,,2025-12-30 12:26:00
109,7,view,,2026-01-16 17:48:00
109,73,view,,2026-02-05 09:35:00
109,55,purchase,4.0,2026-05-02 17:50:00
109,53,purchase,4.0,2026-05-02 20:50:00
109,87,purchase,4.0,2026-05-26 02:08:00
109,47,view,,2026-08-01 21:38:00
109,91,view,,2026-08-17 12:22:00
109,14,cart,,2026-09-19 14:22:00
110,56,purchase,4.0,2025-01-08 19:07:00
110,54,purchase,4.0,2025-01-09 05:07:00
110,15,view,,2025-01-10 09:28:00
110,24,view,,2025-02-09 11:05:00
110,55,view,,2025-02-14 19:33:00
110,19,view,,2025-02-28 05:27:00
110,54,cart,,2025-03-21 10:51:00
110,7,purchase,3.0,2025-04-02 23:50:00
110,5,purchase,4.0,2025-04-03 20:50:00
110,19,cart,,2025-04-19 09:35:00
110,54,view,,2025-05-19 02:46:00
110,1,purchase,4.0,2025-06-08 06:49:00
110,21,purchase,4.0,2025-06-24 22:56:00
110,47,cart,,2025-07-13 18:13:00
110,43,view,,2025-07-15 19:25:00
110,58,view,,2025-08-12 06:05:00
110,15,cart,,2025-08-29 20:08:00
110,21,purchase,4.0,2025-09-02 09:26:00
110,64,cart,,2025-09-11 19:04:00
110,57,purchase,4.0,2025-09-17 21:08:00
110,90,purchase,4.0,2025-09-30 04:59:00
110,64,cart,,2025-10-09 22:31:00
110,8,purchase,3.0,2025-11-29 15:10:00
110,78,view,,2025-12-04 17:32:00
110,60,view,,2026-01-08 18:09:00
110,54,view,,2026-01-25 04:02:00
110,65,purchase,5.0,2026-02-06 00:00:00
110,68,purchase,5.0,2026-02-07 00:00:00
110,53,purchase,4.0,2026-02-28 17:53:00
110,55,purchase,4.0,2026-03-01 06:53:00
110,82,cart,,2026-03-27 05:06:00
110,13,purchase,3.0,2026-04-04 06:31:00
110,4,view,,2026-05-14 02:47:00
110,16,view,,2026-06-01 04:20:00
110,10,purchase,3.0,2026-07-07 23:29:00
110,2,purchase,5.0,2026-07-08 13:29:00
110,82,view,,2026-07-17 07:52:00
110,66,purchase,4.0,2026-08-27 09:17:00
111,44,view,,2025-01-26 17:10:00
111,41,view,,2025-01-31 22:14:00
111,78,purchase,3.0,2025-02-13 06:36:00
111,48,purchase,3.0,2025-04-21 04:30:00
111,82,purchase,2.0,2025-08-15 04:41:00
111,86,view,,2025-09-14 06:03:00
111,81,purchase,3.0,2025-11-24 05:07:00
111,87,purchase,3.0,2025-12-12 10:35:00
111,48,purchase,4.0,2025-12-13 04:45:00
111,89,purchase,5.0,2026-01-02 03:47:00
111,67,view,,2026-01-19 12:34:00
111,44,purchase,4.0,2026-01-25 19:02:00
111,88,cart,,2026-02-02 03:15:00
111,43,purchase,3.0,2026-02-24 12:16:00
111,40,purchase,4.0,2026-02-25 10:16:00
111,72,view,,2026-03-17 15:49:00
111,65,purchase,5.0,2026-04-28 00:00:00
111,68,purchase,5.0,2026-04-29 00:00:00
111,25,view,,2026-05-17 16:56:00
111,87,purchase,4.0,2026-06-04 02:31:00
111,71,view,,2026-07-08 17:36:00
111,47,view,,2026-07-26 00:38:00
111,83,view,,2026-07-26 05:41:00
111,81,purchase,3.0,2026-08-04 07:39:00
111,87,purchase,3.0,2026-08-23 20:28:00
111,86,purchase,4.0,2026-09-16 04:36:00
111,11,cart,,2026-09-16 18:46:00
111,43,view,,2026-09-28 23:43:00
112,18,purchase,3.0,2025-01-15 19:37:00
112,8,purchase,4.0,2025-01-16 00:37:00
112,13,cart,,2025-01-17 17:32:00
112,15,cart,,2025-01-24 13:01:00
112,22,view,,2025-01-31 08:22:00
112,65,purchase,5.0,2025-03-08 00:00:00
112,68,purchase,5.0,2025-03-09 00:00:00
112,6,view,,2025-04-20 03:59:00
112,7,purchase,3.0,2025-05-10 23:13:00
112,6,purchase,4.0,2025-05-11 09:13:00
112,12,purchase,5.0,2025-07-18 09:14:00
112,72,view,,2025-07-28 10:17:00
112,5,view,,2025-09-08 03:23:00
112,70,purchase,4.0,2025-10-20 06:38:00
112,72,purchase,3.0,2025-11-05 15:13:00
112,8,view,,2026-01-07 10:13:00
112,76,purchase,4.0,2026-03-02 14:03:00
112,15,cart,,2026-04-09 05:04:00
112,6,purchase,3.0,2026-06-16 01:58:00
112,2,purchase,4.0,2026-06-17 09:58:00
112,1,view,,2026-07-08 21:15:00
112,70,purchase,3.0,2026-08-16 10:22:00
112,14,purchase,4.0,2026-09-09 08:40:00
112,12,view,,2026-09-11 06:51:00
113,34,view,,2025-01-14 17:27:00
113,15,view,,2025-05-15 02:17:00
113,28,purchase,5.0,2025-07-08 03:50:00
113,65,purchase,5.0,2025-09-13 00:00:00
113,68,purchase,5.0,2025-09-14 00:00:00
113,87,view,,2025-11-28 14:16:00
113,44,purchase,3.0,2026-01-02 14:57:00
113,69,view,,2026-01-11 15:47:00
113,2,cart,,2026-04-15 08:57:00
113,33,view,,2026-04-22 20:03:00
113,76,purchase,5.0,2026-05-03 10:41:00
113,27,view,,2026-06-01 04:56:00
113,58,purchase,3.0,2026-08-01 02:45:00
113,40,view,,2026-09-04 21:03:00
114,80,view,,2025-01-03 18:45:00
114,81,view,,2025-01-07 06:36:00
114,5,view,,2025-01-25 14:21:00
114,3,purchase,3.0,2025-03-14 08:08:00
114,8,purchase,4.0,2025-03-15 08:08:00
114,55,purchase,3.0,2025-04-21 04:15:00
114,56,purchase,4.0,2025-04-22 01:15:00
114,70,purchase,4.0,2025-04-25 23:43:00
114,83,purchase,4.0,2025-05-16 19:32:00
114,75,view,,2025-06-30 08:43:00
114,81,purchase,4.0,2025-08-13 08:29:00
114,81,view,,2025-08-15 19:34:00
114,3,view,,2025-11-04 11:03:00
114,58,cart,,2025-11-17 09:02:00
114,36,view,,2025-12-10 09:17:00
114,80,purchase,4.0,2025-12-13 10:43:00
114,24,view,,2025-12-31 12:30:00
114,70,view,,2026-01-01 00:57:00
114,63,purchase,2.0,2026-01-12 11:31:00
114,25,view,,2026-02-03 10:33:00
114,90,view,,2026-02-21 06:35:00
114,74,purchase,3.0,2026-03-11 08:31:00
114,65,purchase,5.0,2026-03-13 00:00:00
114,68,purchase,5.0,2026-03-14 00:00:00
114,72,view,,2026-04-11 10:11:00
114,15,view,,2026-04-17 08:47:00
114,85,cart,,2026-05-30 21:48:00
114,46,purchase,4.0,2026-06-26 12:41:00
114,59,purchase,3.0,2026-08-01 12:04:00
114,57,view,,2026-08-18 06:18:00
114,72,view,,2026-08-30 21:59:00
114,85,view,,2026-09-01 00:33:00
115,76,purchase,3.0,2025-01-06 03:29:00
115,19,view,,2025-01-09 14:24:00
115,89,purchase,5.0,2025-01-12 23:56:00
115,61,view,,2025-01-17 17:45:00
115,86,view,,2025-01-18 14:49:00
115,80,purchase,4.0,2025-02-18 07:45:00
115,75,view,,2025-03-14 10:32:00
115,20,view,,2025-03-25 00:55:00
115,8,purchase,4.0,2025-03-31 08:54:00
115,57,purchase,4.0,2025-04-13 14:57:00
115,55,purchase,3.0,2025-04-13 15:57:00
115,87,purchase,3.0,2025-05-17 21:44:00
115,86,view,,2025-06-14 22:08:00
115,82,cart,,2025-08-17 19:42:00
115,16,view,,2025-08-22 00:30:00
115,56,purchase,3.0,2025-08-29 19:28:00
115,54,purchase,5.0,2025-08-29 21:28:00
115,78,purchase,3.0,2025-09-19 05:14:00
115,70,purchase,4.0,2025-12-08 14:47:00
115,89,view,,2025-12-20 22:42:00
115,61,purchase,5.0,2025-12-30 21:18:00
115,63,cart,,2026-01-23 15:56:00
115,89,view,,2026-02-19 07:10:00
115,61,cart,,2026-02-22 12:30:00
115,87,purchase,2.0,2026-03-12 16:53:00
115,64,purchase,3.0,2026-04-01 12:20:00
115,84,purchase,2.0,2026-05-19 09:42:00
115,58,view,,2026-06-05 09:40:00
115,58,view,,2026-06-24 14:23:00
115,52,view,,2026-07-28 00:51:00
115,66,view,,2026-07-30 23:57:00
115,83,view,,2026-08-13 02:26:00
115,65,view,,2026-08-29 23:37:00
115,59,purchase,4.0,2026-09-07 00:50:00
115,57,view,,2026-09-18 12:18:00
116,19,purchase,4.0,2025-01-17 12:57:00
116,12,cart,,2025-01-29 05:21:00
116,21,cart,,2025-05-15 19:56:00
116,9,purchase,5.0,2025-05-31 18:03:00
116,1,purchase,4.0,2025-05-31 20:03:00
116,21,purchase,5.0,2025-06-17 18:27:00
116,81,purchase,3.0,2025-06-24 10:58:00
116,12,purchase,4.0,2025-08-25 10:30:00
116,69,purchase,4.0,2025-09-29 10:12:00
116,2,view,,2025-10-04 04:42:00
116,19,view,,2026-04-10 13:36:00
116,85,view,,2026-04-30 20:43:00
116,10,cart,,2026-05-12 06:09:00
117,14,cart,,2025-02-03 23:09:00
117,43,cart,,2025-02-19 10:54:00
117,79,view,,2025-02-26 16:38:00
117,5,purchase,5.0,2025-03-01 22:00:00
117,8,purchase,4.0,2025-03-02 10:00:00
117,22,purchase,4.0,2025-05-08 20:19:00
117,9,cart,,2025-05-09 12:58:00
117,20,view,,2025-05-09 16:21:00
117,42,view,,2025-05-23 23:37:00
117,48,view,,2025-06-07 05:44:00
117,83,cart,,2025-06-12 08:42:00
117,43,cart,,2025-07-07 17:06:00
117,10,purchase,4.0,2025-07-16 00:30:00
117,10,view,,2025-08-30 12:00:00
117,20,view,,2025-09-23 20:30:00
117,9,cart,,2025-09-30 04:14:00
117,7,purchase,4.0,2025-09-30 19:16:00
117,18,purchase,4.0,2025-10-01 12:16:00
117,42,view,,2025-10-08 09:53:00
117,8,purchase,4.0,2025-10-13 20:39:00
117,9,purchase,4.0,2025-10-14 01:39:00
117,1,view,,2025-11-18 15:14:00
117,33,cart,,2025-12-02 03:46:00
117,2,view,,2026-02-27 17:38:00
117,3,cart,,2026-03-08 01:20:00
117,22,purchase,4.0,2026-03-12 05:50:00
117,9,view,,2026-03-17 21:19:00
117,11,cart,,2026-03-27 21:01:00
117,12,view,,2026-05-02 01:06:00
117,7,purchase,4.0,2026-05-18 09:06:00
117,5,view,,2026-07-01 02:15:00
117,15,purchase,4.0,2026-07-11 06:30:00
117,82,view,,2026-07-14 23:13:00
117,15,purchase,4.0,2026-08-07 04:40:00
117,82,view,,2026-08-23 15:23:00
117,37,purchase,3.0,2026-08-30 19:18:00
118,26,view,,2025-02-02 01:51:00
118,28,view,,2025-07-18 20:17:00
118,43,view,,2025-09-09 01:54:00
118,36,purchase,4.0,2025-09-30 04:39:00
118,25,purchase,5.0,2025-12-11 06:50:00
118,71,purchase,3.0,2025-12-31 04:26:00
118,16,purchase,4.0,2026-01-02 17:22:00
118,25,view,,2026-02-20 10:34:00
118,74,view,,2026-03-06 05:15:00
118,32,purchase,3.0,2026-04-04 00:06:00
118,50,purchase,4.0,2026-05-14 05:11:00
118,10,cart,,2026-06-03 16:37:00
118,43,view,,2026-06-05 19:03:00
118,49,purchase,4.0,2026-06-29 07:06:00
118,73,purchase,3.0,2026-07-11 01:45:00
118,81,purchase,3.0,2026-07-18 13:22:00
118,82,purchase,3.0,2026-07-28 18:47:00
118,22,cart,,2026-08-10 01:40:00
118,36,view,,2026-08-16 19:05:00
118,42,view,,2026-08-24 04:05:00
118,77,purchase,3.0,2026-09-17 06:11:00
119,25,view,,2025-01-02 15:00:00
119,89,purchase,5.0,2025-02-24 15:43:00
119,85,view,,2025-03-06 04:41:00
119,18,purchase,4.0,2025-04-05 13:54:00
119,9,purchase,4.0,2025-04-06 15:54:00
119,35,purchase,3.0,2025-04-24 06:19:00
119,86,purchase,4.0,2025-05-20 06:38:00
119,40,view,,2025-05-22 22:44:00
119,83,purchase,4.0,2025-06-03 02:25:00
119,80,purchase,5.0,2025-07-09 09:54:00
119,9,view,,2025-07-17 10:32:00
119,9,purchase,4.0,2025-07-30 05:52:00
119,5,purchase,4.0,2025-07-30 21:52:00
119,66,view,,2025-08-19 18:50:00
119,10,purchase,3.0,2025-09-15 11:41:00
119,3,purchase,4.0,2025-09-15 14:41:00
119,6,purchase,3.0,2025-09-20 17:15:00
119,2,purchase,4.0,2025-09-20 21:15:00
119,3,view,,2025-11-23 09:17:00
119,90,view,,2025-12-14 21:31:00
119,88,view,,2025-12-21 17:30:00
119,78,purchase,4.0,2026-01-03 07:59:00
119,13,purchase,4.0,2026-01-09 23:05:00
119,2,view,,2026-01-10 20:45:00
119,85,purchase,4.0,2026-03-08 14:12:00
119,11,purchase,3.0,2026-03-29 00:23:00
119,41,view,,2026-04-04 14:11:00
119,18,purchase,3.0,2026-05-02 16:34:00
119,13,purchase,4.0,2026-06-04 08:45:00
119,83,purchase,4.0,2026-06-20 03:27:00
119,87,purchase,3.0,2026-09-08 13:33:00
120,13,cart,,2025-03-30 21:30:00
120,7,view,,2025-04-15 02:13:00
120,22,purchase,5.0,2025-05-12 14:23:00
120,15,purchase,5.0,2025-06-12 12:18:00
120,22,view,,2025-06-15 05:16:00
120,64,purchase,3.0,2025-06-30 12:29:00
120,15,view,,2025-06-30 16:27:00
120,57,cart,,2025-07-10 13:46:00
120,15,purchase,5.0,2025-07-20 12:28:00
120,39,purchase,4.0,2025-07-26 21:15:00
120,40,purchase,4.0,2025-07-28 03:15:00
120,21,cart,,2025-08-04 05:24:00
120,18,view,,2025-08-07 14:58:00
120,1,cart,,2026-01-07 07:35:00
120,32,view,,2026-01-21 23:22:00
120,15,view,,2026-02-12 06:02:00
120,11,purchase,3.0,2026-03-10 20:54:00
120,22,cart,,2026-04-26 15:10:00
120,2,purchase,5.0,2026-05-06 05:09:00
120,12,cart,,2026-06-11 18:12:00
120,73,view,,2026-08-11 05:47:00
120,5,cart,,2026-09-18 06:17:00
121,35,view,,2025-01-05 08:56:00
121,35,view,,2025-03-12 21:21:00
121,56,purchase,4.0,2025-05-14 01:25:00
121,30,purchase,5.0,2025-07-14 00:46:00
121,21,purchase,3.0,2025-07-25 22:59:00
121,81,cart,,2025-11-28 04:15:00
121,61,view,,2025-12-11 23:52:00
121,43,view,,2025-12-31 06:51:00
121,87,cart,,2026-01-23 08:44:00
121,34,purchase,3.0,2026-01-26 00:40:00
121,33,purchase,3.0,2026-03-02 22:39:00
121,41,view,,2026-04-23 08:37:00
121,28,view,,2026-07-24 04:01:00
121,75,view,,2026-08-07 11:36:00
121,30,purchase,5.0,2026-08-12 03:42:00
121,3,purchase,3.0,2026-08-13 18:57:00
121,18,purchase,5.0,2026-08-13 19:57:00
121,56,view,,2026-09-21 01:45:00
122,74,view,,2025-01-20 00:52:00
122,35,cart,,2025-03-01 00:42:00
122,43,purchase,3.0,2025-03-05 13:03:00
122,41,purchase,4.0,2025-03-06 16:03:00
122,4,view,,2025-03-18 22:21:00
122,75,purchase,4.0,2025-04-19 01:31:00
122,37,purchase,4.0,2025-05-11 18:40:00
122,76,view,,2025-07-10 22:31:00
122,27,purchase,3.0,2025-07-14 11:40:00
122,45,cart,,2025-07-16 20:48:00
122,71,view,,2025-07-21 18:09:00
122,24,purchase,3.0,2025-07-26 05:08:00
122,35,purchase,4.0,2025-08-18 20:30:00
122,74,view,,2025-08-25 16:47:00
122,35,purchase,4.0,2025-09-24 00:18:00
122,32,view,,2025-10-01 13:37:00
122,35,purchase,4.0,2025-10-17 15:42:00
122,43,purchase,4.0,2025-11-20 19:13:00
122,13,purchase,3.0,2025-12-15 18:30:00
122,89,purchase,3.0,2026-02-09 11:24:00
122,49,purchase,4.0,2026-03-02 07:10:00
122,29,purchase,4.0,2026-03-17 04:36:00
122,69,purchase,4.0,2026-04-19 02:08:00
122,13,purchase,3.0,2026-05-05 15:21:00
122,30,view,,2026-06-11 23:02:00
122,29,purchase,4.0,2026-07-09 01:55:00
122,30,purchase,5.0,2026-07-24 16:51:00
122,85,cart,,2026-08-09 14:01:00
122,4,purchase,3.0,2026-09-11 04:07:00
122,36,purchase,3.0,2026-09-11 05:06:00
122,72,view,,2026-09-21 06:49:00
123,61,cart,,2025-01-15 22:03:00
123,61,view,,2025-01-22 11:24:00
123,38,purchase,3.0,2025-02-20 15:43:00
123,79,view,,2025-02-27 13:17:00
123,59,cart,,2025-03-12 15:48:00
123,73,view,,2025-03-23 08:30:00
123,66,purchase,3.0,2025-04-08 20:14:00
123,70,cart,,2025-05-07 05:23:00
123,5,cart,,2025-06-20 15:40:00
123,56,cart,,2025-07-08 13:52:00
123,55,view,,2025-07-10 12:05:00
123,82,cart,,2025-07-21 00:31:00
123,54,purchase,5.0,2025-07-29 09:21:00
123,56,purchase,4.0,2025-07-30 18:21:00
123,50,view,,2025-10-04 01:08:00
123,54,view,,2025-11-16 12:04:00
123,83,view,,2025-11-17 16:30:00
123,32,purchase,3.0,2025-12-12 12:32:00
123,60,view,,2025-12-18 18:10:00
123,54,view,,2026-01-13 08:39:00
123,39,purchase,4.0,2026-02-01 07:20:00
123,40,purchase,5.0,2026-02-02 17:20:00
123,42,view,,2026-02-22 10:45:00
123,2,view,,2026-03-10 05:29:00
123,84,view,,2026-03-24 19:14:00
123,50,purchase,4.0,2026-05-09 19:26:00
123,54,purchase,4.0,2026-05-20 09:59:00
123,59,view,,2026-07-23 19:01:00
123,59,cart,,2026-08-23 00:36:00
123,66,view,,2026-08-30 03:42:00
123,40,cart,,2026-09-09 06:47:00
123,48,view,,2026-09-13 09:18:00
123,67,purchase,3.0,2026-09-21 05:33:00
124,80,purchase,4.0,2025-01-02 14:02:00
124,13,view,,2025-01-06 08:41:00
124,90,purchase,4.0,2025-01-15 11:34:00
124,83,view,,2025-03-11 03:21:00
124,21,view,,2025-04-10 05:40:00
124,83,cart,,2025-05-11 10:30:00
124,28,purchase,4.0,2025-06-15 14:12:00
124,42,purchase,3.0,2025-06-28 11:40:00
124,41,purchase,4.0,2025-06-29 12:40:00
124,11,view,,2025-07-11 23:06:00
124,88,view,,2025-07-15 15:17:00
124,87,purchase,3.0,2025-08-19 00:33:00
124,76,view,,2025-09-12 12:35:00
124,71,view,,2025-10-09 13:59:00
124,64,cart,,2025-10-17 01:02:00
124,61,cart,,2025-12-01 09:14:00
124,70,view,,2025-12-04 20:54:00
124,74,cart,,2025-12-07 08:33:00
124,78,cart,,2026-01-08 10:57:00
124,89,cart,,2026-02-01 05:18:00
124,71,view,,2026-02-09 01:50:00
124,29,purchase,4.0,2026-03-09 07:38:00
124,59,view,,2026-06-25 18:32:00
124,91,cart,,2026-08-29 23:35:00
125,22,view,,2025-01-23 14:35:00
125,16,view,,2025-01-25 14:50:00
125,6,view,,2025-02-12 18:38:00
125,26,view,,2025-02-23 07:24:00
125,13,purchase,3.0,2025-03-23 20:46:00
125,2,view,,2025-03-28 10:46:00
125,14,cart,,2025-04-27 05:54:00
125,70,cart,,2025-04-30 17:39:00
125,2,view,,2025-05-26 03:03:00
125,4,cart,,2025-06-05 09:43:00
125,72,purchase,5.0,2025-07-07 18:44:00
125,22,purchase,4.0,2025-08-11 18:30:00
125,6,view,,2025-08-23 06:09:00
125,10,purchase,4.0,2025-08-31 03:59:00
125,11,cart,,2025-10-17 00:45:00
125,70,cart,,2025-10-28 02:08:00
125,49,view,,2026-01-16 19:48:00
125,63,purchase,4.0,2026-01-22 18:48:00
125,72,purchase,5.0,2026-03-03 12:08:00
125,16,purchase,5.0,2026-03-05 13:40:00
125,10,view,,2026-03-18 07:50:00
125,7,view,,2026-04-10 04:36:00
125,9,cart,,2026-05-10 00:16:00
125,11,purchase,3.0,2026-05-11 16:07:00
125,88,cart,,2026-06-04 00:50:00
125,5,purchase,5.0,2026-07-21 02:31:00
125,1,purchase,4.0,2026-07-21 09:31:00
125,71,cart,,2026-09-20 19:01:00
126,30,view,,2025-02-22 21:14:00
126,30,view,,2025-03-29 05:36:00
126,19,view,,2025-05-28 20:31:00
126,84,cart,,2025-05-30 04:13:00
126,83,purchase,4.0,2025-06-10 07:56:00
126,90,purchase,4.0,2025-07-29 13:19:00
126,54,purchase,3.0,2025-09-29 17:51:00
126,67,view,,2025-11-01 13:51:00
126,79,purchase,3.0,2026-01-28 13:25:00
126,83,cart,,2026-02-24 09:02:00
126,87,view,,2026-04-08 14:13:00
126,73,view,,2026-05-27 11:24:00
126,81,view,,2026-06-06 11:27:00
126,18,purchase,3.0,2026-07-04 14:03:00
126,8,purchase,4.0,2026-07-05 04:03:00
127,2,view,,2025-01-08 04:57:00
127,66,cart,,2025-01-12 13:27:00
127,39,purchase,3.0,2025-03-28 05:08:00
127,38,purchase,4.0,2025-03-28 23:08:00
127,3,purchase,3.0,2025-04-06 18:58:00
127,56,cart,,2025-04-22 09:17:00
127,20,view,,2025-04-28 23:13:00
127,12,view,,2025-05-03 20:28:00
127,16,view,,2025-05-22 09:37:00
127,12,purchase,4.0,2025-06-11 14:18:00
127,15,view,,2025-06-12 00:35:00
127,63,cart,,2025-06-24 01:37:00
127,29,purchase,3.0,2025-07-09 12:08:00
127,46,view,,2025-07-24 11:21:00
127,50,view,,2025-09-06 09:33:00
127,64,purchase,5.0,2025-09-07 02:10:00
127,1,view,,2025-12-15 20:09:00
127,50,purchase,4.0,2026-01-12 09:44:00
127,58,view,,2026-01-16 09:41:00
127,36,view,,2026-01-16 11:16:00
127,10,purchase,4.0,2026-01-20 11:56:00
127,11,purchase,4.0,2026-01-20 12:56:00
127,70,view,,2026-03-12 15:33:00
127,6,view,,2026-04-12 18:20:00
127,58,purchase,5.0,2026-05-05 13:11:00
127,56,cart,,2026-05-23 03:59:00
127,15,cart,,2026-05-31 20:59:00
127,84,purchase,4.0,2026-07-16 06:49:00
127,55,view,,2026-09-02 00:23:00
127,53,view,,2026-09-07 00:56:00
127,20,purchase,4.0,2026-09-15 18:34:00
128,75,purchase,4.0,2025-01-21 07:47:00
128,76,view,,2025-02-06 15:19:00
128,59,view,,2025-02-19 22:38:00
128,2,cart,,2025-02-22 19:50:00
128,59,cart,,2025-03-24 11:57:00
128,56,purchase,3.0,2025-05-03 14:19:00
128,74,purchase,3.0,2025-07-06 23:25:00
128,73,view,,2025-07-09 17:57:00
128,87,purchase,4.0,2025-09-06 12:03:00
128,57,purchase,5.0,2025-10-30 06:44:00
128,55,purchase,4.0,2025-10-31 01:44:00
128,55,purchase,3.0,2025-12-06 21:44:00
128,61,view,,2025-12-07 23:26:00
128,9,view,,2025-12-29 01:41:00
128,25,view,,2026-02-03 00:45:00
128,64,view,,2026-04-02 02:45:00
128,9,view,,2026-04-05 09:16:00
128,54,purchase,4.0,2026-04-30 03:50:00
128,53,purchase,4.0,2026-04-30 22:50:00
128,74,purchase,2.0,2026-05-05 21:10:00
128,5,purchase,4.0,2026-05-12 21:56:00
128,11,purchase,4.0,2026-05-13 09:56:00
128,59,view,,2026-06-12 04:19:00
128,59,cart,,2026-06-24 19:53:00
128,46,view,,2026-06-30 03:23:00
128,64,purchase,3.0,2026-06-30 18:53:00
128,73,cart,,2026-07-06 08:46:00
128,55,purchase,2.0,2026-08-05 00:58:00
128,52,purchase,4.0,2026-08-05 07:58:00
128,20,view,,2026-08-09 10:16:00
128,74,purchase,3.0,2026-09-07 19:44:00
129,83,view,,2025-03-16 23:37:00
129,89,view,,2025-05-08 12:29:00
129,56,purchase,4.0,2025-05-22 04:05:00
129,54,purchase,5.0,2025-05-23 15:05:00
129,84,purchase,3.0,2025-06-21 11:31:00
129,57,purchase,3.0,2025-07-20 06:06:00
129,53,purchase,4.0,2025-07-20 14:06:00
129,27,purchase,4.0,2025-08-29 17:11:00
129,4,purchase,3.0,2025-09-04 13:46:00
129,9,purchase,4.0,2025-09-05 11:46:00
129,87,view,,2025-10-22 17:31:00
129,80,view,,2025-12-21 22:33:00
129,80,view,,2026-01-18 17:29:00
129,58,view,,2026-06-07 08:10:00
129,28,view,,2026-06-09 04:50:00
129,53,purchase,4.0,2026-09-10 12:42:00
130,25,purchase,3.0,2025-01-06 02:59:00
130,24,view,,2025-01-30 21:44:00
130,14,purchase,3.0,2025-05-14 03:54:00
130,35,purchase,5.0,2025-05-16 17:19:00
130,22,view,,2025-07-27 07:16:00
130,20,view,,2025-09-06 06:41:00
130,18,view,,2025-09-11 04:06:00
130,22,view,,2025-09-17 09:00:00
130,10,cart,,2025-10-02 16:15:00
130,75,purchase,3.0,2025-11-09 09:59:00
130,54,purchase,3.0,2026-01-04 00:35:00
130,79,view,,2026-01-25 06:20:00
130,5,view,,2026-03-09 03:50:00
130,1,purchase,5.0,2026-07-06 09:38:00
130,7,cart,,2026-07-09 21:39:00
130,16,cart,,2026-08-20 23:06:00
130,38,purchase,3.0,2026-09-24 23:56:00
130,43,purchase,4.0,2026-09-25 02:56:00
131,85,cart,,2025-01-05 23:06:00
131,79,purchase,5.0,2025-01-19 08:58:00
131,89,view,,2025-03-12 04:31:00
131,79,cart,,2025-05-21 14:15:00
131,83,purchase,4.0,2025-06-11 11:27:00
131,87,view,,2025-07-08 11:18:00
131,83,purchase,5.0,2025-07-14 22:47:00
131,12,cart,,2025-08-07 08:44:00
131,47,purchase,3.0,2025-08-18 09:32:00
131,49,view,,2025-11-11 14:58:00
131,78,view,,2025-12-24 04:05:00
131,89,purchase,4.0,2026-02-24 19:53:00
131,43,purchase,3.0,2026-03-12 05:31:00
131,41,purchase,4.0,2026-03-13 08:31:00
131,87,cart,,2026-05-01 05:48:00
131,84,view,,2026-05-17 00:15:00
131,45,cart,,2026-07-27 08:13:00
131,50,purchase,3.0,2026-09-05 13:59:00
132,46,purchase,3.0,2025-03-02 23:19:00
132,9,view,,2025-03-09 11:16:00
132,63,view,,2025-03-22 17:55:00
132,53,purchase,4.0,2025-03-23 12:43:00
132,56,purchase,4.0,2025-03-23 13:43:00
132,49,view,,2025-03-28 11:11:00
132,56,cart,,2025-04-02 12:29:00
132,86,purchase,4.0,2025-04-20 23:00:00
132,40,purchase,5.0,2025-05-19 01:25:00
132,43,purchase,5.0,2025-06-11 12:19:00
132,66,view,,2025-06-29 01:13:00
132,58,purchase,5.0,2025-07-30 21:00:00
132,89,view,,2025-08-03 14:25:00
132,42,view,,2025-09-25 01:08:00
132,48,view,,2025-10-04 14:58:00
132,50,purchase,3.0,2025-12-30 10:27:00
132,64,cart,,2026-03-09 01:07:00
132,3,purchase,3.0,2026-04-17 23:28:00
132,4,purchase,4.0,2026-04-19 01:28:00
132,52,purchase,4.0,2026-05-09 09:04:00
132,48,purchase,4.0,2026-05-10 00:34:00
132,55,purchase,4.0,2026-05-10 09:04:00
132,21,purchase,3.0,2026-05-30 14:42:00
132,47,view,,2026-07-19 09:00:00
132,83,purchase,3.0,2026-08-04 15:45:00
132,58,purchase,4.0,2026-08-23 03:53:00
132,9,cart,,2026-08-28 19:52:00
133,45,purchase,4.0,2025-05-03 21:40:00
133,56,cart,,2025-05-12 06:42:00
133,84,purchase,5.0,2025-06-07 12:52:00
133,46,view,,2025-06-21 18:06:00
133,81,purchase,4.0,2025-08-22 06:33:00
133,43,view,,2025-10-08 12:25:00
133,89,view,,2025-10-17 13:16:00
133,33,purchase,4.0,2025-11-13 04:15:00
133,83,view,,2025-12-20 04:15:00
133,5,view,,2026-01-09 13:30:00
133,74,purchase,3.0,2026-02-17 04:17:00
133,53,purchase,3.0,2026-03-15 22:45:00
133,78,cart,,2026-04-01 12:34:00
133,78,purchase,5.0,2026-05-01 16:55:00
133,66,purchase,3.0,2026-05-07 09:31:00
133,19,view,,2026-06-16 07:10:00
133,18,view,,2026-08-19 11:40:00
134,80,view,,2025-01-12 04:13:00
134,37,purchase,4.0,2025-02-16 12:37:00
134,89,view,,2025-02-25 22:23:00
134,82,view,,2025-03-27 19:47:00
134,55,view,,2025-04-12 21:13:00
134,89,purchase,3.0,2025-04-29 09:44:00
134,37,view,,2025-05-12 08:39:00
134,49,purchase,3.0,2025-05-19 07:35:00
134,86,view,,2025-06-01 07:19:00
134,55,view,,2025-06-09 22:04:00
134,22,view,,2025-10-05 03:17:00
134,32,purchase,4.0,2025-10-18 20:26:00
134,49,view,,2025-10-22 21:59:00
134,9,purchase,3.0,2025-10-25 20:15:00
134,10,purchase,4.0,2025-10-27 01:15:00
134,60,view,,2025-12-30 15:03:00
134,64,view,,2026-01-05 20:32:00
134,78,view,,2026-01-06 00:45:00
134,40,view,,2026-01-12 19:36:00
134,72,view,,2026-02-03 12:15:00
134,21,cart,,2026-02-07 23:00:00
134,28,purchase,5.0,2026-02-10 02:03:00
134,32,purchase,5.0,2026-03-17 22:19:00
134,57,view,,2026-04-06 13:46:00
134,85,purchase,3.0,2026-04-09 02:29:00
134,32,purchase,5.0,2026-05-30 12:12:00
134,27,purchase,4.0,2026-07-03 00:53:00
134,88,purchase,5.0,2026-08-16 01:59:00
135,74,purchase,5.0,2025-01-07 06:28:00
135,8,purchase,4.0,2025-01-10 22:46:00
135,2,purchase,4.0,2025-01-11 01:46:00
135,3,purchase,5.0,2025-01-21 10:42:00
135,11,cart,,2025-02-02 15:52:00
135,67,purchase,3.0,2025-02-15 23:33:00
135,76,purchase,3.0,2025-03-31 17:58:00
135,73,view,,2025-03-31 18:56:00
135,4,purchase,5.0,2025-04-05 23:14:00
135,7,purchase,4.0,2025-04-06 09:14:00
135,76,view,,2025-04-07 16:31:00
135,5,view,,2025-04-17 05:33:00
135,72,cart,,2025-05-24 17:26:00
135,5,cart,,2025-05-30 07:43:00
135,65,view,,2025-07-03 07:56:00
135,27,view,,2025-08-18 15:28:00
135,18,cart,,2025-09-07 07:34:00
135,8,view,,2025-09-29 00:35:00
135,4,cart,,2025-10-06 23:59:00
135,13,view,,2026-01-15 13:42:00
135,70,purchase,3.0,2026-02-08 16:04:00
135,71,view,,2026-03-18 19:24:00
135,72,cart,,2026-03-23 15:13:00
135,19,view,,2026-04-07 14:39:00
135,3,cart,,2026-04-12 19:00:00
135,56,purchase,2.0,2026-04-17 07:05:00
135,52,purchase,4.0,2026-04-17 10:05:00
135,9,purchase,3.0,2026-04-19 19:52:00
135,5,purchase,5.0,2026-04-20 09:52:00
135,3,cart,,2026-04-22 17:22:00
135,7,purchase,3.0,2026-05-15 04:22:00
135,6,purchase,4.0,2026-05-16 15:22:00
135,71,purchase,4.0,2026-07-20 03:30:00
135,74,view,,2026-08-11 21:06:00
135,83,cart,,2026-08-22 21:28:00
135,2,purchase,2.0,2026-08-28 23:50:00
135,12,purchase,5.0,2026-08-29 17:50:00
136,34,view,,2025-02-07 08:45:00
136,26,cart,,2025-02-22 13:04:00
136,20,view,,2025-02-24 10:58:00
136,66,view,,2025-06-09 18:39:00
136,6,view,,2025-08-27 04:30:00
136,2,view,,2025-09-10 02:35:00
136,27,view,,2025-09-13 09:51:00
136,10,view,,2025-10-16 02:50:00
136,22,view,,2025-12-05 05:49:00
136,32,purchase,4.0,2025-12-27 15:46:00
136,60,cart,,2026-02-20 19:39:00
136,15,cart,,2026-03-18 16:38:00
136,13,cart,,2026-04-05 07:37:00
136,76,view,,2026-04-20 19:32:00
136,1,view,,2026-07-09 09:44:00
136,21,purchase,3.0,2026-08-19 04:20:00
136,21,purchase,4.0,2026-09-04 18:08:00
136,64,purchase,3.0,2026-09-13 12:24:00
137,1,cart,,2025-01-06 00:52:00
137,79,view,,2025-01-09 18:02:00
137,73,cart,,2025-01-16 06:05:00
137,25,view,,2025-02-17 09:52:00
137,73,cart,,2025-04-19 16:45:00
137,33,view,,2025-04-28 14:34:00
137,18,cart,,2025-05-14 08:38:00
137,29,purchase,3.0,2025-05-16 18:03:00
137,9,purchase,3.0,2025-08-30 03:47:00
137,6,purchase,4.0,2025-08-30 16:47:00
137,73,purchase,4.0,2025-09-04 11:20:00
137,75,view,,2025-09-06 02:32:00
137,28,purchase,5.0,2025-09-21 12:45:00
137,71,purchase,5.0,2025-09-22 02:16:00
137,74,view,,2025-10-24 22:35:00
137,63,cart,,2025-10-28 15:49:00
137,32,view,,2025-11-04 05:53:00
137,49,view,,2025-11-22 14:42:00
137,15,cart,,2025-11-27 08:23:00
137,35,cart,,2025-12-19 12:26:00
137,22,purchase,3.0,2025-12-29 04:00:00
137,72,cart,,2026-01-04 12:00:00
137,60,cart,,2026-01-14 02:33:00
137,75,view,,2026-02-12 03:40:00
137,32,view,,2026-03-29 14:00:00
137,71,purchase,4.0,2026-06-02 12:00:00
137,71,cart,,2026-06-16 07:02:00
137,8,cart,,2026-06-26 01:26:00
137,48,cart,,2026-06-26 10:09:00
137,90,purchase,4.0,2026-08-03 22:13:00
137,38,cart,,2026-09-07 16:59:00
137,36,view,,2026-09-19 01:23:00
137,37,cart,,2026-09-27 22:30:00
138,5,view,,2025-02-19 21:04:00
138,10,view,,2025-03-01 23:37:00
138,85,purchase,3.0,2025-04-25 13:58:00
138,58,cart,,2025-05-03 08:04:00
138,15,view,,2025-08-26 15:54:00
138,18,view,,2025-12-06 15:25:00
138,6,view,,2026-01-31 22:17:00
138,25,view,,2026-02-23 02:39:00
138,6,view,,2026-03-03 12:21:00
138,18,purchase,5.0,2026-04-06 17:01:00
138,9,purchase,4.0,2026-04-07 04:01:00
138,14,cart,,2026-05-19 08:22:00
138,14,purchase,3.0,2026-07-08 20:10:00
139,1,view,,2025-01-01 21:40:00
139,60,view,,2025-02-10 02:39:00
139,64,view,,2025-03-24 15:46:00
139,3,view,,2025-04-14 23:59:00
139,58,purchase,3.0,2025-04-19 12:51:00
139,64,view,,2025-04-19 22:36:00
139,54,purchase,4.0,2025-04-23 08:21:00
139,56,purchase,4.0,2025-04-24 07:21:00
139,69,view,,2025-05-14 21:31:00
139,64,view,,2025-05-17 22:31:00
139,59,cart,,2025-06-19 14:56:00
139,59,purchase,4.0,2025-07-01 16:54:00
139,59,cart,,2025-07-18 07:36:00
139,32,purchase,3.0,2025-07-18 12:32:00
139,53,cart,,2025-11-05 12:52:00
139,34,purchase,3.0,2025-12-04 23:05:00
139,9,cart,,2025-12-07 00:21:00
139,41,purchase,3.0,2025-12-19 04:55:00
139,60,view,,2026-01-03 11:59:00
139,45,purchase,3.0,2026-01-11 08:08:00
139,45,view,,2026-02-09 14:58:00
139,45,cart,,2026-02-19 08:39:00
139,50,purchase,3.0,2026-03-11 15:48:00
139,42,view,,2026-04-07 02:33:00
139,39,view,,2026-04-08 07:58:00
139,21,view,,2026-04-24 16:37:00
139,42,view,,2026-05-20 11:18:00
139,82,view,,2026-06-07 17:07:00
139,48,cart,,2026-06-18 15:16:00
139,54,purchase,5.0,2026-07-15 07:53:00
139,59,view,,2026-07-16 10:16:00
139,12,view,,2026-08-13 23:09:00
139,64,view,,2026-08-21 23:05:00
139,26,purchase,3.0,2026-09-27 00:51:00
140,5,cart,,2025-01-02 12:13:00
140,54,purchase,5.0,2025-01-10 12:56:00
140,53,purchase,5.0,2025-01-10 14:56:00
140,45,view,,2025-01-29 00:01:00
140,12,view,,2025-02-20 02:35:00
140,80,view,,2025-02-27 18:56:00
140,12,cart,,2025-03-29 22:52:00
140,66,view,,2025-04-04 20:05:00
140,52,purchase,4.0,2025-04-08 21:44:00
140,22,purchase,5.0,2025-07-04 11:07:00
140,39,view,,2025-07-06 19:50:00
140,14,view,,2025-07-22 21:10:00
140,1,purchase,4.0,2025-08-05 03:35:00
140,8,purchase,5.0,2025-08-05 04:35:00
140,1,view,,2025-08-05 21:25:00
140,58,purchase,4.0,2025-08-12 03:31:00
140,58,purchase,3.0,2025-08-14 09:39:00
140,5,view,,2025-08-27 12:05:00
140,15,purchase,5.0,2025-09-23 22:59:00
140,12,cart,,2025-10-10 07:37:00
140,57,view,,2025-10-31 19:57:00
140,15,view,,2025-11-07 21:17:00
140,15,view,,2025-12-24 23:09:00
140,10,view,,2026-04-20 04:32:00
140,13,cart,,2026-05-15 05:48:00
140,15,view,,2026-05-19 05:16:00
140,76,purchase,3.0,2026-07-26 17:38:00
140,17,cart,,2026-08-01 16:28:00
141,29,view,,2025-01-15 10:32:00
141,60,cart,,2025-02-12 04:30:00
141,10,purchase,4.0,2025-03-08 07:20:00
141,6,purchase,3.0,2025-03-09 12:20:00
141,52,purchase,3.0,2025-03-12 03:13:00
141,54,purchase,4.0,2025-03-12 18:13:00
141,56,view,,2025-03-15 03:42:00
141,4,purchase,2.0,2025-05-23 17:51:00
141,64,view,,2025-05-29 03:04:00
141,52,purchase,4.0,2025-06-01 11:15:00
141,53,purchase,4.0,2025-06-02 16:15:00
141,41,view,,2025-06-05 10:18:00
141,41,view,,2025-07-05 01:06:00
141,47,purchase,3.0,2025-07-08 19:57:00
141,54,view,,2025-07-11 23:36:00
141,39,purchase,3.0,2025-08-14 15:19:00
141,41,purchase,4.0,2025-08-15 07:19:00
141,85,view,,2025-09-28 16:06:00
141,76,view,,2025-10-29 05:35:00
141,63,purchase,4.0,2025-11-26 20:15:00
141,61,view,,2025-12-31 18:49:00
141,45,purchase,5.0,2026-01-09 10:30:00
141,56,purchase,3.0,2026-01-20 16:56:00
141,63,cart,,2026-03-20 22:55:00
141,55,view,,2026-04-03 14:28:00
141,38,purchase,4.0,2026-05-19 04:47:00
141,39,view,,2026-05-19 07:55:00
141,27,view,,2026-06-18 04:26:00
141,59,purchase,5.0,2026-06-18 07:57:00
141,53,view,,2026-06-22 21:22:00
141,58,cart,,2026-06-27 04:33:00
141,62,cart,,2026-08-06 21:24:00
141,55,cart,,2026-09-08 06:50:00
142,75,cart,,2025-01-11 23:59:00
142,80,purchase,3.0,2025-02-04 15:31:00
142,55,view,,2025-03-03 11:30:00
142,48,view,,2025-03-24 06:24:00
142,90,view,,2025-04-08 18:06:00
142,86,purchase,3.0,2025-05-05 12:09:00
142,42,purchase,4.0,2025-05-09 18:09:00
142,41,purchase,5.0,2025-05-11 00:09:00
142,7,view,,2025-05-14 00:33:00
142,47,purchase,3.0,2025-09-10 03:54:00
142,41,purchase,5.0,2025-09-23 03:07:00
142,43,purchase,3.0,2025-09-24 01:07:00
142,63,view,,2025-09-26 16:21:00
142,70,view,,2025-10-08 12:26:00
142,85,view,,2025-11-11 07:36:00
142,35,cart,,2025-11-19 07:25:00
142,42,purchase,4.0,2025-12-28 14:33:00
142,40,purchase,5.0,2025-12-28 17:33:00
142,45,view,,2026-01-03 23:10:00
142,87,cart,,2026-01-04 23:53:00
142,80,cart,,2026-01-08 11:18:00
142,78,view,,2026-01-13 16:05:00
142,20,purchase,3.0,2026-01-17 02:00:00
142,45,purchase,4.0,2026-01-23 22:41:00
142,85,view,,2026-02-12 00:25:00
142,79,purchase,5.0,2026-02-16 08:12:00
142,8,view,,2026-03-04 17:24:00
142,53,purchase,3.0,2026-03-06 23:16:00
142,54,purchase,4.0,2026-03-07 00:16:00
142,50,cart,,2026-03-23 04:06:00
142,43,cart,,2026-05-14 15:51:00
142,9,purchase,4.0,2026-05-28 04:30:00
142,83,view,,2026-07-28 01:12:00
142,58,purchase,3.0,2026-08-14 10:10:00
142,82,view,,2026-08-22 13:50:00
142,50,cart,,2026-09-12 06:20:00
143,78,purchase,3.0,2025-02-08 05:10:00
143,24,purchase,4.0,2025-02-14 22:16:00
143,15,view,,2025-04-06 02:13:00
143,4,purchase,5.0,2025-04-13 00:45:00
143,5,purchase,5.0,2025-04-13 09:45:00
143,24,cart,,2025-04-19 03:51:00
143,21,view,,2025-05-06 18:27:00
143,37,purchase,3.0,2025-05-17 13:54:00
143,18,view,,2025-05-19 22:04:00
143,21,view,,2025-06-04 04:54:00
143,69,purchase,4.0,2025-06-08 09:27:00
143,5,view,,2025-07-06 13:19:00
143,81,purchase,3.0,2025-08-10 01:45:00
143,8,cart,,2025-09-09 22:02:00
143,22,view,,2025-09-14 19:18:00
143,11,purchase,4.0,2025-10-29 03:27:00
143,9,purchase,4.0,2025-10-30 00:27:00
143,21,purchase,4.0,2025-11-27 20:13:00
143,3,purchase,4.0,2025-11-29 10:46:00
143,18,purchase,4.0,2025-11-29 19:46:00
143,26,view,,2025-12-06 08:04:00
143,84,purchase,3.0,2025-12-16 22:42:00
143,33,purchase,3.0,2025-12-21 12:26:00
143,26,view,,2026-01-10 05:27:00
143,8,purchase,5.0,2026-03-08 17:10:00
143,19,cart,,2026-03-08 19:25:00
143,7,purchase,5.0,2026-03-10 00:10:00
143,32,purchase,4.0,2026-03-16 04:36:00
143,5,purchase,3.0,2026-05-08 16:15:00
143,2,purchase,5.0,2026-05-09 11:15:00
143,2,view,,2026-05-10 15:05:00
143,4,view,,2026-06-03 06:36:00
143,46,view,,2026-06-06 10:20:00
143,37,purchase,4.0,2026-06-21 20:08:00
143,37,view,,2026-08-13 04:11:00
143,20,purchase,3.0,2026-08-13 17:20:00
143,58,purchase,4.0,2026-08-14 19:57:00
143,54,purchase,3.0,2026-09-02 22:28:00
143,53,purchase,4.0,2026-09-03 20:28:00
144,41,view,,2025-01-05 14:45:00
144,60,cart,,2025-01-08 16:38:00
144,18,view,,2025-03-15 07:05:00
144,13,purchase,4.0,2025-04-01 02:48:00
144,56,view,,2025-04-23 12:10:00
144,57,purchase,4.0,2025-04-26 15:19:00
144,15,view,,2025-05-05 18:23:00
144,14,view,,2025-06-28 00:04:00
144,57,view,,2025-08-05 00:25:00
144,55,purchase,5.0,2025-08-06 09:16:00
144,64,view,,2025-09-17 13:32:00
144,52,view,,2025-10-05 00:05:00
144,58,cart,,2025-10-15 04:09:00
144,9,purchase,4.0,2025-10-18 10:03:00
144,6,purchase,4.0,2025-10-18 21:03:00
144,30,view,,2025-11-13 06:42:00
144,16,purchase,4.0,2025-12-17 17:03:00
144,34,purchase,3.0,2025-12-24 00:49:00
144,11,purchase,3.0,2026-01-05 21:19:00
144,1,purchase,4.0,2026-01-05 23:19:00
144,79,purchase,4.0,2026-01-12 04:04:00
144,7,cart,,2026-02-16 10:34:00
144,10,purchase,4.0,2026-03-03 23:40:00
144,2,purchase,4.0,2026-03-04 20:40:00
144,21,cart,,2026-03-08 15:54:00
144,10,view,,2026-04-07 23:57:00
144,69,view,,2026-04-30 00:28:00
144,30,view,,2026-05-02 17:16:00
144,52,view,,2026-05-14 01:49:00
144,3,purchase,3.0,2026-06-05 14:41:00
144,18,purchase,4.0,2026-06-07 00:41:00
144,8,cart,,2026-06-13 07:49:00
144,55,purchase,5.0,2026-06-24 18:38:00
144,52,purchase,4.0,2026-06-25 21:38:00
144,14,cart,,2026-07-03 02:59:00
144,3,view,,2026-09-17 21:31:00
145,54,purchase,5.0,2025-01-07 10:38:00
145,56,purchase,4.0,2025-01-08 01:38:00
145,25,view,,2025-02-04 12:09:00
145,8,purchase,4.0,2025-03-22 05:38:00
145,7,purchase,4.0,2025-03-22 23:38:00
145,88,cart,,2025-05-17 10:51:00
145,53,view,,2025-06-05 05:48:00
145,59,view,,2025-09-05 10:05:00
145,64,purchase,4.0,2025-09-25 03:13:00
145,25,purchase,5.0,2026-01-22 14:33:00
145,16,view,,2026-02-09 05:56:00
145,30,purchase,3.0,2026-03-06 17:23:00
145,81,view,,2026-03-27 12:25:00
145,57,view,,2026-05-03 21:30:00
145,15,view,,2026-05-08 05:18:00
145,33,view,,2026-05-09 06:33:00
145,41,view,,2026-05-25 05:49:00
145,10,cart,,2026-05-28 15:08:00
145,62,purchase,5.0,2026-08-01 02:33:00
146,74,cart,,2025-01-01 15:47:00
146,44,purchase,3.0,2025-03-07 18:55:00
146,76,purchase,4.0,2025-03-17 14:41:00
146,50,cart,,2025-03-28 17:23:00
146,34,purchase,4.0,2025-03-31 02:26:00
146,20,purchase,4.0,2025-04-27 12:07:00
146,47,purchase,4.0,2025-06-07 20:58:00
146,47,cart,,2025-06-14 09:20:00
146,47,view,,2025-07-04 21:34:00
146,53,cart,,2025-07-08 02:58:00
146,41,view,,2025-08-18 23:29:00
146,28,cart,,2025-08-23 18:50:00
146,18,cart,,2025-09-01 15:01:00
146,76,purchase,4.0,2025-09-29 14:49:00
146,33,purchase,3.0,2025-10-26 22:28:00
146,73,purchase,5.0,2025-12-02 09:02:00
146,8,purchase,3.0,2025-12-22 03:57:00
146,6,purchase,4.0,2025-12-23 08:57:00
146,44,purchase,4.0,2026-01-18 22:03:00
146,70,view,,2026-01-29 02:27:00
146,89,purchase,4.0,2026-01-30 15:49:00
146,25,purchase,4.0,2026-02-02 06:23:00
146,87,cart,,2026-02-20 22:18:00
146,72,view,,2026-04-02 23:22:00
146,74,purchase,5.0,2026-05-07 11:23:00
146,39,purchase,3.0,2026-05-16 12:47:00
146,55,purchase,4.0,2026-05-27 10:54:00
146,45,cart,,2026-06-05 10:12:00
146,66,purchase,4.0,2026-06-06 22:29:00
146,46,view,,2026-06-25 06:53:00
146,27,view,,2026-07-25 23:02:00
146,77,view,,2026-08-09 15:36:00
146,42,cart,,2026-09-07 23:03:00
147,86,view,,2025-02-02 21:25:00
147,12,cart,,2025-03-17 10:21:00
147,71,purchase,4.0,2025-05-22 06:54:00
147,71,view,,2025-05-27 10:01:00
147,89,purchase,3.0,2025-06-18 14:35:00
147,59,cart,,2025-06-29 09:16:00
147,64,view,,2025-07-30 18:08:00
147,9,cart,,2025-08-08 23:08:00
147,64,view,,2025-08-21 09:40:00
147,55,cart,,2025-09-22 02:48:00
147,65,purchase,3.0,2025-12-21 02:53:00
147,57,purchase,5.0,2026-01-03 20:55:00
147,53,purchase,4.0,2026-01-04 23:55:00
147,63,cart,,2026-07-27 09:59:00
148,5,view,,2025-01-04 05:39:00
148,5,cart,,2025-02-19 23:23:00
148,6,view,,2025-02-23 08:27:00
148,45,view,,2025-02-23 18:44:00
148,1,purchase,4.0,2025-04-07 05:29:00
148,11,purchase,4.0,2025-04-07 12:29:00
148,9,purchase,5.0,2025-04-11 22:19:00
148,2,purchase,3.0,2025-04-13 05:19:00
148,42,view,,2025-04-26 16:39:00
148,38,purchase,3.0,2025-04-27 20:40:00
148,42,purchase,4.0,2025-04-28 11:40:00
148,64,cart,,2025-05-22 12:23:00
148,1,purchase,5.0,2025-06-03 21:45:00
148,5,purchase,4.0,2025-06-05 06:45:00
148,9,view,,2025-06-30 08:42:00
148,16,view,,2025-07-03 11:29:00
148,41,purchase,3.0,2025-07-20 01:28:00
148,39,purchase,4.0,2025-07-20 08:28:00
148,5,cart,,2025-07-24 04:05:00
148,41,view,,2025-08-14 18:30:00
148,5,view,,2025-11-10 07:50:00
148,21,purchase,3.0,2025-12-17 02:26:00
148,38,cart,,2025-12-22 07:01:00
148,4,view,,2026-02-10 08:28:00
148,3,purchase,3.0,2026-03-07 17:12:00
148,12,cart,,2026-05-19 02:10:00
148,20,view,,2026-06-28 00:36:00
148,10,view,,2026-07-28 17:22:00
148,46,purchase,3.0,2026-08-23 03:24:00
148,88,view,,2026-08-31 10:04:00
148,48,purchase,4.0,2026-09-10 16:23:00
149,13,view,,2025-02-20 11:46:00
149,37,cart,,2025-04-08 12:30:00
149,54,purchase,5.0,2025-05-31 06:00:00
149,55,purchase,4.0,2025-06-01 13:00:00
149,58,view,,2025-08-11 22:03:00
149,29,view,,2025-10-23 12:41:00
149,36,cart,,2025-11-15 13:47:00
149,16,view,,2026-01-06 11:06:00
149,25,view,,2026-02-15 02:08:00
149,43,view,,2026-05-20 18:43:00
149,24,purchase,3.0,2026-06-08 07:53:00
149,64,view,,2026-06-29 05:45:00
149,83,purchase,4.0,2026-06-29 18:46:00
149,63,view,,2026-08-06 04:47:00
149,28,purchase,3.0,2026-08-20 16:23:00
150,3,purchase,4.0,2025-01-07 10:39:00
150,38,view,,2025-01-30 04:13:00
150,6,view,,2025-04-18 21:05:00
150,12,purchase,3.0,2025-04-27 02:30:00
150,5,purchase,4.0,2025-04-27 09:30:00
150,10,purchase,4.0,2025-05-25 22:24:00
150,8,purchase,5.0,2025-05-26 13:24:00
150,3,view,,2025-05-31 05:20:00
150,3,view,,2025-06-10 03:18:00
150,39,view,,2025-06-15 08:22:00
150,42,cart,,2025-07-06 00:07:00
150,6,purchase,3.0,2025-09-15 00:20:00
150,7,purchase,4.0,2025-09-15 22:20:00
150,9,purchase,4.0,2025-10-11 04:28:00
150,11,purchase,4.0,2025-10-11 20:28:00
150,75,view,,2025-11-06 16:37:00
150,4,cart,,2025-11-15 19:32:00
150,44,view,,2025-12-20 05:56:00
150,45,view,,2025-12-24 15:28:00
150,40,cart,,2026-01-01 08:26:00
150,18,view,,2026-01-03 10:23:00
150,45,view,,2026-01-09 08:02:00
150,21,view,,2026-02-14 21:23:00
150,30,purchase,3.0,2026-05-09 12:17:00
150,42,purchase,4.0,2026-05-30 12:08:00
150,49,cart,,2026-06-25 20:38:00
150,11,purchase,3.0,2026-07-12 15:46:00
150,2,purchase,4.0,2026-07-13 09:46:00
150,11,view,,2026-08-29 03:35:00
150,50,purchase,4.0,2026-09-03 04:31:00
150,38,purchase,5.0,2026-09-12 08:10:00
150,41,purchase,5.0,2026-09-13 07:10:00
150,4,purchase,3.0,2026-09-20 02:20:00
150,18,purchase,4.0,2026-09-21 10:20:00
150,2,purchase,3.0,2026-09-22 16:36:00
150,1,purchase,4.0,2026-09-23 08:36:00
151,48,purchase,3.0,2025-01-17 20:05:00
151,76,purchase,3.0,2025-02-02 15:09:00
151,74,purchase,4.0,2025-02-07 23:02:00
151,7,view,,2025-06-13 18:42:00
151,10,view,,2025-06-20 08:48:00
151,28,purchase,3.0,2025-06-24 07:52:00
151,65,cart,,2025-06-29 02:07:00
151,71,view,,2025-08-06 14:56:00
151,53,purchase,2.0,2025-09-20 17:59:00
151,15,view,,2025-09-24 08:30:00
151,4,view,,2025-10-01 00:30:00
151,71,view,,2025-10-23 19:48:00
151,3,purchase,3.0,2025-11-11 05:21:00
151,10,purchase,4.0,2025-11-12 00:21:00
151,63,cart,,2025-12-13 13:58:00
151,48,view,,2026-01-09 01:16:00
151,74,view,,2026-03-16 01:30:00
151,39,purchase,3.0,2026-04-13 21:33:00
151,42,purchase,4.0,2026-04-14 10:33:00
151,48,view,,2026-05-18 16:08:00
151,57,view,,2026-06-30 00:07:00
152,56,cart,,2025-01-15 12:27:00
152,89,cart,,2025-02-01 11:58:00
152,80,cart,,2025-02-03 08:35:00
152,90,purchase,4.0,2025-02-07 03:56:00
152,78,cart,,2025-02-18 15:35:00
152,22,purchase,4.0,2025-03-09 18:57:00
152,56,purchase,2.0,2025-05-14 15:22:00
152,53,purchase,4.0,2025-05-15 10:22:00
152,10,view,,2025-05-27 19:22:00
152,53,purchase,3.0,2025-06-04 21:56:00
152,58,view,,2025-06-18 20:12:00
152,26,view,,2025-12-01 01:11:00
152,89,purchase,4.0,2025-12-01 15:38:00
152,64,view,,2026-01-03 08:01:00
152,90,purchase,4.0,2026-01-19 10:16:00
152,54,purchase,3.0,2026-04-06 17:06:00
152,18,view,,2026-04-09 20:19:00
152,90,view,,2026-05-06 15:22:00
152,14,purchase,3.0,2026-05-07 08:43:00
152,1,view,,2026-05-20 18:54:00
152,63,view,,2026-05-23 16:41:00
152,84,cart,,2026-06-19 19:09:00
152,58,view,,2026-07-27 14:08:00
152,57,view,,2026-08-04 15:31:00
153,26,cart,,2025-01-18 00:45:00
153,34,purchase,4.0,2025-01-20 11:41:00
153,40,cart,,2025-04-01 17:39:00
153,41,view,,2025-04-10 12:15:00
153,43,view,,2025-05-03 03:52:00
153,87,purchase,3.0,2025-05-14 18:33:00
153,35,purchase,4.0,2025-05-15 09:09:00
153,65,purchase,3.0,2025-05-26 17:02:00
153,68,purchase,4.0,2025-05-27 10:02:00
153,28,view,,2025-07-11 04:50:00
153,82,purchase,3.0,2025-07-23 21:53:00
153,38,purchase,4.0,2025-08-25 06:48:00
153,29,view,,2025-10-05 23:18:00
153,41,cart,,2025-11-24 09:03:00
153,45,view,,2026-01-16 17:28:00
153,30,view,,2026-03-04 12:02:00
153,54,purchase,4.0,2026-03-06 01:50:00
153,35,cart,,2026-03-08 02:21:00
153,38,view,,2026-05-09 09:43:00
153,37,cart,,2026-06-08 04:37:00
153,38,purchase,3.0,2026-08-23 14:36:00
153,66,view,,2026-08-24 03:18:00
153,39,purchase,4.0,2026-08-24 16:36:00
153,49,purchase,3.0,2026-09-16 14:09:00
154,90,view,,2025-01-30 13:34:00
154,35,cart,,2025-02-03 02:50:00
154,26,view,,2025-03-16 05:23:00
154,57,cart,,2025-04-26 20:04:00
154,57,purchase,4.0,2025-06-30 21:33:00
154,35,view,,2025-08-29 21:48:00
154,52,purchase,5.0,2025-09-23 00:09:00
154,53,purchase,5.0,2025-09-24 09:09:00
154,52,cart,,2025-10-16 19:44:00
154,29,view,,2025-10-30 02:41:00
154,41,view,,2025-11-14 19:24:00
154,54,view,,2026-03-01 21:09:00
154,4,view,,2026-03-18 08:40:00
154,35,view,,2026-03-23 04:38:00
154,75,view,,2026-04-25 17:07:00
154,53,purchase,3.0,2026-06-07 01:38:00
154,54,purchase,4.0,2026-06-08 00:38:00
154,59,view,,2026-07-01 13:54:00
154,56,purchase,4.0,2026-09-07 07:57:00
154,55,purchase,5.0,2026-09-07 20:57:00
154,34,view,,2026-09-29 10:11:00
155,40,cart,,2025-03-07 22:23:00
155,20,view,,2025-05-07 02:35:00
155,13,view,,2025-07-22 23:57:00
155,6,view,,2025-10-25 00:07:00
155,30,cart,,2025-11-27 11:40:00
155,60,purchase,3.0,2025-12-10 22:30:00
155,2,purchase,3.0,2025-12-17 17:23:00
155,6,purchase,5.0,2025-12-18 09:23:00
155,48,cart,,2026-01-25 06:24:00
155,11,view,,2026-03-06 05:09:00
155,4,view,,2026-03-06 15:27:00
155,55,view,,2026-03-24 05:41:00
155,14,view,,2026-03-28 21:52:00
155,22,purchase,5.0,2026-03-29 01:07:00
155,87,purchase,4.0,2026-04-17 23:05:00
155,30,view,,2026-05-17 10:52:00
155,48,view,,2026-06-11 01:33:00
155,12,view,,2026-06-21 18:53:00
155,43,cart,,2026-07-01 01:09:00
155,38,view,,2026-07-18 07:48:00
155,49,view,,2026-08-11 05:46:00
155,3,purchase,3.0,2026-09-07 18:49:00
155,9,purchase,4.0,2026-09-09 04:49:00
156,35,purchase,4.0,2025-01-08 08:13:00
156,34,purchase,5.0,2025-01-22 16:49:00
156,13,purchase,3.0,2025-03-20 06:08:00
156,33,purchase,3.0,2025-03-23 21:28:00
156,35,purchase,4.0,2025-04-08 09:11:00
156,18,view,,2025-04-15 19:33:00
156,37,purchase,4.0,2025-06-14 22:50:00
156,30,view,,2025-08-04 12:15:00
156,32,purchase,5.0,2025-08-18 02:25:00
156,90,view,,2025-11-06 16:50:00
156,35,purchase,5.0,2025-12-13 10:09:00
156,18,view,,2026-01-17 08:07:00
156,33,view,,2026-03-15 10:58:00
156,22,purchase,4.0,2026-05-22 07:11:00
156,22,view,,2026-05-24 06:43:00
156,88,purchase,3.0,2026-09-17 23:45:00
157,16,cart,,2025-01-15 20:56:00
157,76,cart,,2025-01-29 12:26:00
157,55,view,,2025-03-11 04:45:00
157,32,view,,2025-04-24 07:58:00
157,25,view,,2025-06-06 19:28:00
157,82,purchase,3.0,2025-06-11 18:35:00
157,74,view,,2025-07-08 17:17:00
157,22,cart,,2025-09-11 05:26:00
157,55,purchase,5.0,2025-09-18 15:32:00
157,57,purchase,4.0,2025-09-18 18:32:00
157,32,view,,2025-11-08 22:34:00
157,41,purchase,3.0,2025-11-11 01:10:00
157,8,cart,,2026-04-05 07:42:00
157,54,view,,2026-04-26 01:55:00
157,90,purchase,4.0,2026-05-12 02:29:00
157,52,cart,,2026-07-28 23:56:00
157,5,purchase,3.0,2026-08-26 05:46:00
157,8,purchase,4.0,2026-08-26 18:46:00
158,61,cart,,2025-02-14 16:30:00
158,5,purchase,4.0,2025-04-08 19:17:00
158,8,purchase,4.0,2025-04-10 05:17:00
158,22,view,,2025-07-07 13:15:00
158,70,purchase,5.0,2025-07-22 22:08:00
158,20,view,,2025-08-04 07:36:00
158,83,view,,2025-08-05 01:16:00
158,40,cart,,2025-10-28 15:11:00
158,15,view,,2025-11-19 02:54:00
158,32,purchase,4.0,2025-12-05 02:01:00
158,7,view,,2026-01-04 16:50:00
158,74,cart,,2026-03-27 10:25:00
158,49,purchase,3.0,2026-04-06 14:30:00
158,8,view,,2026-06-04 17:56:00
158,46,cart,,2026-07-07 09:10:00
158,13,view,,2026-09-10 14:39:00
159,45,view,,2025-02-14 00:48:00
159,12,view,,2025-03-15 02:28:00
159,32,view,,2025-03-29 06:49:00
159,75,purchase,4.0,2025-04-04 07:19:00
159,22,view,,2025-05-02 00:05:00
159,71,cart,,2025-09-16 00:24:00
159,11,purchase,5.0,2025-09-23 18:56:00
159,6,purchase,5.0,2025-09-24 21:56:00
159,44,view,,2025-09-28 10:54:00
159,21,cart,,2025-10-22 04:47:00
159,15,view,,2026-01-18 10:18:00
159,16,cart,,2026-01-23 16:37:00
159,21,view,,2026-01-24 17:37:00
159,75,purchase,4.0,2026-02-16 06:54:00
159,5,purchase,4.0,2026-02-23 04:00:00
159,2,cart,,2026-03-21 23:01:00
159,33,view,,2026-04-17 15:09:00
159,4,purchase,5.0,2026-07-06 23:35:00
159,2,purchase,5.0,2026-07-07 18:35:00
159,11,purchase,5.0,2026-07-21 07:21:00
159,1,purchase,4.0,2026-07-22 15:21:00
159,14,view,,2026-09-12 02:40:00
159,63,purchase,4.0,2026-09-19 09:09:00
160,22,purchase,5.0,2025-02-24 13:23:00
160,10,view,,2025-03-15 03:30:00
160,35,view,,2025-03-28 16:19:00
160,22,purchase,4.0,2025-04-03 06:08:00
160,13,view,,2025-04-04 13:34:00
160,87,purchase,3.0,2025-06-08 12:53:00
160,32,cart,,2025-06-26 15:12:00
160,9,view,,2025-06-30 18:11:00
160,20,purchase,5.0,2025-07-04 13:27:00
160,65,view,,2025-09-01 20:27:00
160,2,purchase,5.0,2025-09-19 06:12:00
160,12,purchase,4.0,2025-09-19 10:12:00
160,22,view,,2025-11-06 18:02:00
160,22,purchase,5.0,2025-12-31 08:13:00
160,24,purchase,4.0,2026-02-21 15:04:00
160,3,view,,2026-04-15 11:48:00
161,12,view,,2025-01-03 11:15:00
161,86,view,,2025-07-18 15:04:00
161,72,purchase,3.0,2025-09-24 09:27:00
161,39,view,,2025-09-24 11:00:00
161,61,cart,,2026-01-25 04:51:00
161,87,cart,,2026-03-13 09:17:00
161,52,view,,2026-03-17 17:18:00
161,49,purchase,4.0,2026-03-25 20:53:00
161,65,cart,,2026-05-02 02:28:00
161,52,purchase,2.0,2026-05-04 04:23:00
161,55,purchase,4.0,2026-05-04 10:23:00
161,43,purchase,3.0,2026-05-17 12:10:00
161,42,purchase,5.0,2026-05-18 00:10:00
161,81,view,,2026-06-25 16:51:00
161,88,cart,,2026-07-31 04:04:00
162,60,view,,2025-01-11 20:25:00
162,6,cart,,2025-01-25 09:31:00
162,43,purchase,2.0,2025-03-08 23:55:00
162,61,view,,2025-08-19 04:20:00
162,10,view,,2025-08-31 04:30:00
162,69,view,,2025-09-21 14:06:00
162,64,purchase,5.0,2025-10-22 19:15:00
162,11,purchase,4.0,2025-10-25 03:27:00
162,87,view,,2025-11-20 12:04:00
162,55,view,,2025-12-06 05:22:00
162,60,purchase,4.0,2026-01-30 17:41:00
162,11,cart,,2026-04-27 13:27:00
162,65,view,,2026-05-01 15:42:00
162,10,view,,2026-06-22 06:27:00
162,12,view,,2026-07-01 06:55:00
163,80,purchase,5.0,2025-01-15 01:18:00
163,89,purchase,5.0,2025-01-22 11:47:00
163,89,view,,2025-02-09 01:43:00
163,75,view,,2025-04-28 04:35:00
163,47,view,,2025-04-30 09:01:00
163,75,view,,2025-06-09 00:06:00
163,47,view,,2025-06-12 05:21:00
163,82,purchase,4.0,2025-07-15 13:04:00
163,52,cart,,2025-07-19 08:59:00
163,88,purchase,2.0,2025-07-25 21:30:00
163,4,purchase,3.0,2025-08-14 02:15:00
163,7,purchase,3.0,2025-08-14 18:15:00
163,75,view,,2025-08-15 17:16:00
163,82,purchase,3.0,2025-08-22 14:12:00
163,42,purchase,3.0,2025-09-01 15:27:00
163,43,purchase,4.0,2025-09-02 22:27:00
163,83,view,,2025-09-26 16:07:00
163,84,view,,2025-11-16 01:15:00
163,16,view,,2025-11-25 19:00:00
163,85,cart,,2025-11-27 07:57:00
163,25,view,,2025-12-13 15:36:00
163,44,cart,,2025-12-26 07:03:00
163,44,view,,2026-01-09 09:30:00
163,79,purchase,3.0,2026-01-13 16:48:00
163,88,purchase,3.0,2026-04-13 22:26:00
163,11,purchase,3.0,2026-04-24 21:04:00
163,9,purchase,4.0,2026-04-25 13:04:00
163,35,view,,2026-04-25 17:25:00
163,40,purchase,3.0,2026-05-02 12:55:00
163,70,view,,2026-05-10 12:39:00
163,37,view,,2026-05-14 23:10:00
163,79,view,,2026-09-23 04:57:00
164,29,cart,,2025-01-03 11:36:00
164,63,view,,2025-01-30 17:56:00
164,33,purchase,3.0,2025-04-03 23:11:00
164,52,cart,,2025-05-12 12:18:00
164,58,purchase,5.0,2025-06-07 03:44:00
164,58,view,,2025-06-14 07:51:00
164,58,purchase,4.0,2025-07-27 11:54:00
164,36,view,,2025-11-03 02:29:00
164,54,purchase,3.0,2025-11-04 05:29:00
164,56,purchase,4.0,2025-11-05 14:29:00
164,12,view,,2025-11-19 04:51:00
164,63,view,,2025-11-21 23:21:00
164,50,view,,2026-01-30 09:37:00
164,71,purchase,5.0,2026-03-11 21:05:00
164,55,view,,2026-03-24 13:14:00
164,87,purchase,3.0,2026-03-25 12:08:00
164,61,view,,2026-06-29 22:31:00
164,62,view,,2026-08-13 16:36:00
164,58,cart,,2026-08-24 05:45:00
164,57,view,,2026-09-04 06:45:00
165,5,cart,,2025-01-09 13:29:00
165,72,purchase,3.0,2025-02-07 15:33:00
165,89,purchase,3.0,2025-02-26 20:33:00
165,37,purchase,3.0,2025-07-25 09:25:00
165,10,view,,2025-07-29 07:30:00
165,70,view,,2025-08-22 17:42:00
165,64,purchase,2.0,2025-09-13 22:54:00
165,43,view,,2025-09-15 21:53:00
165,70,purchase,4.0,2025-09-21 03:33:00
165,19,view,,2025-09-25 22:03:00
165,10,view,,2025-09-27 18:56:00
165,74,view,,2025-10-27 03:46:00
165,11,view,,2025-11-18 00:09:00
165,18,view,,2026-02-07 04:53:00
165,70,view,,2026-02-10 22:18:00
165,54,view,,2026-02-12 18:07:00
165,18,view,,2026-04-22 13:48:00
165,64,cart,,2026-04-24 15:08:00
165,76,view,,2026-05-06 09:55:00
165,21,cart,,2026-05-13 21:43:00
165,15,view,,2026-05-14 03:44:00
165,53,view,,2026-05-23 07:31:00
165,74,view,,2026-05-26 04:48:00
165,78,view,,2026-07-01 20:21:00
165,43,view,,2026-07-08 12:57:00
165,7,view,,2026-07-09 16:24:00
165,52,view,,2026-07-30 22:03:00
165,23,cart,,2026-09-02 04:41:00
166,36,purchase,4.0,2025-01-11 22:24:00
166,36,cart,,2025-03-26 04:46:00
166,24,view,,2025-04-03 06:59:00
166,30,cart,,2025-05-14 16:37:00
166,58,cart,,2025-06-02 12:17:00
166,29,purchase,3.0,2025-07-08 01:39:00
166,28,view,,2025-07-11 19:21:00
166,14,view,,2025-10-23 05:28:00
166,87,view,,2026-01-02 16:36:00
166,24,purchase,4.0,2026-02-12 08:01:00
166,54,cart,,2026-02-13 18:02:00
166,30,purchase,4.0,2026-04-20 21:33:00
166,33,cart,,2026-04-21 18:32:00
166,59,cart,,2026-08-13 22:06:00
167,3,view,,2025-02-20 10:39:00
167,1,purchase,4.0,2025-02-27 19:36:00
167,50,purchase,3.0,2025-03-22 13:17:00
167,70,purchase,5.0,2025-03-25 13:32:00
167,67,view,,2025-04-05 19:20:00
167,29,view,,2025-04-13 10:16:00
167,9,purchase,4.0,2025-04-22 19:45:00
167,4,purchase,4.0,2025-04-23 18:45:00
167,67,view,,2025-05-29 17:16:00
167,8,cart,,2025-06-10 21:12:00
167,81,purchase,3.0,2025-07-09 10:59:00
167,71,cart,,2025-08-05 13:24:00
167,14,view,,2025-08-07 03:04:00
167,18,purchase,4.0,2025-09-01 02:40:00
167,6,purchase,4.0,2025-09-01 09:40:00
167,3,purchase,4.0,2025-09-16 02:34:00
167,7,cart,,2025-09-16 15:11:00
167,18,cart,,2025-11-14 07:49:00
167,7,view,,2025-11-29 06:56:00
167,7,cart,,2025-12-24 14:28:00
167,39,purchase,3.0,2026-01-01 09:33:00
167,12,view,,2026-01-05 03:14:00
167,44,purchase,4.0,2026-01-27 13:22:00
167,56,purchase,3.0,2026-03-20 13:12:00
167,57,purchase,4.0,2026-03-21 22:12:00
167,2,view,,2026-05-10 03:21:00
167,72,purchase,5.0,2026-05-24 06:28:00
167,13,view,,2026-06-03 05:41:00
167,59,cart,,2026-06-27 16:41:00
167,70,view,,2026-07-27 05:58:00
167,10,cart,,2026-08-04 00:40:00
167,2,purchase,3.0,2026-08-15 06:24:00
167,9,cart,,2026-09-18 11:15:00
168,61,cart,,2025-01-12 14:59:00
168,2,cart,,2025-01-28 20:31:00
168,14,cart,,2025-02-09 14:09:00
168,69,purchase,3.0,2025-03-17 10:41:00
168,42,purchase,3.0,2025-05-03 06:29:00
168,43,purchase,4.0,2025-05-03 22:29:00
168,42,view,,2025-05-07 02:26:00
168,3,purchase,5.0,2025-05-31 14:01:00
168,2,purchase,4.0,2025-05-31 20:01:00
168,14,view,,2025-06-26 03:22:00
168,16,cart,,2025-07-25 18:58:00
168,52,purchase,5.0,2025-09-29 09:48:00
168,57,purchase,4.0,2025-09-30 01:48:00
168,21,view,,2025-10-16 08:24:00
168,61,view,,2025-11-03 00:38:00
168,7,view,,2025-12-30 05:48:00
168,44,cart,,2026-01-20 00:19:00
168,11,view,,2026-03-27 17:24:00
168,76,cart,,2026-05-01 11:45:00
168,54,purchase,4.0,2026-06-11 18:51:00
168,52,view,,2026-06-25 13:33:00
168,3,view,,2026-07-07 22:54:00
168,3,view,,2026-07-23 18:48:00
168,61,cart,,2026-08-09 03:32:00
168,3,purchase,5.0,2026-09-23 02:47:00
169,79,cart,,2025-01-22 05:36:00
169,38,view,,2025-03-27 08:30:00
169,76,purchase,5.0,2025-04-10 09:52:00
169,86,purchase,5.0,2025-04-17 20:09:00
169,14,view,,2025-04-30 16:07:00
169,63,cart,,2025-05-02 13:04:00
169,57,view,,2025-05-19 05:38:00
169,70,view,,2025-07-31 09:15:00
169,28,view,,2025-08-30 00:41:00
169,76,purchase,4.0,2025-09-06 16:53:00
169,89,purchase,5.0,2025-09-09 22:03:00
169,76,purchase,4.0,2025-09-27 18:52:00
169,74,cart,,2025-09-28 07:25:00
169,21,cart,,2025-10-17 11:35:00
169,65,view,,2025-10-30 22:58:00
169,52,view,,2026-01-23 10:12:00
169,79,view,,2026-02-04 20:08:00
169,73,view,,2026-03-07 13:51:00
169,87,purchase,4.0,2026-03-18 11:58:00
169,1,purchase,3.0,2026-04-16 14:02:00
169,2,purchase,4.0,2026-04-17 14:02:00
169,73,view,,2026-04-21 05:21:00
169,3,purchase,3.0,2026-05-12 10:12:00
169,90,purchase,3.0,2026-05-27 07:18:00
169,81,purchase,4.0,2026-06-30 18:11:00
169,28,purchase,3.0,2026-07-20 14:41:00
169,82,purchase,3.0,2026-07-23 09:35:00
169,76,view,,2026-08-04 19:44:00
169,29,purchase,3.0,2026-09-27 10:52:00
170,30,purchase,3.0,2025-03-04 23:57:00
170,86,view,,2025-03-22 01:15:00
170,76,purchase,4.0,2025-08-03 23:55:00
170,81,cart,,2025-08-06 01:32:00
170,73,view,,2025-08-11 12:07:00
170,88,view,,2025-08-20 02:30:00
170,35,view,,2025-09-22 11:49:00
170,80,cart,,2025-09-24 20:03:00
170,30,purchase,3.0,2025-11-03 14:09:00
170,87,view,,2025-11-16 13:02:00
170,74,view,,2026-02-28 02:51:00
170,75,purchase,5.0,2026-04-20 22:44:00
170,85,purchase,4.0,2026-04-23 09:00:00
170,85,view,,2026-05-25 12:54:00
170,5,view,,2026-07-01 21:32:00
171,9,cart,,2025-02-05 12:53:00
171,9,view,,2025-02-21 03:05:00
171,4,cart,,2025-02-27 01:00:00
171,88,view,,2025-04-01 02:50:00
171,11,view,,2025-04-15 01:20:00
171,18,purchase,5.0,2025-04-28 12:00:00
171,12,purchase,4.0,2025-04-29 17:00:00
171,18,view,,2025-05-26 22:28:00
171,20,purchase,3.0,2025-07-04 08:29:00
171,47,purchase,3.0,2025-07-13 06:09:00
171,18,view,,2025-10-25 05:37:00
171,78,view,,2025-10-27 23:33:00
171,86,purchase,4.0,2025-11-30 23:00:00
171,61,purchase,2.0,2026-02-05 15:33:00
171,21,view,,2026-03-21 11:07:00
171,30,cart,,2026-04-15 03:50:00
171,55,purchase,3.0,2026-05-18 22:17:00
171,53,purchase,4.0,2026-05-20 01:17:00
171,5,cart,,2026-06-26 00:01:00
171,4,view,,2026-09-25 03:56:00
172,38,purchase,5.0,2025-01-01 01:07:00
172,40,cart,,2025-01-09 16:08:00
172,1,cart,,2025-01-11 21:32:00
172,89,purchase,3.0,2025-02-03 04:01:00
172,49,purchase,5.0,2025-02-15 08:40:00
172,58,view,,2025-03-30 15:02:00
172,2,view,,2025-04-14 03:57:00
172,42,view,,2025-04-21 20:38:00
172,48,purchase,3.0,2025-05-26 05:24:00
172,84,purchase,4.0,2025-06-07 12:46:00
172,82,view,,2025-06-08 08:08:00
172,33,view,,2025-07-10 16:01:00
172,48,cart,,2025-08-09 04:45:00
172,71,view,,2025-09-17 02:21:00
172,39,view,,2025-10-16 12:15:00
172,40,cart,,2025-10-24 20:45:00
172,37,view,,2025-11-16 15:11:00
172,71,purchase,4.0,2025-11-20 18:08:00
172,78,view,,2025-12-19 10:24:00
172,14,cart,,2025-12-24 03:21:00
172,44,cart,,2026-02-15 10:14:00
172,46,view,,2026-03-20 23:41:00
172,18,purchase,3.0,2026-03-25 18:45:00
172,11,purchase,4.0,2026-03-25 23:45:00
172,9,view,,2026-05-01 16:53:00
172,74,purchase,5.0,2026-07-15 07:13:00
172,70,purchase,4.0,2026-08-10 14:23:00
172,71,purchase,4.0,2026-08-19 14:56:00
172,14,view,,2026-09-06 15:42:00
173,78,cart,,2025-02-05 00:13:00
173,58,purchase,5.0,2025-06-03 16:10:00
173,27,view,,2025-07-11 13:51:00
173,2,purchase,4.0,2025-07-11 15:13:00
173,36,purchase,4.0,2025-07-19 15:38:00
173,58,view,,2025-08-30 00:39:00
173,3,cart,,2025-09-14 21:03:00
173,15,cart,,2025-09-17 12:16:00
173,11,purchase,4.0,2025-12-01 16:35:00
173,1,purchase,4.0,2025-12-02 10:35:00
173,53,view,,2026-06-18 00:52:00
173,10,cart,,2026-07-26 18:15:00
173,55,view,,2026-09-10 16:15:00
174,71,purchase,4.0,2025-01-20 16:19:00
174,34,cart,,2025-03-19 14:08:00
174,76,purchase,5.0,2025-03-23 19:53:00
174,71,cart,,2025-04-02 03:54:00
174,74,view,,2025-04-12 11:57:00
174,35,cart,,2025-04-24 15:57:00
174,40,purchase,3.0,2025-05-18 07:56:00
174,38,purchase,5.0,2025-05-18 18:56:00
174,71,purchase,5.0,2025-06-05 20:48:00
174,66,view,,2025-06-22 07:14:00
174,50,view,,2025-08-07 07:13:00
174,70,cart,,2025-08-10 07:50:00
174,21,purchase,4.0,2025-09-03 16:14:00
174,76,purchase,5.0,2025-09-06 02:49:00
174,70,view,,2025-09-10 03:25:00
174,70,view,,2025-09-27 18:41:00
174,74,cart,,2025-10-05 04:58:00
174,72,view,,2025-10-15 02:31:00
174,18,cart,,2025-11-01 06:19:00
174,76,view,,2025-11-04 09:33:00
174,79,view,,2025-11-16 00:47:00
174,70,purchase,4.0,2025-12-02 20:02:00
174,86,view,,2025-12-08 02:49:00
174,24,view,,2026-01-18 09:41:00
174,73,purchase,4.0,2026-05-19 04:51:00
174,37,view,,2026-05-25 07:04:00
174,21,cart,,2026-06-11 01:05:00
174,76,purchase,4.0,2026-07-29 22:45:00
174,42,purchase,4.0,2026-08-01 22:29:00
174,86,view,,2026-09-05 03:02:00
174,86,view,,2026-09-10 04:44:00
174,91,view,,2026-09-13 21:14:00
174,48,view,,2026-09-23 09:57:00
175,26,view,,2025-02-06 03:59:00
175,21,cart,,2025-02-08 23:49:00
175,2,purchase,5.0,2025-03-13 14:28:00
175,13,purchase,5.0,2025-03-17 20:27:00
175,12,view,,2025-04-09 06:12:00
175,78,purchase,3.0,2025-06-14 17:09:00
175,28,purchase,3.0,2025-06-27 02:32:00
175,2,purchase,5.0,2025-07-12 00:32:00
175,7,purchase,4.0,2025-07-13 05:32:00
175,67,cart,,2025-07-21 15:22:00
175,21,view,,2025-07-27 01:38:00
175,6,cart,,2025-09-13 06:37:00
175,90,view,,2025-12-04 19:03:00
175,10,purchase,4.0,2026-05-17 11:56:00
175,18,purchase,4.0,2026-05-18 18:56:00
175,3,cart,,2026-06-19 09:02:00
175,81,purchase,3.0,2026-07-05 06:58:00
175,91,view,,2026-08-13 16:02:00
175,62,cart,,2026-08-14 22:54:00
175,85,cart,,2026-09-09 17:44:00
176,48,cart,,2025-01-05 19:04:00
176,61,purchase,3.0,2025-01-29 22:00:00
176,74,view,,2025-02-01 14:57:00
176,59,purchase,4.0,2025-02-07 18:12:00
176,76,cart,,2025-02-23 18:15:00
176,35,purchase,3.0,2025-03-25 21:03:00
176,41,cart,,2025-03-31 02:20:00
176,30,view,,2025-04-05 23:55:00
176,4,cart,,2025-04-07 10:59:00
176,29,cart,,2025-04-24 13:01:00
176,43,view,,2025-05-17 19:07:00
176,1,cart,,2025-05-27 11:51:00
176,39,view,,2025-06-16 06:22:00
176,44,view,,2025-07-12 00:27:00
176,46,view,,2025-07-19 04:03:00
176,9,cart,,2025-09-16 02:01:00
176,13,cart,,2025-10-13 09:09:00
176,73,view,,2025-11-08 18:41:00
176,49,cart,,2025-11-20 08:00:00
176,35,purchase,3.0,2026-04-16 14:20:00
176,71,view,,2026-04-24 04:27:00
176,69,view,,2026-06-29 14:10:00
177,35,purchase,4.0,2025-01-12 10:25:00
177,24,purchase,4.0,2025-01-19 15:04:00
177,75,view,,2025-02-23 18:11:00
177,30,purchase,3.0,2025-03-05 09:12:00
177,25,purchase,5.0,2025-05-07 20:00:00
177,30,view,,2025-05-14 02:10:00
177,63,purchase,3.0,2025-06-01 19:23:00
177,30,view,,2025-07-18 16:14:00
177,76,view,,2025-09-08 12:15:00
177,57,purchase,4.0,2025-09-26 09:00:00
177,54,purchase,4.0,2025-09-27 15:00:00
177,56,view,,2025-10-20 08:54:00
177,89,cart,,2026-01-28 08:39:00
177,74,purchase,4.0,2026-03-01 22:41:00
177,21,purchase,3.0,2026-03-04 00:38:00
177,30,cart,,2026-03-11 15:13:00
177,65,view,,2026-04-22 23:44:00
177,36,view,,2026-05-08 13:02:00
177,57,view,,2026-05-13 15:20:00
177,72,view,,2026-05-16 14:21:00
177,47,cart,,2026-06-25 12:08:00
177,7,view,,2026-07-10 15:07:00
177,57,cart,,2026-07-31 21:41:00
177,71,purchase,3.0,2026-09-25 17:06:00
178,50,cart,,2025-01-06 08:26:00
178,45,view,,2025-01-07 17:42:00
178,70,cart,,2025-01-23 08:01:00
178,53,purchase,4.0,2025-01-24 18:56:00
178,54,purchase,4.0,2025-01-25 01:56:00
178,34,purchase,3.0,2025-01-28 23:00:00
178,89,view,,2025-02-20 19:22:00
178,43,purchase,3.0,2025-03-02 17:28:00
178,38,purchase,4.0,2025-03-04 03:28:00
178,80,view,,2025-03-18 08:55:00
178,69,view,,2025-03-23 02:36:00
178,47,view,,2025-05-28 12:08:00
178,48,purchase,3.0,2025-05-31 03:06:00
178,82,view,,2025-06-17 12:12:00
178,87,purchase,4.0,2025-07-13 20:51:00
178,38,purchase,4.0,2025-08-06 02:43:00
178,40,purchase,4.0,2025-08-07 01:43:00
178,82,purchase,3.0,2025-08-19 21:37:00
178,86,view,,2025-09-20 14:21:00
178,45,purchase,4.0,2025-09-30 01:07:00
178,4,cart,,2026-02-24 17:17:00
178,90,cart,,2026-03-01 00:00:00
178,87,purchase,3.0,2026-03-08 12:10:00
178,50,view,,2026-03-08 14:39:00
178,90,purchase,3.0,2026-05-19 17:54:00
178,79,view,,2026-05-29 02:51:00
178,41,purchase,4.0,2026-05-29 09:01:00
178,39,purchase,4.0,2026-05-30 16:01:00
178,84,view,,2026-06-20 09:17:00
178,82,purchase,2.0,2026-06-24 18:16:00
178,82,view,,2026-08-03 22:53:00
178,14,purchase,3.0,2026-08-14 04:59:00
178,88,purchase,4.0,2026-09-09 08:25:00
178,86,purchase,5.0,2026-09-23 21:02:00
178,38,view,,2026-09-27 07:30:00
179,18,view,,2025-01-16 10:59:00
179,10,view,,2025-02-15 22:38:00
179,18,view,,2025-03-09 18:50:00
179,18,purchase,5.0,2025-04-11 23:19:00
179,3,purchase,5.0,2025-04-12 01:19:00
179,50,purchase,3.0,2025-04-19 07:30:00
179,56,purchase,3.0,2025-05-11 21:48:00
179,15,view,,2025-05-25 22:56:00
179,13,view,,2025-06-01 14:23:00
179,49,cart,,2025-06-14 03:41:00
179,47,view,,2025-06-16 06:25:00
179,40,view,,2025-07-08 03:05:00
179,39,purchase,3.0,2025-07-18 19:22:00
179,40,purchase,4.0,2025-07-19 20:22:00
179,32,purchase,3.0,2025-08-27 07:30:00
179,10,cart,,2025-09-26 16:50:00
179,22,purchase,3.0,2025-10-02 06:24:00
179,48,view,,2025-11-05 23:27:00
179,87,purchase,3.0,2025-11-07 18:33:00
179,13,purchase,4.0,2025-12-26 09:03:00
179,19,view,,2026-01-14 11:26:00
179,35,view,,2026-01-20 01:24:00
179,6,view,,2026-01-26 03:16:00
179,6,view,,2026-03-20 23:57:00
179,43,view,,2026-04-26 19:34:00
179,16,purchase,3.0,2026-05-26 20:07:00
179,46,purchase,4.0,2026-06-06 15:26:00
179,38,purchase,3.0,2026-06-07 05:18:00
179,42,purchase,4.0,2026-06-07 18:18:00
179,42,cart,,2026-06-08 02:31:00
179,16,view,,2026-06-20 17:24:00
179,47,view,,2026-07-02 07:57:00
179,1,view,,2026-07-12 00:00:00
179,38,view,,2026-07-19 00:32:00
179,21,purchase,3.0,2026-09-03 13:23:00
180,86,purchase,2.0,2025-02-28 23:47:00
180,20,view,,2025-06-03 12:07:00
180,63,view,,2025-06-15 20:42:00
180,52,view,,2025-10-31 04:04:00
180,19,view,,2025-11-03 07:41:00
180,15,purchase,3.0,2025-11-24 06:34:00
180,16,purchase,4.0,2025-12-03 18:27:00
180,64,purchase,4.0,2026-01-15 12:18:00
180,54,purchase,4.0,2026-05-09 05:20:00
180,56,purchase,4.0,2026-05-09 18:20:00
180,9,purchase,3.0,2026-08-01 04:08:00
180,19,purchase,5.0,2026-08-13 09:13:00
180,11,purchase,4.0,2026-09-09 03:41:00
180,6,purchase,4.0,2026-09-10 00:41:00
181,71,purchase,3.0,2025-03-07 20:17:00
181,29,view,,2025-04-05 13:09:00
181,86,purchase,4.0,2025-04-14 17:25:00
181,85,purchase,5.0,2025-05-25 19:36:00
181,78,cart,,2025-05-26 21:24:00
181,29,purchase,4.0,2025-06-04 11:03:00
181,30,view,,2025-06-18 10:59:00
181,35,purchase,5.0,2025-07-10 01:56:00
181,4,cart,,2025-08-22 01:55:00
181,85,purchase,4.0,2025-11-09 11:41:00
181,2,view,,2025-11-14 17:58:00
181,79,view,,2025-11-21 20:06:00
181,89,view,,2025-12-06 09:48:00
181,80,view,,2025-12-12 13:42:00
181,26,purchase,3.0,2025-12-13 19:30:00
181,78,view,,2025-12-19 07:39:00
181,15,view,,2025-12-21 03:48:00
181,83,view,,2026-01-20 22:06:00
181,34,purchase,3.0,2026-01-28 13:06:00
181,2,purchase,4.0,2026-02-02 03:44:00
181,4,purchase,3.0,2026-02-14 06:02:00
181,10,purchase,4.0,2026-02-14 21:02:00
181,60,cart,,2026-02-17 07:50:00
181,11,purchase,3.0,2026-03-23 04:49:00
181,54,purchase,3.0,2026-04-26 10:29:00
181,90,view,,2026-05-08 19:30:00
181,71,cart,,2026-05-11 17:42:00
181,82,purchase,5.0,2026-06-18 22:00:00
181,82,purchase,5.0,2026-06-24 20:03:00
181,73,view,,2026-06-30 07:28:00
181,35,view,,2026-07-27 01:24:00
181,88,view,,2026-08-01 03:38:00
181,54,purchase,3.0,2026-09-10 19:00:00
181,52,purchase,5.0,2026-09-11 08:00:00
182,89,view,,2025-01-23 05:47:00
182,56,cart,,2025-04-24 19:25:00
182,29,cart,,2025-05-20 04:55:00
182,53,cart,,2025-06-20 11:35:00
182,9,view,,2025-06-27 22:05:00
182,64,cart,,2025-08-25 10:39:00
182,32,purchase,4.0,2025-08-25 22:55:00
182,56,view,,2025-09-27 02:00:00
182,53,view,,2025-10-28 06:53:00
182,3,purchase,4.0,2025-12-09 14:46:00
182,10,purchase,4.0,2025-12-10 11:46:00
182,25,purchase,3.0,2026-01-08 08:05:00
182,90,view,,2026-02-03 17:16:00
182,56,view,,2026-03-07 23:49:00
182,21,purchase,3.0,2026-03-21 14:54:00
182,84,purchase,4.0,2026-05-23 14:59:00
182,86,cart,,2026-05-27 12:43:00
182,88,view,,2026-08-17 04:28:00
182,46,cart,,2026-08-26 13:52:00
182,72,purchase,3.0,2026-09-22 22:21:00
183,15,cart,,2025-01-31 16:12:00
183,22,purchase,4.0,2025-02-03 10:06:00
183,64,view,,2025-08-01 16:34:00
183,32,view,,2025-08-16 10:41:00
183,34,view,,2025-09-13 14:14:00
183,1,view,,2025-09-17 21:26:00
183,36,view,,2025-12-07 16:08:00
183,32,purchase,5.0,2026-02-13 17:42:00
183,16,purchase,3.0,2026-02-25 23:15:00
183,73,view,,2026-03-10 05:15:00
183,21,view,,2026-05-05 14:06:00
183,8,view,,2026-06-29 15:46:00
183,35,view,,2026-09-11 16:41:00
183,34,purchase,4.0,2026-09-14 03:10:00
184,26,view,,2025-01-03 09:38:00
184,24,view,,2025-01-19 17:58:00
184,30,purchase,4.0,2025-02-21 13:02:00
184,7,purchase,3.0,2025-03-17 05:12:00
184,32,purchase,4.0,2025-03-21 14:52:00
184,50,view,,2025-04-19 06:19:00
184,14,purchase,3.0,2025-05-17 02:50:00
184,66,view,,2025-05-20 06:24:00
184,43,cart,,2025-05-25 21:44:00
184,41,cart,,2025-06-11 13:44:00
184,81,purchase,4.0,2025-08-03 07:37:00
184,47,cart,,2025-08-25 08:47:00
184,43,purchase,5.0,2025-10-04 20:38:00
184,42,purchase,4.0,2025-10-06 07:38:00
184,41,cart,,2025-12-07 15:59:00
184,24,cart,,2025-12-31 18:34:00
184,26,view,,2026-01-18 14:38:00
184,48,purchase,4.0,2026-01-27 23:48:00
184,64,view,,2026-01-31 15:46:00
184,24,view,,2026-02-15 09:36:00
184,14,cart,,2026-03-01 06:03:00
184,70,purchase,3.0,2026-03-13 01:06:00
184,76,purchase,4.0,2026-03-25 18:25:00
184,42,cart,,2026-03-27 22:23:00
184,41,cart,,2026-04-11 15:56:00
184,13,view,,2026-05-20 11:41:00
184,33,view,,2026-05-21 03:08:00
184,39,purchase,4.0,2026-06-12 15:27:00
184,40,purchase,4.0,2026-06-13 07:27:00
184,33,purchase,3.0,2026-07-05 04:48:00
184,49,purchase,3.0,2026-07-30 14:55:00
184,27,view,,2026-08-04 07:13:00
184,88,cart,,2026-08-14 20:46:00
185,40,purchase,5.0,2025-02-17 07:50:00
185,48,purchase,4.0,2025-03-08 17:32:00
185,38,purchase,4.0,2025-03-31 03:22:00
185,41,purchase,4.0,2025-03-31 15:22:00
185,39,cart,,2025-05-23 06:51:00
185,46,purchase,5.0,2025-06-26 07:28:00
185,49,purchase,4.0,2025-07-15 15:28:00
185,88,view,,2025-07-21 03:05:00
185,58,purchase,3.0,2025-07-25 10:49:00
185,39,view,,2025-07-26 16:11:00
185,59,cart,,2025-08-25 22:14:00
185,50,purchase,3.0,2025-10-09 10:30:00
185,64,purchase,3.0,2025-10-23 23:34:00
185,54,view,,2025-10-25 14:35:00
185,70,view,,2025-10-27 18:34:00
185,63,purchase,3.0,2026-02-06 05:49:00
185,25,purchase,3.0,2026-02-18 21:58:00
185,25,cart,,2026-02-23 06:13:00
185,40,view,,2026-05-11 03:16:00
185,50,purchase,3.0,2026-05-18 01:53:00
185,4,cart,,2026-06-30 15:42:00
185,59,view,,2026-07-01 15:04:00
185,38,cart,,2026-09-24 04:45:00
186,86,cart,,2025-02-26 09:27:00
186,84,purchase,5.0,2025-03-23 09:00:00
186,81,cart,,2025-07-13 22:05:00
186,33,view,,2025-10-25 20:06:00
186,55,view,,2025-10-28 05:24:00
186,72,cart,,2025-11-13 20:46:00
186,79,cart,,2025-12-30 14:00:00
186,80,view,,2026-01-03 02:30:00
186,78,cart,,2026-01-08 18:22:00
186,70,cart,,2026-02-10 03:53:00
186,79,cart,,2026-04-04 20:56:00
186,81,cart,,2026-04-05 10:54:00
186,87,purchase,4.0,2026-05-17 21:59:00
186,28,purchase,3.0,2026-07-03 11:35:00
186,83,cart,,2026-07-05 02:02:00
186,83,purchase,3.0,2026-07-08 18:24:00
186,78,purchase,5.0,2026-08-19 17:25:00
186,72,purchase,4.0,2026-09-18 07:15:00
187,56,purchase,4.0,2025-01-21 07:40:00
187,52,purchase,4.0,2025-01-22 10:40:00
187,65,cart,,2025-02-08 06:39:00
187,75,view,,2025-02-08 16:58:00
187,74,cart,,2025-02-18 22:22:00
187,70,view,,2025-03-27 17:00:00
187,10,purchase,3.0,2025-05-03 10:51:00
187,11,purchase,4.0,2025-05-04 07:51:00
187,76,view,,2025-05-11 10:56:00
187,75,view,,2025-05-24 00:00:00
187,21,purchase,3.0,2025-06-25 07:11:00
187,59,view,,2025-08-02 18:56:00
187,9,purchase,3.0,2025-08-21 19:57:00
187,4,purchase,5.0,2025-08-22 22:57:00
187,21,purchase,3.0,2025-08-29 23:59:00
187,63,cart,,2025-09-27 02:03:00
187,76,view,,2025-11-11 06:01:00
187,64,view,,2025-11-23 18:23:00
187,60,view,,2025-12-07 08:40:00
187,13,view,,2025-12-24 05:57:00
187,54,cart,,2025-12-30 06:45:00
187,30,view,,2026-03-07 22:01:00
187,56,view,,2026-04-12 20:35:00
187,21,purchase,4.0,2026-05-05 00:08:00
187,50,purchase,4.0,2026-05-14 20:10:00
187,38,view,,2026-05-27 13:21:00
187,57,view,,2026-05-27 20:16:00
187,66,view,,2026-07-18 14:56:00
187,32,view,,2026-07-20 16:31:00
187,28,cart,,2026-07-27 13:51:00
187,59,view,,2026-07-31 17:37:00
187,59,purchase,5.0,2026-08-14 19:33:00
187,58,purchase,4.0,2026-08-16 12:11:00
187,16,cart,,2026-09-04 02:41:00
188,26,view,,2025-01-14 00:57:00
188,25,cart,,2025-02-08 07:58:00
188,72,purchase,4.0,2025-02-16 14:26:00
188,35,view,,2025-03-12 14:37:00
188,14,purchase,4.0,2025-04-20 19:57:00
188,37,view,,2025-05-09 23:32:00
188,29,view,,2025-06-23 09:39:00
188,75,view,,2025-08-16 05:35:00
188,75,view,,2025-09-04 02:10:00
188,42,view,,2025-09-06 21:23:00
188,72,view,,2025-09-17 08:57:00
188,52,purchase,3.0,2025-09-22 21:33:00
188,36,view,,2025-10-18 08:21:00
188,38,purchase,3.0,2025-10-19 18:08:00
188,37,view,,2025-11-08 15:26:00
188,61,view,,2025-12-24 17:07:00
188,24,view,,2025-12-25 15:39:00
188,75,view,,2026-02-16 07:21:00
188,29,view,,2026-03-16 02:28:00
188,8,purchase,4.0,2026-05-13 00:15:00
188,32,purchase,3.0,2026-06-07 10:05:00
188,71,purchase,3.0,2026-06-23 21:23:00
188,72,view,,2026-06-27 15:25:00
188,48,purchase,3.0,2026-07-12 16:10:00
188,71,purchase,4.0,2026-07-15 06:12:00
188,74,cart,,2026-07-26 11:40:00
188,37,purchase,3.0,2026-08-27 09:46:00
188,25,view,,2026-09-27 03:16:00
189,86,purchase,4.0,2025-03-07 07:55:00
189,76,view,,2025-03-11 10:35:00
189,70,purchase,5.0,2025-03-14 18:59:00
189,70,view,,2025-04-20 03:40:00
189,36,cart,,2025-05-28 04:11:00
189,86,view,,2025-06-25 07:18:00
189,71,purchase,3.0,2025-07-12 11:34:00
189,22,purchase,3.0,2025-07-13 19:33:00
189,20,view,,2025-07-19 05:03:00
189,82,purchase,3.0,2025-08-10 18:52:00
189,72,purchase,4.0,2025-10-03 21:47:00
189,83,purchase,5.0,2025-11-11 10:27:00
189,61,purchase,4.0,2025-12-25 23:04:00
189,76,purchase,5.0,2026-01-20 21:26:00
189,12,cart,,2026-02-16 19:07:00
189,86,view,,2026-04-18 09:07:00
189,74,purchase,3.0,2026-05-29 07:12:00
189,83,cart,,2026-06-30 20:44:00
189,70,cart,,2026-07-03 10:35:00
189,83,view,,2026-07-09 00:45:00
189,84,view,,2026-07-29 17:12:00
189,83,view,,2026-08-14 08:20:00
189,76,view,,2026-08-31 22:27:00
189,75,view,,2026-09-24 20:31:00
190,79,view,,2025-01-16 14:40:00
190,80,purchase,3.0,2025-01-25 21:54:00
190,8,view,,2025-03-14 12:47:00
190,66,view,,2025-05-10 00:48:00
190,37,cart,,2025-05-12 20:58:00
190,34,view,,2025-05-20 12:43:00
190,27,purchase,4.0,2025-06-01 01:03:00
190,88,view,,2025-06-04 01:34:00
190,88,cart,,2025-06-22 17:21:00
190,47,cart,,2025-08-22 22:10:00
190,32,cart,,2025-09-06 16:44:00
190,18,view,,2025-09-30 10:35:00
190,64,view,,2025-10-21 07:22:00
190,35,view,,2025-10-23 10:02:00
190,28,cart,,2025-11-11 07:44:00
190,48,view,,2025-11-26 06:33:00
190,69,view,,2026-01-22 03:04:00
190,84,view,,2026-02-08 13:39:00
190,87,view,,2026-02-20 05:14:00
190,12,cart,,2026-02-26 03:28:00
190,34,purchase,5.0,2026-03-14 06:37:00
190,87,cart,,2026-03-30 19:10:00
190,76,view,,2026-04-19 13:45:00
190,27,view,,2026-05-19 11:47:00
190,29,view,,2026-06-13 14:12:00
190,28,purchase,4.0,2026-06-15 13:35:00
190,26,view,,2026-06-26 11:56:00
190,46,view,,2026-07-18 20:10:00
190,30,purchase,5.0,2026-07-30 17:31:00
190,64,purchase,3.0,2026-08-03 04:26:00
190,81,cart,,2026-08-18 19:36:00
190,41,cart,,2026-09-09 04:12:00
190,34,purchase,5.0,2026-09-23 01:52:00
191,36,view,,2025-01-25 05:53:00
191,40,view,,2025-03-25 21:54:00
191,73,view,,2025-05-25 14:45:00
191,8,view,,2025-06-15 16:12:00
191,65,view,,2025-07-19 05:59:00
191,9,view,,2025-07-20 14:56:00
191,13,purchase,3.0,2025-07-29 08:52:00
191,8,view,,2025-08-20 17:35:00
191,12,view,,2025-10-01 02:10:00
191,2,view,,2025-10-01 06:49:00
191,11,cart,,2025-10-27 15:28:00
191,22,purchase,4.0,2025-11-16 14:29:00
191,52,purchase,3.0,2025-11-19 20:10:00
191,56,purchase,4.0,2025-11-21 06:10:00
191,10,view,,2025-12-12 19:13:00
191,89,view,,2026-02-22 00:20:00
191,48,view,,2026-03-08 02:10:00
191,32,view,,2026-03-10 08:30:00
191,33,purchase,4.0,2026-03-16 23:00:00
191,4,view,,2026-04-14 11:27:00
191,4,cart,,2026-04-20 21:24:00
191,8,cart,,2026-04-23 01:25:00
191,8,purchase,4.0,2026-05-07 23:06:00
191,2,purchase,5.0,2026-05-08 10:06:00
191,83,view,,2026-07-18 01:27:00
191,73,view,,2026-07-31 19:24:00
191,23,cart,,2026-08-31 21:02:00
191,16,view,,2026-09-28 07:03:00
192,39,view,,2025-02-18 00:05:00
192,39,purchase,5.0,2025-03-06 06:47:00
192,43,purchase,4.0,2025-03-06 08:47:00
192,45,purchase,4.0,2025-06-19 13:34:00
192,37,view,,2025-06-25 00:28:00
192,33,cart,,2025-07-17 05:33:00
192,57,purchase,3.0,2025-07-20 22:52:00
192,52,purchase,4.0,2025-07-22 00:52:00
192,39,view,,2025-09-24 00:22:00
192,33,cart,,2025-10-03 05:56:00
192,73,view,,2025-10-28 14:51:00
192,46,view,,2026-01-03 13:30:00
192,75,view,,2026-03-11 04:55:00
192,35,cart,,2026-06-10 01:25:00
192,30,purchase,4.0,2026-06-21 21:35:00
192,45,view,,2026-07-09 13:13:00
192,29,cart,,2026-08-13 13:45:00
192,38,view,,2026-09-09 01:23:00
192,56,cart,,2026-09-13 05:01:00
192,72,cart,,2026-09-28 01:44:00
193,3,cart,,2025-02-09 01:15:00
193,40,view,,2025-03-30 22:42:00
193,40,view,,2025-04-04 16:15:00
193,64,cart,,2025-04-15 17:13:00
193,49,purchase,4.0,2025-04-19 01:35:00
193,50,view,,2025-05-04 19:06:00
193,33,view,,2025-06-03 08:44:00
193,40,purchase,5.0,2025-06-22 17:57:00
193,47,view,,2025-07-29 11:46:00
193,70,view,,2025-08-17 05:49:00
193,40,purchase,5.0,2025-09-03 06:17:00
193,41,purchase,4.0,2025-09-04 06:17:00
193,26,purchase,3.0,2025-12-22 03:22:00
193,34,purchase,5.0,2025-12-29 19:54:00
193,48,view,,2026-01-15 10:18:00
193,50,view,,2026-03-14 18:43:00
193,64,view,,2026-03-30 19:53:00
193,21,view,,2026-05-02 04:00:00
193,28,view,,2026-07-24 07:55:00
194,79,view,,2025-01-22 19:49:00
194,45,view,,2025-02-03 07:25:00
194,50,purchase,3.0,2025-03-03 02:50:00
194,32,purchase,4.0,2025-03-06 02:18:00
194,16,view,,2025-03-12 14:35:00
194,12,purchase,4.0,2025-03-22 08:33:00
194,9,purchase,4.0,2025-03-22 13:33:00
194,38,cart,,2025-03-31 08:26:00
194,53,cart,,2025-05-17 05:43:00
194,81,purchase,3.0,2025-07-04 21:30:00
194,56,view,,2025-07-11 08:59:00
194,88,cart,,2025-07-23 16:58:00
194,88,cart,,2025-07-29 17:48:00
194,48,view,,2025-09-29 01:25:00
194,78,purchase,3.0,2025-12-06 05:57:00
194,40,purchase,4.0,2025-12-14 21:29:00
194,41,purchase,5.0,2025-12-16 06:29:00
194,79,purchase,5.0,2026-01-09 21:11:00
194,79,purchase,4.0,2026-02-18 09:56:00
194,39,view,,2026-05-26 03:44:00
194,89,view,,2026-08-23 07:09:00
194,87,purchase,4.0,2026-09-10 22:46:00
195,1,purchase,3.0,2025-01-02 11:04:00
195,11,purchase,5.0,2025-01-02 13:04:00
195,79,cart,,2025-01-30 22:48:00
195,26,cart,,2025-02-05 01:50:00
195,40,cart,,2025-05-20 04:11:00
195,64,view,,2025-06-09 05:08:00
195,75,view,,2025-06-21 10:58:00
195,39,cart,,2025-06-25 16:39:00
195,81,purchase,4.0,2025-07-16 04:23:00
195,29,view,,2025-08-15 02:35:00
195,88,view,,2025-08-20 02:03:00
195,30,cart,,2025-10-06 19:13:00
195,39,purchase,3.0,2025-11-19 00:42:00
195,41,purchase,4.0,2025-11-19 23:42:00
195,20,purchase,3.0,2025-11-20 15:00:00
195,79,view,,2026-01-01 13:52:00
195,37,view,,2026-01-06 02:25:00
195,10,view,,2026-02-20 13:15:00
195,32,view,,2026-03-03 06:53:00
195,84,view,,2026-04-02 12:21:00
195,37,purchase,4.0,2026-04-24 03:17:00
195,81,purchase,3.0,2026-06-03 16:01:00
195,9,cart,,2026-07-12 19:08:00
195,84,purchase,3.0,2026-08-30 00:04:00
195,52,purchase,3.0,2026-09-24 12:47:00
196,73,cart,,2025-01-10 06:44:00
196,79,view,,2025-01-10 14:12:00
196,43,cart,,2025-01-19 23:30:00
196,1,purchase,4.0,2025-02-10 22:43:00
196,43,view,,2025-02-13 19:46:00
196,14,purchase,3.0,2025-03-22 07:14:00
196,74,view,,2025-03-26 21:00:00
196,74,purchase,5.0,2025-04-16 06:07:00
196,32,purchase,5.0,2025-04-18 05:45:00
196,35,cart,,2025-05-17 23:21:00
196,70,purchase,4.0,2025-05-21 16:10:00
196,83,view,,2025-06-02 02:03:00
196,33,purchase,5.0,2025-06-27 21:16:00
196,46,view,,2025-08-01 03:51:00
196,27,purchase,4.0,2025-08-24 16:21:00
196,33,view,,2025-09-18 10:31:00
196,72,purchase,4.0,2025-10-01 00:25:00
196,30,view,,2025-11-06 18:54:00
196,14,cart,,2025-12-08 16:28:00
196,29,purchase,3.0,2025-12-08 21:13:00
196,33,view,,2026-01-07 14:40:00
196,2,purchase,4.0,2026-02-08 18:08:00
196,1,cart,,2026-02-18 21:44:00
196,36,cart,,2026-04-12 23:25:00
196,87,purchase,3.0,2026-04-21 13:27:00
196,53,cart,,2026-05-26 00:24:00
196,33,view,,2026-06-01 08:18:00
196,90,view,,2026-06-02 14:52:00
196,33,purchase,5.0,2026-06-08 02:37:00
196,82,view,,2026-06-17 02:47:00
196,29,cart,,2026-06-30 09:28:00
197,78,cart,,2025-01-14 10:37:00
197,57,view,,2025-01-27 11:32:00
197,65,purchase,3.0,2025-02-04 07:52:00
197,68,purchase,4.0,2025-02-04 17:52:00
197,78,view,,2025-02-16 10:03:00
197,33,view,,2025-03-01 16:40:00
197,87,cart,,2025-05-07 00:36:00
197,29,purchase,4.0,2025-06-13 19:11:00
197,73,cart,,2025-07-27 17:28:00
197,59,purchase,5.0,2025-08-05 03:19:00
197,36,purchase,5.0,2025-10-01 18:31:00
197,41,view,,2025-10-11 12:30:00
197,36,cart,,2025-10-14 07:39:00
197,80,view,,2025-12-14 10:55:00
197,54,purchase,5.0,2025-12-27 12:24:00
197,53,cart,,2026-02-02 05:03:00
197,32,view,,2026-02-04 14:33:00
197,61,purchase,3.0,2026-02-20 15:06:00
197,24,cart,,2026-02-22 08:49:00
197,35,cart,,2026-03-02 11:03:00
197,56,purchase,3.0,2026-04-03 14:46:00
197,52,purchase,4.0,2026-04-04 01:46:00
197,21,view,,2026-04-12 12:05:00
197,64,purchase,3.0,2026-04-15 10:25:00
197,53,view,,2026-05-10 22:56:00
197,36,purchase,5.0,2026-05-30 21:04:00
197,30,purchase,3.0,2026-06-03 09:06:00
197,61,view,,2026-06-10 17:14:00
197,27,cart,,2026-07-17 19:26:00
197,59,view,,2026-07-27 02:39:00
197,55,purchase,4.0,2026-09-03 14:12:00
197,53,purchase,4.0,2026-09-04 06:12:00
197,56,cart,,2026-09-12 19:11:00
197,79,view,,2026-09-17 01:22:00
197,1,purchase,4.0,2026-09-22 08:06:00
197,3,purchase,4.0,2026-09-23 18:06:00
198,79,cart,,2025-01-08 05:24:00
198,86,cart,,2025-02-06 04:56:00
198,8,cart,,2025-04-24 10:12:00
198,81,purchase,4.0,2025-05-07 03:05:00
198,73,purchase,3.0,2025-05-14 21:19:00
198,88,view,,2025-06-07 06:25:00
198,52,cart,,2025-06-08 17:15:00
198,55,view,,2025-06-29 03:45:00
198,83,cart,,2025-09-28 15:37:00
198,57,view,,2025-11-07 04:53:00
198,90,view,,2025-12-28 06:45:00
198,79,purchase,4.0,2025-12-29 09:53:00
198,60,purchase,3.0,2026-01-25 02:59:00
198,54,view,,2026-03-12 02:59:00
198,12,view,,2026-03-20 18:04:00
198,87,cart,,2026-05-02 08:17:00
198,81,purchase,5.0,2026-06-03 13:37:00
199,25,view,,2025-01-02 15:01:00
199,75,purchase,3.0,2025-04-26 01:35:00
199,85,purchase,3.0,2025-05-14 11:55:00
199,88,purchase,4.0,2025-06-06 03:27:00
199,85,purchase,4.0,2025-06-08 22:01:00
199,36,view,,2025-07-01 09:05:00
199,50,view,,2025-07-18 19:56:00
199,29,cart,,2025-08-17 21:44:00
199,80,view,,2025-12-30 02:38:00
199,9,view,,2026-02-15 18:13:00
199,33,cart,,2026-03-03 07:15:00
199,53,cart,,2026-03-12 02:36:00
199,32,view,,2026-03-16 06:15:00
199,9,view,,2026-03-27 13:11:00
199,57,purchase,3.0,2026-03-30 20:31:00
199,54,purchase,4.0,2026-03-31 21:31:00
199,49,view,,2026-04-17 16:35:00
199,29,cart,,2026-04-21 05:35:00
199,5,cart,,2026-05-02 07:06:00
199,33,view,,2026-05-26 07:17:00
199,32,purchase,4.0,2026-07-06 17:39:00
199,28,view,,2026-08-11 12:27:00
199,57,view,,2026-08-27 00:34:00
199,22,purchase,3.0,2026-09-06 01:49:00
199,84,purchase,3.0,2026-09-26 01:48:00
199,4,view,,2026-09-27 23:04:00
199,26,purchase,4.0,2026-09-29 12:06:00
200,82,cart,,2025-03-23 17:11:00
200,29,purchase,4.0,2025-04-27 10:54:00
200,35,purchase,3.0,2025-04-30 10:50:00
200,26,view,,2025-07-11 00:38:00
200,41,view,,2025-09-06 14:35:00
200,54,view,,2026-01-28 20:44:00
200,54,purchase,3.0,2026-04-04 19:38:00
200,52,purchase,4.0,2026-04-06 03:38:00
200,88,view,,2026-05-21 08:06:00
200,41,cart,,2026-05-24 16:14:00
200,22,view,,2026-06-21 04:46:00
200,81,cart,,2026-07-07 15:12:00
200,88,cart,,2026-07-17 09:49:00
201,12,cart,,2025-01-13 14:28:00
201,44,cart,,2025-01-19 01:17:00
201,1,purchase,5.0,2025-01-22 22:54:00
201,18,purchase,4.0,2025-01-23 19:54:00
201,9,purchase,3.0,2025-01-31 23:44:00
201,7,purchase,4.0,2025-02-01 05:44:00
201,54,view,,2025-03-06 03:57:00
201,57,view,,2025-03-20 18:44:00
201,49,view,,2025-03-22 14:18:00
201,13,cart,,2025-03-29 11:32:00
201,48,cart,,2025-04-10 17:37:00
201,72,purchase,3.0,2025-04-22 13:48:00
201,1,view,,2025-06-25 07:46:00
201,12,cart,,2025-07-01 13:29:00
201,14,cart,,2025-08-20 03:15:00
201,36,cart,,2025-10-14 06:06:00
201,6,view,,2025-10-26 23:21:00
201,21,view,,2025-11-02 04:26:00
201,46,cart,,2025-11-30 14:21:00
201,64,cart,,2025-12-29 07:07:00
201,80,view,,2026-01-15 11:09:00
201,41,view,,2026-02-13 05:55:00
201,45,purchase,5.0,2026-03-11 13:39:00
201,2,cart,,2026-03-14 13:22:00
201,4,view,,2026-04-17 14:49:00
201,67,cart,,2026-04-19 07:23:00
201,85,cart,,2026-04-24 13:53:00
201,14,purchase,4.0,2026-05-24 17:29:00
201,20,view,,2026-07-11 17:16:00
201,21,view,,2026-08-11 13:37:00
201,11,view,,2026-08-18 07:10:00
201,40,purchase,3.0,2026-08-25 12:46:00
201,8,view,,2026-08-28 12:53:00
202,25,purchase,3.0,2025-02-17 23:08:00
202,25,view,,2025-04-16 10:03:00
202,30,purchase,5.0,2025-05-14 01:58:00
202,48,view,,2025-08-31 11:48:00
202,19,purchase,2.0,2025-09-21 23:56:00
202,40,cart,,2025-10-26 15:43:00
202,2,cart,,2025-11-28 16:52:00
202,35,purchase,5.0,2026-01-02 15:00:00
202,5,cart,,2026-01-09 14:13:00
202,71,purchase,3.0,2026-02-14 01:28:00
202,35,purchase,5.0,2026-03-25 09:54:00
202,33,purchase,3.0,2026-03-30 02:04:00
202,6,view,,2026-04-29 08:04:00
202,38,view,,2026-04-30 17:16:00
202,30,view,,2026-06-16 19:18:00
202,47,purchase,5.0,2026-06-24 05:22:00
202,52,view,,2026-07-12 15:42:00
202,32,view,,2026-07-27 05:26:00
202,35,cart,,2026-08-11 04:49:00
202,57,view,,2026-09-02 23:02:00
202,38,view,,2026-09-04 14:38:00
203,61,purchase,4.0,2025-01-15 22:02:00
203,29,purchase,4.0,2025-01-26 19:36:00
203,60,cart,,2025-02-01 03:04:00
203,54,view,,2025-02-15 13:23:00
203,28,view,,2025-06-03 03:39:00
203,72,cart,,2025-06-26 01:04:00
203,66,view,,2025-06-26 11:46:00
203,64,purchase,5.0,2025-06-28 07:11:00
203,55,view,,2025-07-23 14:06:00
203,76,view,,2025-07-31 07:17:00
203,72,view,,2025-09-23 00:14:00
203,63,cart,,2025-11-03 09:19:00
203,20,view,,2025-11-09 12:59:00
203,66,cart,,2025-12-14 18:19:00
203,60,view,,2025-12-28 03:16:00
203,63,purchase,5.0,2026-01-07 11:26:00
203,54,view,,2026-01-31 04:46:00
203,75,view,,2026-06-22 03:41:00
203,13,view,,2026-06-28 02:55:00
203,67,purchase,4.0,2026-07-25 18:14:00
203,52,view,,2026-07-29 22:04:00
203,70,view,,2026-07-31 15:55:00
203,83,purchase,4.0,2026-08-22 09:04:00
203,58,purchase,4.0,2026-08-27 22:46:00
203,72,cart,,2026-09-18 11:55:00
204,14,cart,,2025-01-30 06:04:00
204,25,purchase,2.0,2025-03-11 08:42:00
204,40,cart,,2025-03-30 20:11:00
204,71,view,,2025-05-11 17:02:00
204,21,cart,,2025-06-12 04:07:00
204,4,view,,2025-08-26 23:45:00
204,3,cart,,2025-08-28 03:08:00
204,71,cart,,2025-10-03 06:36:00
204,6,view,,2025-10-08 17:30:00
204,74,view,,2025-10-21 12:42:00
204,4,purchase,4.0,2025-10-25 10:42:00
204,75,cart,,2025-10-29 22:13:00
204,19,view,,2025-11-01 19:03:00
204,19,view,,2025-11-16 23:05:00
204,30,purchase,3.0,2025-11-17 06:46:00
204,3,view,,2025-11-22 20:24:00
204,25,view,,2025-12-16 05:06:00
204,1,purchase,4.0,2025-12-17 19:20:00
204,6,purchase,4.0,2025-12-19 06:20:00
204,6,purchase,4.0,2026-03-01 13:10:00
204,9,purchase,4.0,2026-03-02 15:10:00
204,5,cart,,2026-04-05 14:20:00
204,3,view,,2026-04-25 02:46:00
204,18,view,,2026-05-02 21:06:00
204,70,cart,,2026-05-21 06:41:00
204,72,cart,,2026-09-19 14:21:00
204,57,purchase,3.0,2026-09-20 03:59:00
205,56,purchase,3.0,2025-03-13 00:58:00
205,57,purchase,4.0,2025-03-13 03:58:00
205,65,view,,2025-03-23 02:36:00
205,70,view,,2025-04-24 04:29:00
205,54,view,,2025-06-01 23:02:00
205,6,view,,2025-07-29 14:08:00
205,27,view,,2025-07-31 06:41:00
205,27,purchase,5.0,2025-08-26 06:38:00
205,83,view,,2025-09-05 00:37:00
205,34,purchase,5.0,2025-09-06 04:52:00
205,65,purchase,3.0,2025-10-30 20:31:00
205,68,purchase,5.0,2025-10-31 21:31:00
205,87,view,,2025-11-23 14:22:00
205,83,purchase,5.0,2026-01-17 08:49:00
205,84,view,,2026-02-03 00:30:00
205,27,purchase,4.0,2026-02-17 08:13:00
205,89,view,,2026-03-19 09:11:00
205,37,cart,,2026-03-26 02:50:00
205,76,purchase,3.0,2026-04-20 14:34:00
205,87,cart,,2026-04-23 15:51:00
205,32,purchase,4.0,2026-06-23 23:57:00
205,33,purchase,4.0,2026-07-08 08:36:00
205,56,view,,2026-09-22 06:37:00
206,44,purchase,5.0,2025-02-02 01:53:00
206,79,view,,2025-02-09 22:28:00
206,38,purchase,3.0,2025-02-26 02:25:00
206,41,purchase,4.0,2025-02-27 01:25:00
206,15,purchase,5.0,2025-04-06 22:08:00
206,42,purchase,4.0,2025-04-11 15:42:00
206,84,purchase,3.0,2025-04-23 22:02:00
206,53,view,,2025-05-05 08:53:00
206,73,view,,2025-06-22 21:29:00
206,88,purchase,3.0,2025-08-29 10:13:00
206,49,view,,2025-09-29 08:24:00
206,65,purchase,3.0,2025-10-15 08:05:00
206,68,purchase,4.0,2025-10-16 13:05:00
206,85,purchase,4.0,2025-10-20 22:50:00
206,6,purchase,3.0,2025-11-21 11:10:00
206,18,purchase,4.0,2025-11-22 02:10:00
206,90,purchase,3.0,2026-01-07 11:29:00
206,50,purchase,5.0,2026-01-10 15:26:00
206,56,view,,2026-01-12 13:20:00
206,53,cart,,2026-03-08 12:59:00
206,26,purchase,3.0,2026-03-26 09:05:00
206,4,cart,,2026-04-07 03:56:00
206,57,purchase,4.0,2026-04-19 23:52:00
206,56,purchase,3.0,2026-04-20 20:52:00
206,44,purchase,4.0,2026-04-25 11:47:00
206,73,view,,2026-05-16 11:03:00
206,44,view,,2026-05-16 23:20:00
206,63,view,,2026-05-22 13:05:00
206,86,cart,,2026-05-22 14:23:00
206,86,purchase,5.0,2026-05-23 23:10:00
206,87,purchase,4.0,2026-06-10 02:39:00
206,86,cart,,2026-07-08 12:25:00
206,91,purchase,3.0,2026-08-20 03:41:00
206,65,cart,,2026-08-31 20:49:00
207,58,cart,,2025-03-25 07:19:00
207,53,purchase,3.0,2025-03-28 02:35:00
207,6,purchase,3.0,2025-08-08 09:40:00
207,5,purchase,4.0,2025-08-08 19:40:00
207,37,view,,2025-09-12 18:23:00
207,52,view,,2025-09-14 07:11:00
207,54,purchase,4.0,2025-09-19 11:17:00
207,55,view,,2025-10-05 15:45:00
207,55,view,,2025-11-06 22:16:00
207,32,cart,,2025-11-18 19:32:00
207,49,view,,2025-11-20 03:56:00
207,6,cart,,2025-11-20 06:52:00
207,60,cart,,2026-01-17 16:05:00
207,61,view,,2026-02-17 06:06:00
207,33,view,,2026-03-15 09:25:00
207,28,view,,2026-06-09 02:29:00
207,59,purchase,3.0,2026-07-06 18:35:00
207,40,view,,2026-07-11 03:50:00
207,3,purchase,3.0,2026-08-28 09:08:00
207,12,purchase,5.0,2026-08-29 20:08:00
208,41,purchase,3.0,2025-01-01 06:54:00
208,43,purchase,4.0,2025-01-02 12:54:00
208,61,cart,,2025-02-05 19:37:00
208,89,purchase,3.0,2025-02-08 09:24:00
208,29,purchase,4.0,2025-03-14 12:42:00
208,38,view,,2025-03-14 17:41:00
208,54,cart,,2025-03-30 17:21:00
208,28,purchase,4.0,2025-04-15 23:29:00
208,73,cart,,2025-06-20 23:51:00
208,65,purchase,3.0,2025-07-26 14:05:00
208,68,purchase,4.0,2025-07-26 21:05:00
208,48,purchase,4.0,2025-08-26 23:06:00
208,85,view,,2025-10-03 16:50:00
208,7,purchase,3.0,2025-10-08 06:27:00
208,30,view,,2025-10-29 22:26:00
208,15,purchase,3.0,2025-12-09 03:28:00
208,39,purchase,4.0,2025-12-15 11:14:00
208,40,purchase,4.0,2025-12-15 13:14:00
208,30,view,,2025-12-17 03:40:00
208,74,cart,,2026-03-16 18:49:00
208,42,cart,,2026-04-26 21:29:00
208,30,purchase,3.0,2026-05-05 19:39:00
208,49,purchase,4.0,2026-06-28 02:27:00
208,15,view,,2026-07-28 06:29:00
208,85,purchase,3.0,2026-08-18 08:09:00
209,90,view,,2025-01-08 22:08:00
209,85,view,,2025-01-09 13:27:00
209,5,cart,,2025-01-21 05:13:00
209,79,view,,2025-01-23 13:00:00
209,84,purchase,4.0,2025-01-30 08:24:00
209,44,view,,2025-01-30 09:24:00
209,88,view,,2025-03-21 10:52:00
209,82,purchase,4.0,2025-03-26 18:05:00
209,33,view,,2025-06-19 03:55:00
209,5,view,,2025-07-06 23:08:00
209,89,view,,2025-08-17 01:29:00
209,3,view,,2025-09-10 03:31:00
209,35,cart,,2025-09-20 16:13:00
209,81,cart,,2025-10-25 03:29:00
209,82,view,,2025-11-29 18:39:00
209,37,purchase,5.0,2025-12-02 17:38:00
209,45,view,,2026-01-06 10:19:00
209,52,cart,,2026-01-31 10:54:00
209,86,cart,,2026-03-17 23:59:00
209,85,cart,,2026-04-02 19:05:00
209,37,purchase,4.0,2026-04-17 15:10:00
209,57,purchase,3.0,2026-04-21 03:23:00
209,55,purchase,4.0,2026-04-22 10:23:00
209,35,purchase,5.0,2026-05-24 14:09:00
209,16,cart,,2026-06-19 00:57:00
209,86,view,,2026-08-05 06:02:00
209,7,purchase,3.0,2026-09-21 16:45:00
209,3,purchase,4.0,2026-09-22 13:45:00
210,67,cart,,2025-01-08 19:28:00
210,72,cart,,2025-02-01 16:40:00
210,38,cart,,2025-02-10 20:15:00
210,71,purchase,5.0,2025-02-17 22:27:00
210,44,view,,2025-02-24 03:25:00
210,70,purchase,3.0,2025-03-07 19:56:00
210,72,view,,2025-03-08 01:03:00
210,74,view,,2025-03-15 08:55:00
210,57,cart,,2025-04-15 07:08:00
210,84,view,,2025-04-20 05:41:00
210,20,purchase,3.0,2025-04-25 17:14:00
210,40,view,,2025-05-01 02:54:00
210,75,cart,,2025-05-12 19:25:00
210,70,view,,2025-06-20 15:58:00
210,46,purchase,3.0,2025-06-20 20:58:00
210,37,purchase,4.0,2025-09-01 01:56:00
210,75,purchase,4.0,2025-10-31 14:19:00
210,49,cart,,2025-12-04 15:05:00
210,49,view,,2025-12-29 08:57:00
210,74,view,,2026-01-13 08:48:00
210,45,cart,,2026-02-24 11:15:00
210,38,view,,2026-03-25 23:53:00
210,72,view,,2026-06-06 00:05:00
210,46,purchase,3.0,2026-06-19 12:12:00
210,36,purchase,4.0,2026-07-02 07:36:00
210,50,view,,2026-07-12 13:10:00
210,71,cart,,2026-07-16 00:05:00
210,2,view,,2026-07-22 22:01:00
210,65,view,,2026-08-10 10:58:00
210,71,cart,,2026-08-12 23:16:00
210,17,view,,2026-08-20 03:42:00
210,46,purchase,4.0,2026-08-25 14:00:00
210,91,view,,2026-09-29 16:18:00
211,7,view,,2025-01-03 01:46:00
211,86,cart,,2025-03-08 18:41:00
211,85,view,,2025-03-17 08:48:00
211,73,purchase,3.0,2025-04-29 17:49:00
211,75,view,,2025-05-26 05:00:00
211,89,view,,2025-06-05 00:14:00
211,3,purchase,4.0,2025-06-14 03:17:00
211,11,purchase,4.0,2025-06-14 04:17:00
211,72,purchase,5.0,2025-06-29 11:17:00
211,88,view,,2025-07-22 11:30:00
211,88,purchase,5.0,2025-07-27 10:29:00
211,46,view,,2025-08-07 23:01:00
211,86,purchase,4.0,2025-09-16 15:39:00
211,33,view,,2025-11-02 17:33:00
211,88,view,,2025-11-18 02:59:00
211,80,cart,,2025-12-22 11:10:00
211,54,purchase,3.0,2026-01-04 14:54:00
211,53,purchase,4.0,2026-01-04 19:54:00
211,63,view,,2026-01-29 14:02:00
211,86,view,,2026-01-31 22:43:00
211,84,purchase,3.0,2026-03-07 11:25:00
211,20,purchase,4.0,2026-04-16 08:55:00
211,73,view,,2026-05-28 22:39:00
211,58,purchase,3.0,2026-07-30 08:05:00
212,41,purchase,4.0,2025-01-27 04:55:00
212,57,purchase,4.0,2025-03-25 22:59:00
212,63,view,,2025-05-06 02:46:00
212,7,purchase,3.0,2025-05-25 12:49:00
212,52,view,,2025-06-01 18:32:00
212,52,view,,2025-09-14 02:39:00
212,52,cart,,2025-11-18 01:05:00
212,63,cart,,2025-12-03 13:17:00
212,63,purchase,4.0,2025-12-07 21:39:00
212,32,cart,,2026-01-08 00:23:00
212,33,purchase,5.0,2026-01-26 00:29:00
212,80,view,,2026-02-01 22:12:00
212,29,purchase,4.0,2026-02-21 14:27:00
212,60,view,,2026-05-20 16:50:00
212,52,purchase,5.0,2026-07-15 06:36:00
212,55,purchase,4.0,2026-07-15 09:36:00
212,41,view,,2026-07-30 07:29:00
212,53,view,,2026-07-31 11:17:00
212,27,view,,2026-08-05 05:08:00
212,27,view,,2026-08-26 10:36:00
212,32,purchase,5.0,2026-09-29 22:53:00
213,13,purchase,3.0,2025-06-02 06:55:00
213,32,view,,2025-08-03 07:27:00
213,47,view,,2025-08-09 13:38:00
213,82,view,,2025-08-17 06:29:00
213,29,cart,,2025-09-19 08:22:00
213,19,cart,,2026-01-31 17:01:00
213,84,view,,2026-02-17 07:52:00
213,30,purchase,5.0,2026-02-21 02:33:00
213,35,purchase,5.0,2026-03-24 00:24:00
213,15,view,,2026-04-12 18:21:00
213,6,purchase,3.0,2026-05-26 22:45:00
213,5,purchase,4.0,2026-05-27 07:45:00
213,37,purchase,4.0,2026-06-09 16:22:00
213,4,cart,,2026-07-14 01:27:00
214,43,cart,,2025-01-31 06:11:00
214,50,view,,2025-03-11 15:34:00
214,46,purchase,4.0,2025-06-04 00:05:00
214,47,purchase,4.0,2025-08-06 05:46:00
214,75,purchase,4.0,2025-10-17 04:53:00
214,72,view,,2025-12-28 18:51:00
214,39,view,,2026-01-29 17:38:00
214,72,cart,,2026-02-16 02:11:00
214,49,purchase,3.0,2026-03-19 21:45:00
214,43,view,,2026-06-11 19:38:00
214,53,view,,2026-06-20 10:26:00
214,39,purchase,3.0,2026-08-10 05:05:00
214,41,purchase,4.0,2026-08-11 13:05:00
214,44,view,,2026-09-06 10:05:00
215,24,purchase,2.0,2025-01-02 19:05:00
215,50,cart,,2025-02-02 18:18:00
215,11,cart,,2025-02-08 14:07:00
215,37,cart,,2025-02-28 00:25:00
215,27,view,,2025-03-01 12:42:00
215,10,purchase,3.0,2025-03-20 19:39:00
215,39,view,,2025-03-27 20:20:00
215,64,view,,2025-04-24 20:01:00
215,70,view,,2025-05-10 00:15:00
215,71,cart,,2025-06-08 10:26:00
215,82,view,,2025-08-25 14:48:00
215,10,view,,2025-10-17 05:56:00
215,74,purchase,4.0,2025-10-27 09:49:00
215,39,purchase,3.0,2025-11-15 02:20:00
215,76,purchase,5.0,2025-11-15 04:38:00
215,43,purchase,4.0,2025-11-16 07:20:00
215,24,purchase,4.0,2025-12-06 00:08:00
215,83,purchase,3.0,2026-01-10 23:30:00
215,25,cart,,2026-01-26 20:37:00
215,35,cart,,2026-01-28 09:41:00
215,72,view,,2026-02-13 00:06:00
215,75,view,,2026-03-05 08:02:00
215,73,purchase,5.0,2026-03-13 10:25:00
215,8,view,,2026-03-22 04:03:00
215,29,view,,2026-03-23 15:52:00
215,73,view,,2026-04-13 23:56:00
215,30,view,,2026-04-19 20:15:00
215,49,purchase,3.0,2026-05-13 20:32:00
215,47,view,,2026-06-01 19:56:00
215,28,cart,,2026-07-15 01:40:00
215,76,purchase,5.0,2026-08-18 13:14:00
215,77,purchase,3.0,2026-09-20 13:34:00
216,90,purchase,3.0,2025-01-04 11:27:00
216,50,cart,,2025-01-13 00:33:00
216,45,cart,,2025-02-20 18:35:00
216,69,view,,2025-03-17 21:27:00
216,39,cart,,2025-03-23 23:10:00
216,87,purchase,3.0,2025-05-13 08:12:00
216,19,cart,,2025-06-06 04:48:00
216,88,cart,,2025-06-28 15:41:00
216,82,purchase,3.0,2025-08-09 00:25:00
216,83,view,,2025-08-13 01:26:00
216,86,purchase,5.0,2025-10-27 19:42:00
216,75,purchase,4.0,2025-11-08 22:57:00
216,45,cart,,2025-12-23 09:41:00
216,45,purchase,5.0,2026-01-19 12:11:00
216,43,view,,2026-01-23 13:03:00
216,55,purchase,4.0,2026-04-05 03:19:00
216,54,purchase,4.0,2026-04-05 10:19:00
216,50,view,,2026-04-14 05:20:00
216,50,purchase,4.0,2026-05-09 07:09:00
216,38,cart,,2026-05-22 20:12:00
216,50,view,,2026-05-26 10:30:00
216,16,view,,2026-06-08 17:18:00
216,41,cart,,2026-06-30 04:40:00
216,89,cart,,2026-08-08 22:52:00
216,43,view,,2026-09-16 21:12:00
217,18,purchase,5.0,2025-01-26 04:10:00
217,2,purchase,4.0,2025-01-26 20:10:00
217,16,cart,,2025-01-30 23:52:00
217,18,view,,2025-03-13 19:54:00
217,32,cart,,2025-03-21 02:48:00
217,15,purchase,4.0,2025-03-31 05:05:00
217,13,purchase,5.0,2025-04-19 16:34:00
217,2,view,,2025-05-21 18:46:00
217,22,purchase,4.0,2025-06-19 17:36:00
217,8,cart,,2025-07-10 20:40:00
217,63,cart,,2025-08-22 12:09:00
217,59,purchase,3.0,2025-08-23 21:02:00
217,27,purchase,4.0,2025-08-30 14:18:00
217,6,purchase,5.0,2025-09-29 11:25:00
217,11,cart,,2025-10-02 15:16:00
217,3,view,,2025-11-06 10:17:00
217,75,view,,2025-11-23 14:33:00
217,21,cart,,2025-12-11 20:00:00
217,25,view,,2025-12-16 22:59:00
217,74,view,,2026-01-05 00:08:00
217,15,purchase,4.0,2026-01-05 13:54:00
217,6,view,,2026-01-10 14:54:00
217,85,view,,2026-01-31 06:02:00
217,7,purchase,4.0,2026-02-16 05:39:00
217,14,purchase,3.0,2026-03-13 21:08:00
217,6,cart,,2026-04-16 10:42:00
217,32,purchase,4.0,2026-05-01 18:58:00
217,65,cart,,2026-05-28 08:52:00
217,88,purchase,3.0,2026-06-12 14:33:00
217,17,cart,,2026-08-14 15:58:00
217,10,purchase,4.0,2026-08-22 21:26:00
217,15,view,,2026-09-29 04:42:00
218,52,view,,2025-01-16 09:22:00
218,76,purchase,4.0,2025-02-23 14:42:00
218,45,cart,,2025-02-25 18:25:00
218,71,purchase,5.0,2025-03-15 22:19:00
218,53,purchase,3.0,2025-05-26 12:40:00
218,54,purchase,4.0,2025-05-27 18:40:00
218,56,view,,2025-08-06 05:28:00
218,10,purchase,3.0,2025-08-21 03:06:00
218,76,purchase,5.0,2025-09-03 03:47:00
218,75,view,,2025-09-17 00:15:00
218,86,purchase,3.0,2025-09-20 13:23:00
218,70,view,,2025-09-23 05:05:00
218,4,view,,2025-11-11 05:25:00
218,71,cart,,2026-02-02 17:23:00
218,37,cart,,2026-02-17 07:40:00
218,21,view,,2026-05-24 19:53:00
218,71,purchase,5.0,2026-09-08 03:17:00
219,56,purchase,3.0,2025-02-01 13:00:00
219,55,purchase,5.0,2025-02-02 22:00:00
219,32,cart,,2025-02-07 06:44:00
219,89,view,,2025-02-12 14:22:00
219,24,purchase,3.0,2025-02-12 21:21:00
219,89,view,,2025-03-06 19:58:00
219,16,view,,2025-03-17 10:22:00
219,11,purchase,4.0,2025-05-25 04:47:00
219,2,purchase,4.0,2025-06-01 22:40:00
219,27,purchase,5.0,2025-06-03 16:15:00
219,82,purchase,5.0,2025-06-11 07:23:00
219,39,purchase,3.0,2025-08-18 20:20:00
219,43,purchase,4.0,2025-08-20 07:20:00
219,52,purchase,4.0,2025-09-04 00:13:00
219,53,purchase,4.0,2025-09-04 08:13:00
219,34,view,,2025-09-12 22:19:00
219,79,cart,,2025-09-19 13:53:00
219,33,view,,2025-09-28 14:09:00
219,18,view,,2025-10-19 00:19:00
219,40,purchase,3.0,2025-11-04 04:13:00
219,41,purchase,4.0,2025-11-04 10:13:00
219,28,cart,,2025-11-17 17:17:00
219,36,purchase,4.0,2026-01-17 13:23:00
219,89,cart,,2026-01-28 03:03:00
219,29,view,,2026-02-06 15:58:00
219,32,view,,2026-02-19 17:54:00
219,33,purchase,4.0,2026-05-01 06:32:00
219,37,view,,2026-05-02 16:32:00
219,37,cart,,2026-05-04 23:21:00
219,30,purchase,3.0,2026-05-10 11:34:00
219,2,view,,2026-05-19 05:30:00
219,32,cart,,2026-06-24 23:05:00
219,29,purchase,3.0,2026-07-04 21:52:00
219,81,purchase,4.0,2026-07-06 10:57:00
219,83,view,,2026-07-23 10:12:00
219,85,purchase,4.0,2026-08-04 20:00:00
219,82,view,,2026-08-09 00:00:00
220,60,purchase,5.0,2025-01-10 04:33:00
220,79,view,,2025-01-10 19:02:00
220,89,view,,2025-02-17 17:39:00
220,39,view,,2025-03-22 08:21:00
220,52,view,,2025-05-22 18:02:00
220,10,view,,2025-06-30 14:28:00
220,83,view,,2025-07-12 22:18:00
220,83,view,,2025-08-08 18:53:00
220,55,view,,2025-08-13 21:56:00
220,2,view,,2025-09-13 03:37:00
220,84,cart,,2025-10-23 09:06:00
220,5,view,,2025-11-10 10:29:00
220,79,view,,2025-11-13 00:44:00
220,53,purchase,5.0,2026-01-05 00:32:00
220,57,purchase,4.0,2026-01-05 18:32:00
220,80,cart,,2026-02-06 00:55:00
220,86,purchase,5.0,2026-04-02 18:24:00
220,53,view,,2026-04-06 10:43:00
220,71,view,,2026-04-17 18:02:00
220,53,view,,2026-04-18 00:52:00
220,53,purchase,5.0,2026-04-18 20:02:00
220,52,purchase,4.0,2026-04-19 19:02:00
220,56,view,,2026-05-08 20:20:00
220,56,cart,,2026-05-16 05:24:00
220,80,purchase,5.0,2026-05-16 09:42:00
220,54,view,,2026-06-02 23:06:00
220,33,cart,,2026-09-09 07:14:00
220,86,view,,2026-09-12 22:33:00
220,57,cart,,2026-09-22 12:09:00
220,76,purchase,4.0,2026-09-24 00:19:00
221,15,purchase,5.0,2025-02-19 06:19:00
221,12,cart,,2025-04-02 20:49:00
221,35,view,,2025-04-06 02:25:00
221,8,purchase,4.0,2025-04-15 09:49:00
221,3,purchase,4.0,2025-04-15 19:49:00
221,9,view,,2025-04-23 07:57:00
221,11,cart,,2025-05-18 08:43:00
221,3,cart,,2025-06-01 22:35:00
221,88,view,,2025-06-09 12:58:00
221,1,purchase,4.0,2025-06-13 09:07:00
221,6,purchase,4.0,2025-06-13 22:07:00
221,16,cart,,2025-06-19 19:23:00
221,14,view,,2025-06-23 18:39:00
221,81,view,,2025-07-05 03:28:00
221,88,view,,2025-07-25 11:04:00
221,20,view,,2025-08-17 09:53:00
221,59,purchase,4.0,2025-08-29 10:47:00
221,38,view,,2025-09-01 08:22:00
221,20,cart,,2025-09-14 19:46:00
221,21,cart,,2025-09-23 23:54:00
221,11,view,,2025-10-06 00:38:00
221,47,purchase,4.0,2025-11-12 20:33:00
221,1,view,,2026-03-09 20:45:00
221,9,view,,2026-04-03 08:46:00
221,5,purchase,5.0,2026-04-12 11:38:00
221,10,purchase,4.0,2026-04-12 17:38:00
221,88,cart,,2026-05-08 02:26:00
221,12,cart,,2026-05-19 08:25:00
221,88,cart,,2026-08-10 05:43:00
221,19,purchase,4.0,2026-09-23 21:45:00
222,26,purchase,4.0,2025-02-14 02:21:00
222,2,view,,2025-02-17 09:45:00
222,47,view,,2025-06-23 05:34:00
222,21,view,,2025-07-15 00:33:00
222,42,purchase,3.0,2025-07-18 05:09:00
222,43,purchase,4.0,2025-07-18 12:09:00
222,11,purchase,3.0,2025-07-21 06:30:00
222,1,purchase,4.0,2025-09-19 22:04:00
222,7,purchase,4.0,2025-09-20 20:04:00
222,20,purchase,3.0,2025-11-17 18:46:00
222,21,purchase,3.0,2025-11-25 08:25:00
222,10,cart,,2025-12-05 22:59:00
222,7,cart,,2026-01-19 20:04:00
222,5,purchase,4.0,2026-01-23 06:00:00
222,18,purchase,5.0,2026-01-23 21:00:00
222,18,view,,2026-01-27 11:28:00
222,69,purchase,3.0,2026-05-28 22:07:00
222,76,cart,,2026-06-14 10:58:00
222,51,cart,,2026-08-29 08:54:00
223,85,view,,2025-02-25 10:25:00
223,19,view,,2025-03-13 05:44:00
223,12,cart,,2025-06-09 17:51:00
223,59,view,,2025-06-20 00:40:00
223,85,view,,2025-06-20 22:26:00
223,47,purchase,4.0,2025-06-30 13:37:00
223,81,cart,,2025-07-21 17:14:00
223,22,purchase,5.0,2025-09-11 17:16:00
223,14,purchase,5.0,2025-09-23 05:17:00
223,88,view,,2025-10-09 02:44:00
223,13,purchase,3.0,2025-10-11 12:19:00
223,21,view,,2025-11-03 15:17:00
223,13,view,,2025-11-05 06:56:00
223,84,view,,2025-11-22 08:51:00
223,26,view,,2026-01-01 12:46:00
223,7,view,,2026-02-07 10:48:00
223,21,view,,2026-04-23 11:36:00
223,86,cart,,2026-05-02 16:22:00
223,73,view,,2026-05-13 23:37:00
223,4,view,,2026-06-26 19:06:00
223,82,cart,,2026-06-28 00:11:00
223,67,purchase,4.0,2026-06-30 08:23:00
224,24,cart,,2025-01-11 22:26:00
224,32,cart,,2025-04-11 07:25:00
224,88,cart,,2025-04-13 05:50:00
224,10,view,,2025-04-19 00:09:00
224,15,view,,2025-05-09 03:50:00
224,36,view,,2025-05-25 14:29:00
224,52,view,,2025-05-30 19:25:00
224,15,view,,2025-07-05 14:25:00
224,28,view,,2025-07-21 23:48:00
224,27,view,,2025-07-26 15:03:00
224,76,view,,2025-08-02 21:10:00
224,28,purchase,3.0,2025-09-02 06:26:00
224,63,purchase,4.0,2025-09-19 07:46:00
224,55,purchase,4.0,2025-11-19 19:27:00
224,56,purchase,4.0,2025-11-20 07:27:00
224,57,purchase,4.0,2025-12-01 15:51:00
224,5,purchase,4.0,2026-01-19 11:41:00
224,1,purchase,4.0,2026-01-19 22:41:00
224,61,view,,2026-02-04 22:56:00
224,61,cart,,2026-02-21 18:17:00
224,66,purchase,3.0,2026-03-07 07:05:00
224,55,cart,,2026-03-19 14:39:00
224,12,cart,,2026-03-26 09:30:00
224,55,view,,2026-04-02 09:59:00
224,37,cart,,2026-04-07 19:19:00
224,29,purchase,3.0,2026-04-12 16:18:00
224,32,purchase,3.0,2026-04-26 00:17:00
224,11,view,,2026-05-22 13:47:00
224,55,cart,,2026-06-01 15:31:00
224,55,purchase,5.0,2026-06-18 12:15:00
224,52,purchase,4.0,2026-06-18 22:15:00
224,56,purchase,5.0,2026-06-25 07:11:00
224,54,purchase,5.0,2026-06-26 10:11:00
225,70,purchase,4.0,2025-01-11 11:19:00
225,10,purchase,3.0,2025-01-31 12:10:00
225,7,purchase,5.0,2025-01-31 18:10:00
225,36,purchase,4.0,2025-02-22 11:41:00
225,64,view,,2025-02-26 14:11:00
225,56,cart,,2025-03-02 19:21:00
225,49,purchase,4.0,2025-03-27 17:03:00
225,67,purchase,3.0,2025-05-17 06:40:00
225,38,cart,,2025-05-28 05:55:00
225,15,cart,,2025-06-28 16:08:00
225,47,purchase,3.0,2025-07-28 15:29:00
225,43,view,,2025-11-17 08:49:00
225,19,view,,2025-11-22 20:07:00
225,44,purchase,3.0,2026-02-12 10:02:00
225,24,purchase,3.0,2026-02-13 08:03:00
225,39,view,,2026-03-02 13:20:00
225,49,view,,2026-03-03 04:37:00
225,56,view,,2026-03-04 16:41:00
225,44,cart,,2026-03-09 21:31:00
225,65,purchase,3.0,2026-04-04 22:41:00
225,68,purchase,5.0,2026-04-06 07:41:00
225,53,view,,2026-04-16 10:43:00
225,37,view,,2026-06-16 06:27:00
225,4,view,,2026-07-04 11:29:00
225,53,cart,,2026-07-30 02:29:00
225,14,view,,2026-08-02 16:01:00
225,38,cart,,2026-08-20 10:17:00
225,86,purchase,3.0,2026-09-06 02:55:00
225,53,cart,,2026-09-16 13:07:00
225,91,view,,2026-09-20 17:14:00
225,42,purchase,5.0,2026-09-29 05:28:00
225,40,purchase,4.0,2026-09-30 15:28:00
226,2,cart,,2025-01-09 15:10:00
226,25,purchase,3.0,2025-01-24 01:07:00
226,4,view,,2025-03-01 20:10:00
226,15,purchase,4.0,2025-03-03 01:56:00
226,3,view,,2025-03-07 12:34:00
226,16,purchase,4.0,2025-03-31 22:23:00
226,18,purchase,4.0,2025-04-15 04:39:00
226,63,view,,2025-06-09 16:29:00
226,80,purchase,3.0,2025-06-25 13:11:00
226,6,cart,,2025-07-01 19:40:00
226,4,view,,2025-08-04 14:06:00
226,1,purchase,4.0,2025-10-29 20:21:00
226,3,purchase,4.0,2025-10-29 22:21:00
226,21,cart,,2025-12-19 09:40:00
226,44,view,,2025-12-31 03:56:00
226,37,view,,2026-01-03 16:18:00
226,64,cart,,2026-01-27 23:13:00
226,60,cart,,2026-02-22 10:23:00
226,30,cart,,2026-03-16 19:40:00
226,74,view,,2026-03-31 21:03:00
226,65,purchase,3.0,2026-04-04 15:29:00
226,8,view,,2026-04-27 18:59:00
226,73,view,,2026-04-28 13:30:00
226,72,view,,2026-05-08 19:18:00
226,7,view,,2026-05-25 08:04:00
226,27,view,,2026-06-20 12:37:00
226,13,purchase,5.0,2026-07-09 01:52:00
226,6,view,,2026-07-30 04:42:00
226,57,view,,2026-08-03 13:53:00
226,19,cart,,2026-08-11 17:23:00
227,52,cart,,2025-01-22 07:07:00
227,38,purchase,3.0,2025-01-29 16:21:00
227,2,purchase,4.0,2025-02-22 23:07:00
227,6,purchase,4.0,2025-02-23 16:07:00
227,6,view,,2025-03-18 02:51:00
227,44,view,,2025-03-30 08:42:00
227,18,purchase,5.0,2025-05-05 20:48:00
227,5,purchase,5.0,2025-05-07 02:48:00
227,6,view,,2025-05-12 03:23:00
227,5,cart,,2025-06-08 06:15:00
227,7,cart,,2025-08-22 13:10:00
227,45,view,,2026-01-06 23:54:00
227,40,view,,2026-01-18 07:04:00
227,1,purchase,5.0,2026-01-20 09:15:00
227,8,purchase,4.0,2026-01-21 16:15:00
227,22,purchase,4.0,2026-03-18 19:05:00
227,15,purchase,3.0,2026-04-24 02:52:00
227,40,cart,,2026-04-25 07:51:00
227,85,cart,,2026-05-05 07:35:00
227,22,purchase,3.0,2026-05-08 09:37:00
227,1,cart,,2026-07-11 13:45:00
227,47,purchase,4.0,2026-08-17 05:19:00
228,29,view,,2025-01-05 20:00:00
228,52,purchase,4.0,2025-03-01 04:45:00
228,37,view,,2025-04-26 07:57:00
228,63,cart,,2025-05-22 00:19:00
228,33,purchase,3.0,2025-05-31 13:42:00
228,56,cart,,2025-06-08 19:57:00
228,53,cart,,2025-08-25 09:09:00
228,34,view,,2025-10-23 15:55:00
228,37,purchase,5.0,2025-11-16 09:25:00
228,35,purchase,5.0,2025-11-20 18:13:00
228,65,purchase,3.0,2025-11-24 23:58:00
228,90,view,,2026-01-06 17:09:00
228,1,purchase,4.0,2026-01-14 08:10:00
228,11,purchase,4.0,2026-01-15 05:10:00
228,61,view,,2026-02-26 19:47:00
228,63,view,,2026-06-16 00:54:00
228,55,cart,,2026-07-01 23:41:00
228,41,purchase,3.0,2026-07-20 20:08:00
228,29,purchase,4.0,2026-09-08 15:40:00
229,24,view,,2025-02-11 12:44:00
229,50,view,,2025-02-21 10:26:00
229,53,view,,2025-03-17 20:00:00
229,32,view,,2025-09-22 05:11:00
229,86,view,,2025-10-07 04:55:00
229,19,cart,,2025-11-14 11:11:00
229,26,view,,2026-01-31 02:53:00
229,53,view,,2026-02-21 00:32:00
229,61,purchase,4.0,2026-02-26 08:41:00
229,58,purchase,3.0,2026-03-07 03:39:00
229,54,purchase,3.0,2026-04-17 15:17:00
229,55,purchase,3.0,2026-07-09 13:09:00
229,53,purchase,4.0,2026-07-10 15:09:00
230,63,cart,,2025-03-09 02:37:00
230,57,purchase,4.0,2025-03-10 11:33:00
230,65,purchase,3.0,2025-03-16 04:11:00
230,68,purchase,5.0,2025-03-16 22:11:00
230,57,view,,2025-03-28 20:18:00
230,60,purchase,4.0,2025-06-30 13:46:00
230,58,view,,2025-07-07 12:11:00
230,63,view,,2025-07-18 07:36:00
230,73,view,,2025-11-10 18:47:00
230,73,view,,2025-11-14 05:02:00
230,85,cart,,2025-12-05 17:17:00
230,89,purchase,3.0,2025-12-14 23:15:00
230,76,purchase,4.0,2026-03-04 06:23:00
230,42,view,,2026-03-21 16:27:00
230,53,cart,,2026-03-29 07:25:00
230,63,view,,2026-05-08 22:18:00
230,53,cart,,2026-05-14 21:34:00
230,70,purchase,5.0,2026-05-20 07:31:00
230,76,view,,2026-05-21 05:32:00
230,70,view,,2026-05-23 01:58:00
230,57,purchase,3.0,2026-06-21 16:44:00
230,72,cart,,2026-07-25 22:04:00
230,5,purchase,3.0,2026-07-27 03:28:00
230,18,purchase,4.0,2026-07-27 08:28:00
230,55,view,,2026-09-08 19:35:00
230,1,view,,2026-09-14 18:07:00
230,61,cart,,2026-09-20 11:19:00
230,60,purchase,4.0,2026-09-22 05:21:00
231,75,purchase,5.0,2025-01-06 00:08:00
231,78,cart,,2025-01-15 06:56:00
231,10,view,,2025-01-19 00:35:00
231,44,cart,,2025-01-31 05:42:00
231,72,purchase,5.0,2025-02-18 18:40:00
231,7,cart,,2025-04-01 20:30:00
231,22,view,,2025-04-28 10:58:00
231,10,purchase,4.0,2025-05-23 16:32:00
231,1,cart,,2025-05-25 08:53:00
231,10,purchase,3.0,2025-07-19 11:26:00
231,18,cart,,2025-07-21 19:53:00
231,72,purchase,5.0,2025-08-19 06:36:00
231,37,purchase,3.0,2025-09-16 07:38:00
231,36,purchase,4.0,2025-10-07 03:16:00
231,71,cart,,2025-10-14 05:14:00
231,2,cart,,2025-10-19 00:53:00
231,87,view,,2025-10-20 19:34:00
231,9,view,,2025-11-23 20:27:00
231,71,purchase,4.0,2025-12-12 10:06:00
231,40,view,,2026-01-04 14:14:00
231,5,cart,,2026-01-05 05:58:00
231,75,purchase,4.0,2026-01-12 01:05:00
231,80,purchase,3.0,2026-01-23 12:22:00
231,22,view,,2026-02-15 03:48:00
231,80,purchase,3.0,2026-02-15 20:21:00
231,72,view,,2026-04-16 06:42:00
231,58,view,,2026-04-24 17:42:00
231,74,purchase,4.0,2026-04-25 06:18:00
231,14,view,,2026-06-03 03:02:00
231,7,purchase,4.0,2026-06-29 13:09:00
231,19,view,,2026-07-02 04:23:00
231,73,purchase,4.0,2026-09-02 09:35:00
232,80,cart,,2025-01-02 09:37:00
232,67,purchase,4.0,2025-01-20 06:11:00
232,26,purchase,5.0,2025-01-25 14:11:00
232,73,purchase,2.0,2025-03-21 16:18:00
232,29,view,,2025-04-24 00:57:00
232,6,view,,2025-08-11 11:25:00
232,30,cart,,2025-10-05 22:33:00
232,37,view,,2025-11-27 07:08:00
232,25,purchase,4.0,2026-01-27 18:44:00
232,14,cart,,2026-02-04 08:05:00
232,35,purchase,5.0,2026-02-11 06:31:00
232,59,view,,2026-04-26 20:33:00
232,14,purchase,4.0,2026-05-27 08:33:00
232,20,cart,,2026-06-09 20:47:00
232,85,cart,,2026-06-12 15:42:00
232,32,purchase,4.0,2026-06-26 19:29:00
232,28,purchase,3.0,2026-07-06 19:33:00
233,33,view,,2025-02-21 11:55:00
233,36,cart,,2025-03-30 07:32:00
233,30,view,,2025-04-01 01:26:00
233,27,purchase,3.0,2025-05-08 01:15:00
233,84,view,,2025-07-10 20:03:00
233,58,purchase,3.0,2025-07-16 05:27:00
233,46,purchase,3.0,2025-07-16 15:52:00
233,63,purchase,4.0,2025-07-22 13:14:00
233,9,cart,,2025-10-14 15:32:00
233,64,cart,,2025-10-14 21:05:00
233,60,purchase,5.0,2025-12-15 21:59:00
233,66,purchase,3.0,2026-01-05 02:49:00
233,24,cart,,2026-01-06 01:44:00
233,54,view,,2026-02-27 15:59:00
233,29,view,,2026-03-01 13:58:00
233,3,purchase,3.0,2026-03-11 16:31:00
233,10,purchase,4.0,2026-03-12 20:31:00
233,37,view,,2026-05-14 23:33:00
233,53,cart,,2026-05-25 02:36:00
233,76,purchase,3.0,2026-05-27 22:20:00
233,64,purchase,3.0,2026-06-01 01:27:00
233,59,cart,,2026-06-12 12:36:00
233,30,view,,2026-07-02 19:57:00
233,37,view,,2026-07-09 16:19:00
233,30,view,,2026-08-01 05:20:00
233,55,view,,2026-08-20 14:30:00
233,29,view,,2026-08-20 21:39:00
233,37,view,,2026-09-07 04:52:00
233,91,view,,2026-09-09 22:29:00
233,32,purchase,4.0,2026-09-26 15:40:00
234,89,cart,,2025-01-06 06:36:00
234,60,purchase,4.0,2025-02-13 14:58:00
234,12,cart,,2025-04-07 21:10:00
234,15,view,,2025-05-02 04:15:00
234,5,view,,2025-05-18 09:49:00
234,36,cart,,2025-07-26 05:25:00
234,16,view,,2025-08-02 05:51:00
234,15,view,,2025-08-04 23:19:00
234,21,purchase,4.0,2025-08-27 17:02:00
234,29,view,,2025-09-21 22:40:00
234,12,view,,2025-09-27 15:15:00
234,15,purchase,5.0,2025-11-06 15:59:00
234,8,view,,2025-11-09 17:10:00
234,75,view,,2025-11-14 15:40:00
234,36,view,,2025-11-19 19:43:00
234,5,view,,2025-12-24 07:49:00
234,75,view,,2025-12-28 02:25:00
234,48,view,,2025-12-28 11:43:00
234,25,purchase,3.0,2026-02-20 00:02:00
234,7,purchase,3.0,2026-02-22 01:08:00
234,10,purchase,5.0,2026-02-22 05:08:00
234,14,view,,2026-03-05 01:12:00
234,15,purchase,5.0,2026-03-23 01:51:00
234,16,cart,,2026-03-29 16:57:00
234,22,view,,2026-05-08 14:20:00
234,4,cart,,2026-06-07 22:25:00
234,41,cart,,2026-07-27 06:57:00
234,16,purchase,5.0,2026-08-13 07:56:00
234,14,purchase,5.0,2026-08-30 11:45:00
234,21,view,,2026-09-19 18:44:00
234,5,view,,2026-09-27 22:20:00
235,12,purchase,5.0,2025-01-14 14:17:00
235,4,purchase,5.0,2025-01-14 23:17:00
235,60,purchase,4.0,2025-01-16 23:02:00
235,83,purchase,4.0,2025-05-06 15:21:00
235,12,cart,,2025-05-20 18:50:00
235,9,view,,2025-06-01 22:54:00
235,41,cart,,2025-07-07 21:37:00
235,9,view,,2025-07-12 08:09:00
235,15,view,,2025-07-20 07:05:00
235,9,purchase,5.0,2025-07-22 06:44:00
235,6,purchase,5.0,2025-07-22 09:44:00
235,20,purchase,5.0,2025-07-22 18:29:00
235,8,purchase,3.0,2025-07-25 09:02:00
235,10,cart,,2025-08-13 19:44:00
235,22,view,,2025-09-03 19:13:00
235,20,purchase,4.0,2025-09-23 15:58:00
235,4,cart,,2025-10-13 02:54:00
235,40,view,,2025-10-18 17:05:00
235,18,view,,2025-10-27 04:57:00
235,87,cart,,2025-11-09 13:15:00
235,80,view,,2025-12-14 05:28:00
235,16,view,,2025-12-31 01:29:00
235,80,purchase,4.0,2026-01-17 15:16:00
235,5,cart,,2026-01-28 10:49:00
235,69,cart,,2026-02-06 15:23:00
235,22,purchase,5.0,2026-02-11 11:46:00
235,78,view,,2026-02-24 08:55:00
235,73,purchase,4.0,2026-04-14 00:22:00
235,19,view,,2026-04-22 06:37:00
235,11,purchase,3.0,2026-05-23 21:08:00
235,14,purchase,4.0,2026-05-27 18:06:00
235,81,purchase,3.0,2026-08-06 11:07:00
235,82,view,,2026-09-02 00:45:00
235,9,purchase,4.0,2026-09-16 23:38:00
235,3,purchase,4.0,2026-09-17 01:38:00
235,84,purchase,4.0,2026-09-18 17:43:00
236,45,purchase,4.0,2025-01-10 18:15:00
236,54,purchase,4.0,2025-03-06 02:47:00
236,55,purchase,5.0,2025-03-06 13:47:00
236,76,view,,2025-04-01 17:55:00
236,38,purchase,4.0,2025-04-22 07:17:00
236,28,view,,2025-06-02 06:40:00
236,33,view,,2025-06-20 00:45:00
236,53,view,,2025-06-21 04:54:00
236,53,view,,2025-06-24 11:42:00
236,81,view,,2025-07-09 04:32:00
236,74,view,,2025-09-06 07:42:00
236,64,purchase,3.0,2025-09-06 12:43:00
236,41,purchase,3.0,2025-09-14 02:20:00
236,90,cart,,2025-12-12 21:00:00
236,24,purchase,4.0,2025-12-28 07:24:00
236,24,view,,2026-01-06 18:13:00
236,29,purchase,4.0,2026-02-10 15:32:00
236,26,view,,2026-02-14 18:01:00
236,42,cart,,2026-04-12 06:56:00
236,32,purchase,5.0,2026-05-15 04:07:00
236,35,purchase,4.0,2026-06-29 03:26:00
236,18,view,,2026-08-30 05:30:00
237,63,purchase,4.0,2025-01-03 03:57:00
237,70,view,,2025-01-22 17:13:00
237,76,purchase,4.0,2025-01-24 08:39:00
237,72,view,,2025-03-09 03:48:00
237,73,cart,,2025-04-24 17:00:00
237,42,purchase,3.0,2025-05-21 18:31:00
237,39,purchase,5.0,2025-05-22 22:31:00
237,57,purchase,3.0,2025-05-23 07:45:00
237,52,purchase,4.0,2025-05-23 15:45:00
237,55,purchase,3.0,2025-05-24 23:12:00
237,41,view,,2025-10-08 17:02:00
237,75,view,,2025-10-16 00:32:00
237,54,view,,2025-11-11 08:04:00
237,72,view,,2025-11-22 23:23:00
237,33,purchase,3.0,2026-02-17 04:15:00
237,72,purchase,4.0,2026-03-02 22:53:00
237,22,view,,2026-03-15 12:26:00
237,75,view,,2026-04-15 16:12:00
237,80,view,,2026-04-18 16:28:00
237,54,purchase,3.0,2026-04-28 12:16:00
237,56,purchase,4.0,2026-04-29 10:16:00
237,71,cart,,2026-05-29 12:24:00
237,75,view,,2026-06-17 13:36:00
237,76,purchase,5.0,2026-06-19 15:24:00
237,75,view,,2026-07-29 17:42:00
237,58,purchase,3.0,2026-07-31 10:27:00
237,1,view,,2026-07-31 10:30:00
237,58,view,,2026-08-22 18:40:00
237,40,cart,,2026-09-01 18:10:00
237,53,view,,2026-09-13 15:35:00
238,40,purchase,3.0,2025-01-24 17:56:00
238,42,purchase,4.0,2025-01-26 01:56:00
238,34,view,,2025-01-27 09:07:00
238,44,view,,2025-02-12 11:40:00
238,35,view,,2025-03-20 00:13:00
238,37,view,,2025-04-12 00:23:00
238,55,view,,2025-04-15 00:00:00
238,78,purchase,4.0,2025-05-28 04:12:00
238,32,cart,,2025-05-28 08:20:00
238,27,view,,2025-08-02 01:12:00
238,46,cart,,2025-08-06 03:51:00
238,47,view,,2025-08-23 20:19:00
238,1,view,,2025-09-08 20:30:00
238,41,cart,,2025-09-16 06:57:00
238,2,purchase,3.0,2025-11-12 22:42:00
238,43,cart,,2025-12-22 02:49:00
238,78,purchase,4.0,2026-02-09 00:45:00
238,54,purchase,4.0,2026-03-10 08:30:00
238,33,purchase,5.0,2026-03-29 06:21:00
238,36,purchase,3.0,2026-04-02 01:51:00
238,6,view,,2026-04-26 20:20:00
238,40,view,,2026-05-19 23:29:00
238,43,purchase,3.0,2026-05-23 06:29:00
238,39,purchase,4.0,2026-05-24 17:29:00
238,49,view,,2026-07-20 07:33:00
238,49,view,,2026-09-10 17:14:00
238,49,purchase,5.0,2026-09-20 22:23:00
238,53,view,,2026-09-27 06:53:00
239,7,purchase,4.0,2025-01-10 04:02:00
239,80,purchase,5.0,2025-02-06 03:22:00
239,85,view,,2025-02-13 01:43:00
239,89,purchase,4.0,2025-02-26 21:53:00
239,84,view,,2025-05-16 00:22:00
239,55,view,,2025-07-10 20:43:00
239,86,purchase,4.0,2025-08-05 14:00:00
239,82,purchase,5.0,2025-08-17 14:50:00
239,50,cart,,2025-09-14 23:00:00
239,14,purchase,3.0,2025-11-05 18:52:00
239,34,cart,,2025-11-06 03:31:00
239,61,purchase,4.0,2025-12-03 23:15:00
239,39,view,,2025-12-09 04:13:00
239,30,purchase,4.0,2026-01-07 13:39:00
239,89,cart,,2026-01-23 15:22:00
239,44,purchase,4.0,2026-02-25 05:51:00
239,11,cart,,2026-03-12 15:07:00
239,41,purchase,3.0,2026-03-25 15:19:00
239,39,purchase,4.0,2026-03-26 19:19:00
239,41,view,,2026-03-26 23:31:00
239,15,cart,,2026-04-06 21:57:00
239,52,cart,,2026-04-28 09:35:00
239,74,view,,2026-09-28 16:33:00
240,78,view,,2025-02-12 16:57:00
240,66,purchase,3.0,2025-02-17 15:39:00
240,33,purchase,4.0,2025-02-21 11:57:00
240,72,cart,,2025-02-26 22:21:00
240,42,purchase,4.0,2025-04-02 22:54:00
240,39,purchase,4.0,2025-04-03 08:54:00
240,27,purchase,3.0,2025-06-10 10:45:00
240,46,view,,2025-07-08 17:07:00
240,39,purchase,5.0,2025-07-10 14:58:00
240,69,purchase,4.0,2025-08-10 14:14:00
240,16,purchase,3.0,2025-08-19 02:26:00
240,13,view,,2025-08-30 05:01:00
240,14,view,,2025-09-08 23:45:00
240,84,view,,2025-09-11 05:51:00
240,50,view,,2025-10-15 15:38:00
240,35,cart,,2025-11-17 14:27:00
240,36,cart,,2025-11-17 21:52:00
240,15,purchase,4.0,2025-12-05 05:09:00
240,25,view,,2026-02-06 20:37:00
240,39,cart,,2026-03-28 00:46:00
240,67,purchase,4.0,2026-06-08 17:21:00
240,46,cart,,2026-07-15 06:23:00
240,59,purchase,4.0,2026-08-14 15:22:00
240,8,view,,2026-08-24 11:32:00
240,41,purchase,5.0,2026-09-29 13:39:00
240,38,purchase,5.0,2026-09-30 11:39:00
241,79,view,,2025-01-10 16:38:00
241,45,purchase,5.0,2025-01-24 14:00:00
241,78,purchase,3.0,2025-02-06 05:51:00
241,29,purchase,3.0,2025-02-17 16:59:00
241,57,cart,,2025-05-05 22:42:00
241,28,purchase,4.0,2025-06-01 16:13:00
241,32,purchase,5.0,2025-06-06 07:05:00
241,32,view,,2025-07-11 09:24:00
241,64,purchase,4.0,2025-10-05 22:17:00
241,26,view,,2025-12-09 00:20:00
241,25,view,,2025-12-26 05:18:00
241,55,view,,2026-01-14 02:34:00
241,50,cart,,2026-01-22 15:23:00
241,32,view,,2026-08-07 11:00:00
242,74,purchase,4.0,2025-02-13 16:56:00
242,57,purchase,4.0,2025-02-15 13:36:00
242,53,purchase,5.0,2025-02-16 20:36:00
242,63,purchase,4.0,2025-09-22 17:19:00
242,53,cart,,2025-10-05 06:27:00
242,53,view,,2025-10-25 05:22:00
242,79,view,,2025-12-10 22:11:00
242,63,purchase,4.0,2025-12-27 22:53:00
242,30,cart,,2025-12-29 20:27:00
242,24,purchase,5.0,2026-01-17 01:15:00
242,26,purchase,3.0,2026-03-31 13:10:00
242,29,view,,2026-04-07 17:39:00
242,54,view,,2026-05-10 00:53:00
242,64,view,,2026-05-11 23:14:00
242,27,purchase,5.0,2026-07-04 18:53:00
243,33,purchase,4.0,2025-01-03 17:19:00
243,90,view,,2025-01-25 10:44:00
243,41,purchase,3.0,2025-03-22 18:50:00
243,39,purchase,5.0,2025-03-22 20:50:00
243,69,view,,2025-04-30 10:40:00
243,87,purchase,4.0,2025-05-11 08:46:00
243,74,view,,2025-05-15 12:09:00
243,54,purchase,3.0,2025-06-16 16:28:00
243,57,purchase,3.0,2025-06-16 19:28:00
243,73,view,,2025-07-08 11:08:00
243,5,view,,2025-07-25 21:44:00
243,69,view,,2025-08-08 12:23:00
243,35,view,,2025-09-05 07:06:00
243,37,view,,2025-09-06 00:40:00
243,15,cart,,2025-11-01 09:25:00
243,22,cart,,2025-11-19 01:18:00
243,8,purchase,3.0,2026-01-11 00:51:00
243,36,purchase,5.0,2026-03-02 08:54:00
243,72,purchase,3.0,2026-05-19 06:58:00
243,1,purchase,3.0,2026-06-07 21:14:00
243,18,purchase,4.0,2026-06-08 07:14:00
243,83,purchase,3.0,2026-06-23 17:31:00
243,28,view,,2026-07-15 18:58:00
243,28,purchase,3.0,2026-08-17 13:05:00
243,43,view,,2026-09-26 02:38:00
244,90,purchase,5.0,2025-01-18 19:45:00
244,86,view,,2025-01-20 03:44:00
244,24,cart,,2025-02-18 19:28:00
244,54,cart,,2025-03-09 12:42:00
244,87,purchase,5.0,2025-03-17 02:48:00
244,52,view,,2025-03-31 20:16:00
244,76,view,,2025-04-22 04:09:00
244,90,view,,2025-05-28 23:58:00
244,78,purchase,5.0,2025-07-03 00:20:00
244,81,view,,2025-07-25 14:56:00
244,81,purchase,4.0,2025-08-05 07:31:00
244,15,view,,2025-08-19 12:48:00
244,90,view,,2025-12-03 20:09:00
244,79,purchase,3.0,2025-12-07 18:53:00
244,63,purchase,4.0,2025-12-08 06:45:00
244,73,view,,2026-01-07 01:31:00
244,87,purchase,5.0,2026-03-01 06:48:00
244,73,purchase,3.0,2026-03-03 19:25:00
244,75,view,,2026-03-18 12:22:00
244,87,purchase,4.0,2026-04-03 18:12:00
244,72,purchase,5.0,2026-04-06 11:52:00
244,69,purchase,3.0,2026-04-21 12:42:00
244,54,cart,,2026-08-02 01:33:00
244,6,purchase,3.0,2026-08-28 00:33:00
244,5,purchase,5.0,2026-08-28 05:33:00
244,84,view,,2026-09-13 16:52:00
244,85,cart,,2026-09-15 04:51:00
244,76,purchase,3.0,2026-09-18 08:39:00
245,65,purchase,3.0,2025-01-16 05:54:00
245,42,purchase,3.0,2025-01-25 09:43:00
245,38,purchase,4.0,2025-01-26 03:43:00
245,12,purchase,4.0,2025-04-01 02:07:00
245,3,purchase,4.0,2025-04-02 10:07:00
245,4,view,,2025-04-05 12:43:00
245,38,view,,2025-04-12 02:34:00
245,18,view,,2025-04-16 11:22:00
245,3,purchase,4.0,2025-04-24 21:32:00
245,9,purchase,4.0,2025-04-26 08:32:00
245,75,view,,2025-05-02 03:29:00
245,8,purchase,4.0,2025-06-02 06:00:00
245,1,purchase,4.0,2025-06-03 03:00:00
245,42,purchase,2.0,2025-06-27 17:18:00
245,35,cart,,2025-07-24 21:46:00
245,47,purchase,4.0,2025-08-05 22:56:00
245,15,view,,2025-08-20 02:52:00
245,6,cart,,2025-09-16 05:44:00
245,38,purchase,3.0,2025-09-30 23:36:00
245,15,view,,2025-11-17 12:08:00
245,11,purchase,5.0,2025-12-02 20:00:00
245,10,purchase,4.0,2025-12-03 18:00:00
245,12,view,,2025-12-19 00:20:00
245,50,purchase,3.0,2026-01-22 02:47:00
245,21,view,,2026-01-24 04:54:00
245,9,view,,2026-01-27 02:03:00
245,4,view,,2026-01-31 21:22:00
245,42,view,,2026-03-12 19:16:00
245,4,view,,2026-03-19 09:22:00
245,10,view,,2026-04-29 01:52:00
245,1,view,,2026-07-01 02:32:00
245,88,view,,2026-07-27 06:17:00
245,9,cart,,2026-07-30 17:26:00
245,20,view,,2026-09-04 19:13:00
245,55,purchase,4.0,2026-09-07 12:56:00
245,2,cart,,2026-09-15 21:46:00
245,17,view,,2026-09-18 22:16:00
245,14,purchase,5.0,2026-09-28 18:25:00
246,61,purchase,3.0,2025-01-10 17:54:00
246,85,view,,2025-02-26 15:29:00
246,33,view,,2025-03-03 05:39:00
246,81,view,,2025-08-13 09:45:00
246,63,view,,2025-10-30 01:18:00
246,64,purchase,4.0,2025-11-08 04:15:00
246,56,view,,2025-11-16 19:16:00
246,81,purchase,3.0,2025-11-18 14:49:00
246,61,cart,,2025-12-06 20:45:00
246,82,purchase,4.0,2026-01-30 05:46:00
246,90,cart,,2026-01-30 16:36:00
246,86,purchase,3.0,2026-02-04 19:31:00
246,26,view,,2026-02-24 16:30:00
246,88,purchase,4.0,2026-06-23 04:35:00
246,54,cart,,2026-07-07 00:07:00
246,56,view,,2026-09-02 18:19:00
247,90,purchase,5.0,2025-02-11 02:47:00
247,46,purchase,4.0,2025-02-18 09:59:00
247,64,view,,2025-02-18 20:05:00
247,38,cart,,2025-03-13 11:54:00
247,83,view,,2025-06-18 18:15:00
247,81,purchase,5.0,2025-07-02 09:01:00
247,43,view,,2025-07-07 14:27:00
247,81,purchase,5.0,2025-07-07 23:42:00
247,38,view,,2025-10-06 14:20:00
247,87,purchase,5.0,2025-11-02 19:06:00
247,87,cart,,2025-11-30 16:38:00
247,89,view,,2026-01-04 02:17:00
247,50,cart,,2026-01-18 03:50:00
247,44,purchase,3.0,2026-01-29 14:35:00
247,80,purchase,3.0,2026-02-27 08:21:00
247,78,purchase,4.0,2026-04-11 11:37:00
247,82,cart,,2026-08-03 11:36:00
247,73,cart,,2026-08-27 19:02:00
248,87,cart,,2025-02-06 18:34:00
248,6,view,,2025-03-22 06:39:00
248,5,purchase,5.0,2025-04-08 12:34:00
248,12,purchase,5.0,2025-04-18 17:16:00
248,1,purchase,4.0,2025-04-20 02:16:00
248,85,purchase,4.0,2025-05-05 01:16:00
248,22,view,,2025-05-24 02:15:00
248,88,purchase,4.0,2025-06-13 12:57:00
248,6,view,,2025-06-18 22:19:00
248,11,view,,2025-06-27 22:15:00
248,81,view,,2025-07-29 10:47:00
248,88,purchase,3.0,2025-08-02 16:53:00
248,5,cart,,2025-08-16 11:47:00
248,32,cart,,2025-09-11 21:42:00
248,18,view,,2025-09-20 13:40:00
248,10,cart,,2025-10-13 21:23:00
248,11,purchase,3.0,2025-11-05 08:43:00
248,65,purchase,3.0,2025-11-24 22:20:00
248,30,view,,2025-12-05 17:24:00
248,78,purchase,4.0,2025-12-10 18:25:00
248,90,view,,2026-01-28 00:21:00
248,90,purchase,4.0,2026-02-26 19:21:00
248,15,cart,,2026-03-18 03:53:00
248,5,view,,2026-04-16 22:28:00
248,27,view,,2026-05-07 04:31:00
248,20,purchase,4.0,2026-05-11 19:49:00
248,20,view,,2026-05-29 15:14:00
248,15,purchase,4.0,2026-06-10 09:25:00
248,12,view,,2026-07-01 21:22:00
248,27,view,,2026-07-13 09:19:00
249,22,view,,2025-02-01 22:09:00
249,40,purchase,3.0,2025-04-14 06:16:00
249,33,view,,2025-04-16 03:19:00
249,15,view,,2025-04-25 06:03:00
249,15,view,,2025-05-21 19:29:00
249,43,purchase,3.0,2025-10-03 13:22:00
249,39,purchase,4.0,2025-10-04 17:22:00
249,78,cart,,2025-12-08 00:25:00
249,43,cart,,2025-12-11 14:06:00
249,9,view,,2026-03-16 04:26:00
249,35,view,,2026-03-16 19:33:00
249,21,cart,,2026-03-24 14:01:00
249,42,purchase,3.0,2026-04-24 05:29:00
249,38,purchase,5.0,2026-04-24 11:29:00
249,49,view,,2026-06-10 00:27:00
249,21,view,,2026-06-14 09:36:00
249,1,view,,2026-06-23 18:34:00
249,6,view,,2026-07-20 16:03:00
249,14,view,,2026-08-21 02:26:00
250,21,cart,,2025-01-28 20:56:00
250,4,cart,,2025-02-13 18:14:00
250,16,purchase,5.0,2025-02-21 09:56:00
250,9,purchase,4.0,2025-05-04 23:27:00
250,12,purchase,5.0,2025-05-06 08:27:00
250,16,purchase,4.0,2025-06-24 20:14:00
250,21,cart,,2025-08-28 11:50:00
250,12,purchase,5.0,2025-09-18 20:24:00
250,4,purchase,5.0,2025-09-20 00:24:00
250,46,view,,2025-09-24 06:10:00
250,43,cart,,2025-11-14 04:59:00
250,39,purchase,3.0,2025-12-15 18:59:00
250,38,purchase,4.0,2025-12-16 08:59:00
250,20,view,,2025-12-23 18:56:00
250,45,view,,2026-01-09 05:19:00
250,4,view,,2026-05-04 18:05:00
250,40,purchase,4.0,2026-06-24 12:11:00
250,14,cart,,2026-09-07 13:24:00
251,86,purchase,5.0,2025-01-26 12:14:00
251,34,view,,2025-02-08 02:03:00
251,24,purchase,5.0,2025-02-25 09:07:00
251,5,view,,2025-04-22 20:19:00
251,86,cart,,2025-04-29 17:49:00
251,18,view,,2025-06-06 00:18:00
251,83,purchase,5.0,2025-07-09 02:15:00
251,85,view,,2025-07-17 15:48:00
251,35,purchase,4.0,2025-08-01 23:29:00
251,69,cart,,2025-08-02 17:33:00
251,36,purchase,5.0,2025-09-28 22:45:00
251,36,purchase,5.0,2025-09-30 01:35:00
251,29,view,,2025-10-27 21:07:00
251,35,view,,2025-11-09 03:04:00
251,84,purchase,4.0,2025-11-14 21:13:00
251,26,cart,,2026-01-22 23:22:00
251,24,view,,2026-02-12 12:15:00
251,25,view,,2026-02-16 12:46:00
251,32,cart,,2026-04-05 11:57:00
251,49,purchase,3.0,2026-05-12 13:16:00
251,3,view,,2026-05-12 19:40:00
251,39,purchase,3.0,2026-05-14 06:45:00
251,82,purchase,3.0,2026-05-20 06:47:00
251,52,purchase,3.0,2026-05-29 23:14:00
251,89,cart,,2026-06-04 20:23:00
251,75,view,,2026-06-26 04:49:00
251,83,view,,2026-06-26 12:58:00
251,83,cart,,2026-07-07 22:55:00
251,83,cart,,2026-07-14 21:05:00
251,29,view,,2026-08-25 07:52:00
251,84,cart,,2026-08-26 12:59:00
252,55,purchase,4.0,2025-01-17 18:44:00
252,57,purchase,4.0,2025-01-17 23:44:00
252,78,view,,2025-01-23 14:06:00
252,38,purchase,4.0,2025-03-15 12:22:00
252,40,purchase,4.0,2025-03-15 18:22:00
252,75,view,,2025-04-11 16:41:00
252,49,view,,2025-04-21 03:08:00
252,60,view,,2026-01-19 08:45:00
252,90,view,,2026-02-02 02:22:00
252,50,cart,,2026-02-06 20:07:00
252,38,purchase,5.0,2026-04-07 14:32:00
252,42,purchase,5.0,2026-04-08 06:32:00
252,32,purchase,3.0,2026-04-13 18:39:00
252,32,view,,2026-05-12 11:56:00
252,49,view,,2026-05-13 22:19:00
252,58,cart,,2026-07-06 22:18:00
252,42,purchase,4.0,2026-09-13 14:47:00
252,43,purchase,5.0,2026-09-14 16:47:00
253,41,view,,2025-01-16 20:13:00
253,89,purchase,5.0,2025-01-19 06:17:00
253,14,purchase,3.0,2025-03-16 18:20:00
253,20,cart,,2025-03-22 02:38:00
253,16,purchase,4.0,2025-03-31 14:03:00
253,84,view,,2025-06-16 00:50:00
253,65,purchase,3.0,2025-07-01 23:55:00
253,68,purchase,4.0,2025-07-02 08:55:00
253,73,view,,2025-09-14 20:12:00
253,81,view,,2025-10-03 05:59:00
253,80,view,,2025-10-19 03:36:00
253,71,purchase,3.0,2025-11-16 15:24:00
253,75,purchase,5.0,2025-12-04 21:38:00
253,21,view,,2025-12-10 07:42:00
253,76,view,,2025-12-13 23:04:00
253,89,purchase,4.0,2025-12-23 10:59:00
253,7,purchase,4.0,2026-01-22 10:36:00
253,12,purchase,4.0,2026-01-23 05:36:00
253,89,view,,2026-02-21 08:08:00
253,65,purchase,4.0,2026-03-24 06:29:00
253,73,purchase,2.0,2026-05-03 08:01:00
253,6,view,,2026-05-04 04:09:00
253,72,view,,2026-05-05 09:02:00
253,70,view,,2026-05-08 06:57:00
253,3,purchase,3.0,2026-05-15 01:21:00
253,30,view,,2026-06-01 08:42:00
253,88,purchase,4.0,2026-06-15 00:57:00
253,85,cart,,2026-07-15 04:20:00
253,27,view,,2026-07-19 17:23:00
253,83,cart,,2026-07-22 00:36:00
253,34,view,,2026-07-23 07:27:00
253,83,purchase,4.0,2026-07-23 16:25:00
253,57,purchase,4.0,2026-08-28 00:30:00
253,54,purchase,5.0,2026-08-28 20:30:00
253,72,purchase,5.0,2026-09-19 17:41:00
253,25,cart,,2026-09-21 01:57:00
254,42,purchase,4.0,2025-01-15 09:00:00
254,38,purchase,4.0,2025-01-16 19:00:00
254,56,purchase,5.0,2025-04-22 11:36:00
254,52,purchase,4.0,2025-04-23 16:36:00
254,49,cart,,2025-05-02 03:38:00
254,38,purchase,5.0,2025-05-11 08:32:00
254,49,cart,,2025-05-16 00:59:00
254,41,purchase,3.0,2025-08-14 10:31:00
254,60,purchase,4.0,2025-09-22 04:56:00
254,58,cart,,2025-10-21 05:19:00
254,43,purchase,3.0,2025-11-08 19:38:00
254,40,purchase,5.0,2025-11-09 05:38:00
254,40,view,,2026-01-03 03:22:00
254,64,purchase,4.0,2026-01-15 02:53:00
254,53,purchase,5.0,2026-01-21 07:41:00
254,56,view,,2026-01-22 00:33:00
254,25,view,,2026-02-03 20:51:00
254,80,purchase,3.0,2026-02-05 23:41:00
254,61,purchase,3.0,2026-03-17 19:19:00
254,60,purchase,4.0,2026-03-28 19:11:00
254,49,cart,,2026-04-04 02:26:00
254,54,purchase,4.0,2026-04-05 13:18:00
254,57,purchase,4.0,2026-04-06 18:18:00
254,81,view,,2026-06-11 02:06:00
254,19,purchase,3.0,2026-07-15 07:13:00
254,41,purchase,3.0,2026-09-11 11:49:00
254,39,purchase,4.0,2026-09-12 19:49:00
255,80,purchase,3.0,2025-01-21 17:31:00
255,87,cart,,2025-04-12 18:36:00
255,73,cart,,2025-04-22 04:18:00
255,52,purchase,5.0,2025-10-06 19:17:00
255,55,purchase,5.0,2025-10-07 03:17:00
255,18,purchase,3.0,2025-10-11 21:28:00
255,8,purchase,3.0,2025-10-16 20:06:00
255,36,cart,,2025-11-26 20:25:00
255,90,view,,2025-12-02 05:05:00
255,56,view,,2025-12-22 10:59:00
255,61,view,,2025-12-22 15:38:00
255,37,view,,2026-02-22 23:37:00
255,2,purchase,3.0,2026-04-21 19:56:00
256,89,cart,,2025-01-21 13:13:00
256,43,view,,2025-03-09 10:43:00
256,85,cart,,2025-06-05 16:16:00
256,43,purchase,5.0,2025-11-08 18:47:00
256,39,purchase,4.0,2025-11-09 14:47:00
256,21,purchase,3.0,2025-11-29 17:42:00
256,56,purchase,2.0,2025-12-08 05:26:00
256,39,purchase,3.0,2025-12-30 18:06:00
256,79,cart,,2026-01-11 18:11:00
256,74,cart,,2026-04-08 00:35:00
256,41,purchase,3.0,2026-07-01 15:17:00
256,37,purchase,3.0,2026-07-20 03:03:00
256,91,cart,,2026-09-07 13:29:00
256,88,purchase,5.0,2026-09-16 05:27:00
256,36,purchase,4.0,2026-09-22 08:36:00
257,16,purchase,5.0,2025-01-12 00:07:00
257,9,cart,,2025-01-19 23:04:00
257,7,view,,2025-01-24 19:58:00
257,30,purchase,3.0,2025-02-02 06:05:00
257,16,view,,2025-03-14 00:52:00
257,63,purchase,3.0,2025-03-23 06:29:00
257,52,view,,2025-03-27 22:56:00
257,10,cart,,2025-05-25 19:27:00
257,5,purchase,4.0,2025-06-19 15:49:00
257,6,purchase,4.0,2025-06-20 17:49:00
257,85,view,,2025-09-07 22:08:00
257,1,cart,,2025-10-01 04:14:00
257,20,view,,2025-10-17 12:52:00
257,13,view,,2025-11-09 19:03:00
257,13,view,,2025-11-12 00:27:00
257,14,view,,2025-12-06 10:26:00
257,80,cart,,2026-01-22 08:31:00
257,4,view,,2026-02-12 04:14:00
257,10,purchase,4.0,2026-02-14 05:22:00
257,4,view,,2026-02-14 23:14:00
257,1,view,,2026-03-20 12:15:00
257,22,view,,2026-07-25 01:57:00
257,2,view,,2026-07-27 16:22:00
258,8,view,,2025-01-18 22:35:00
258,74,purchase,4.0,2025-02-08 02:44:00
258,29,view,,2025-02-18 11:21:00
258,67,purchase,4.0,2025-07-08 21:09:00
258,61,purchase,3.0,2025-07-08 21:47:00
258,55,purchase,3.0,2025-07-25 12:49:00
258,54,purchase,4.0,2025-07-25 22:49:00
258,5,cart,,2025-08-03 10:39:00
258,34,view,,2025-08-05 01:23:00
258,59,purchase,3.0,2025-08-12 11:27:00
258,46,view,,2025-08-31 12:09:00
258,72,view,,2025-09-25 15:11:00
258,76,purchase,3.0,2025-10-30 12:31:00
258,35,view,,2025-11-03 05:10:00
258,36,view,,2025-11-06 23:14:00
258,58,purchase,3.0,2025-11-26 05:12:00
258,24,view,,2026-01-26 09:10:00
258,33,view,,2026-01-29 12:14:00
258,56,purchase,4.0,2026-03-03 07:02:00
258,54,purchase,3.0,2026-03-04 01:38:00
258,52,purchase,4.0,2026-03-04 08:38:00
258,41,view,,2026-03-30 14:40:00
258,16,view,,2026-04-08 05:40:00
258,63,purchase,4.0,2026-06-22 21:05:00
258,37,purchase,3.0,2026-08-25 19:02:00
258,85,cart,,2026-09-10 10:16:00
259,4,cart,,2025-01-23 11:48:00
259,70,view,,2025-01-26 13:23:00
259,26,purchase,4.0,2025-01-29 03:10:00
259,76,view,,2025-02-07 13:50:00
259,71,view,,2025-03-05 16:06:00
259,20,purchase,4.0,2025-04-11 21:17:00
259,10,cart,,2025-04-17 01:06:00
259,7,view,,2025-05-27 20:42:00
259,7,view,,2025-05-29 12:26:00
259,56,view,,2025-07-22 02:07:00
259,22,view,,2025-09-01 23:53:00
259,55,view,,2025-09-12 11:10:00
259,10,purchase,5.0,2025-10-03 09:52:00
259,75,view,,2025-10-04 04:34:00
259,4,purchase,4.0,2025-10-04 19:52:00
259,1,view,,2025-10-14 01:45:00
259,71,view,,2025-11-04 01:59:00
259,6,purchase,4.0,2025-11-25 06:24:00
259,7,cart,,2026-01-25 07:01:00
259,11,cart,,2026-02-02 11:06:00
259,43,cart,,2026-03-05 14:39:00
259,1,view,,2026-04-11 23:48:00
259,1,purchase,5.0,2026-05-18 19:03:00
259,5,purchase,4.0,2026-05-20 00:03:00
259,76,view,,2026-05-24 11:39:00
259,24,view,,2026-06-05 21:53:00
259,72,view,,2026-06-11 13:23:00
259,59,view,,2026-07-16 10:09:00
259,71,view,,2026-07-26 05:13:00
259,74,view,,2026-08-04 10:08:00
259,72,view,,2026-08-17 00:59:00
259,53,purchase,3.0,2026-08-29 03:40:00
259,56,purchase,4.0,2026-08-29 14:40:00
259,2,view,,2026-09-05 22:40:00
259,10,view,,2026-09-27 04:40:00
260,70,purchase,5.0,2025-01-11 14:43:00
260,74,purchase,3.0,2025-01-19 02:47:00
260,45,view,,2025-01-31 14:22:00
260,15,purchase,3.0,2025-03-14 10:41:00
260,73,purchase,4.0,2025-03-30 03:17:00
260,52,purchase,4.0,2025-06-08 14:47:00
260,57,purchase,4.0,2025-06-09 01:47:00
260,46,cart,,2025-06-29 15:29:00
260,73,view,,2025-07-19 03:43:00
260,86,purchase,3.0,2025-09-14 16:09:00
260,64,view,,2025-12-01 05:19:00
260,57,cart,,2025-12-05 14:19:00
260,8,cart,,2025-12-30 19:31:00
260,70,view,,2026-01-29 22:29:00
260,54,view,,2026-02-27 06:08:00
260,57,purchase,4.0,2026-04-28 08:07:00
260,53,purchase,4.0,2026-04-29 16:07:00
260,18,purchase,3.0,2026-05-31 02:17:00
260,2,purchase,4.0,2026-05-31 11:17:00
260,82,purchase,4.0,2026-06-11 23:15:00
260,47,purchase,3.0,2026-07-02 07:56:00
260,62,cart,,2026-08-12 19:15:00
261,32,cart,,2025-01-26 07:55:00
261,88,cart,,2025-02-07 17:05:00
261,79,view,,2025-02-11 05:23:00
261,76,purchase,5.0,2025-03-11 18:12:00
261,40,purchase,4.0,2025-03-23 10:31:00
261,39,purchase,5.0,2025-03-23 13:31:00
261,85,view,,2025-05-14 14:39:00
261,18,cart,,2025-05-31 02:49:00
261,59,purchase,3.0,2025-07-24 04:58:00
261,73,purchase,5.0,2025-08-11 21:38:00
261,75,purchase,4.0,2025-08-13 19:56:00
261,79,cart,,2025-08-18 01:40:00
261,85,view,,2025-08-25 21:40:00
261,85,cart,,2025-09-20 20:05:00
261,76,view,,2025-10-21 03:17:00
261,76,purchase,5.0,2025-10-28 05:47:00
261,73,purchase,5.0,2025-12-10 04:15:00
261,72,purchase,3.0,2025-12-13 20:28:00
261,55,purchase,3.0,2025-12-19 20:29:00
261,87,view,,2026-02-01 17:17:00
261,79,cart,,2026-03-08 06:00:00
261,6,view,,2026-03-10 22:06:00
261,73,cart,,2026-03-15 20:20:00
261,79,purchase,5.0,2026-07-06 20:53:00
261,88,purchase,4.0,2026-07-12 08:38:00
261,85,purchase,5.0,2026-09-29 16:49:00
262,75,view,,2025-01-23 06:58:00
262,40,view,,2025-01-28 21:19:00
262,90,purchase,3.0,2025-01-31 20:30:00
262,75,view,,2025-05-23 13:30:00
262,72,cart,,2025-06-10 02:55:00
262,28,cart,,2025-06-26 18:01:00
262,40,view,,2025-09-21 16:45:00
262,29,purchase,3.0,2025-10-11 20:45:00
262,45,view,,2026-02-19 05:24:00
262,48,purchase,5.0,2026-04-01 05:44:00
262,74,cart,,2026-06-22 08:28:00
262,27,purchase,3.0,2026-07-05 08:51:00
262,61,view,,2026-07-15 00:04:00
262,72,purchase,5.0,2026-08-08 03:41:00
262,47,purchase,4.0,2026-08-15 11:29:00
262,50,view,,2026-09-27 23:12:00
263,65,purchase,4.0,2025-01-02 22:08:00
263,68,purchase,4.0,2025-01-03 02:08:00
263,73,view,,2025-04-29 05:38:00
263,74,purchase,4.0,2025-05-11 03:24:00
263,73,cart,,2025-07-12 15:05:00
263,73,cart,,2025-09-16 07:41:00
263,52,cart,,2025-10-01 11:15:00
263,5,view,,2025-11-08 06:20:00
263,7,purchase,3.0,2025-11-08 10:57:00
263,11,purchase,4.0,2025-11-09 11:57:00
263,70,purchase,4.0,2025-12-29 23:57:00
263,73,purchase,5.0,2026-03-13 09:10:00
263,70,view,,2026-04-08 16:05:00
263,56,view,,2026-04-17 03:50:00
263,78,view,,2026-04-27 23:47:00
263,61,view,,2026-05-02 23:41:00
263,20,view,,2026-05-21 01:39:00
263,73,purchase,5.0,2026-05-31 15:26:00
263,1,cart,,2026-06-04 14:16:00
263,76,purchase,5.0,2026-06-17 04:09:00
263,59,purchase,3.0,2026-07-11 18:27:00
263,62,view,,2026-09-05 18:21:00
264,79,view,,2025-01-12 16:12:00
264,19,view,,2025-03-28 22:01:00
264,40,view,,2025-05-02 17:25:00
264,70,purchase,5.0,2025-05-11 12:13:00
264,76,cart,,2025-06-08 15:16:00
264,63,cart,,2025-06-10 05:36:00
264,55,purchase,3.0,2025-09-01 01:27:00
264,69,purchase,3.0,2025-09-06 15:21:00
264,90,cart,,2025-09-11 04:21:00
264,37,view,,2025-09-21 02:10:00
264,84,view,,2025-10-26 18:35:00
264,80,purchase,5.0,2025-12-21 10:24:00
264,15,view,,2025-12-24 20:28:00
264,78,purchase,4.0,2025-12-26 20:46:00
264,86,cart,,2026-01-01 02:57:00
264,79,view,,2026-02-04 08:02:00
264,89,purchase,5.0,2026-02-04 18:25:00
264,73,view,,2026-02-06 16:52:00
264,84,view,,2026-02-17 01:03:00
264,64,view,,2026-02-27 11:17:00
264,70,purchase,5.0,2026-04-06 15:05:00
264,70,cart,,2026-04-22 10:43:00
264,72,purchase,4.0,2026-05-12 13:14:00
264,21,purchase,4.0,2026-05-15 00:16:00
264,82,view,,2026-08-11 00:10:00
264,79,purchase,3.0,2026-09-03 14:24:00
265,48,purchase,3.0,2025-02-04 12:04:00
265,48,view,,2025-03-27 01:42:00
265,70,view,,2025-05-01 11:49:00
265,48,purchase,4.0,2025-05-26 06:23:00
265,82,view,,2025-06-25 04:22:00
265,71,view,,2025-09-08 14:50:00
265,74,view,,2025-11-20 03:07:00
265,44,purchase,5.0,2025-12-25 23:22:00
265,1,view,,2026-02-07 05:34:00
265,40,purchase,3.0,2026-03-28 01:54:00
265,75,purchase,3.0,2026-04-17 10:43:00
265,45,view,,2026-07-13 09:19:00
265,75,cart,,2026-08-10 15:47:00
266,33,view,,2025-03-04 11:57:00
266,88,view,,2025-03-28 10:58:00
266,41,purchase,3.0,2025-05-24 00:15:00
266,50,purchase,4.0,2025-05-28 16:02:00
266,48,view,,2025-06-22 21:17:00
266,9,purchase,4.0,2025-08-16 07:02:00
266,1,purchase,4.0,2025-08-16 15:02:00
266,47,cart,,2025-08-17 20:48:00
266,41,purchase,3.0,2025-09-20 02:05:00
266,39,purchase,4.0,2025-09-21 09:05:00
266,55,purchase,3.0,2025-09-26 23:12:00
266,57,purchase,5.0,2025-09-27 16:12:00
266,47,view,,2025-10-01 06:04:00
266,63,purchase,4.0,2025-11-12 11:33:00
266,71,cart,,2025-11-23 00:20:00
266,55,view,,2025-12-03 21:33:00
266,85,cart,,2026-02-26 12:13:00
266,48,cart,,2026-03-09 23:17:00
266,86,view,,2026-03-20 08:57:00
266,1,cart,,2026-03-29 01:26:00
266,86,purchase,5.0,2026-04-23 16:16:00
266,81,purchase,3.0,2026-06-05 03:54:00
266,59,view,,2026-06-05 14:46:00
266,48,cart,,2026-07-12 00:50:00
266,47,view,,2026-07-31 04:01:00
266,28,purchase,3.0,2026-08-24 15:18:00
266,87,purchase,3.0,2026-09-16 16:10:00
267,5,purchase,5.0,2025-01-18 10:25:00
267,8,purchase,5.0,2025-01-19 02:25:00
267,4,cart,,2025-03-16 10:17:00
267,8,view,,2025-04-12 00:57:00
267,54,purchase,4.0,2025-04-25 11:03:00
267,52,purchase,5.0,2025-04-26 11:03:00
267,18,view,,2025-05-20 22:59:00
267,6,purchase,4.0,2025-07-10 22:49:00
267,8,view,,2025-07-30 23:07:00
267,8,cart,,2025-08-04 08:41:00
267,50,purchase,4.0,2025-10-12 01:34:00
267,4,purchase,5.0,2025-10-23 05:41:00
267,7,purchase,4.0,2025-10-24 10:41:00
267,25,cart,,2025-12-18 05:04:00
267,15,view,,2025-12-20 01:52:00
267,64,view,,2026-01-27 17:01:00
267,1,view,,2026-02-09 12:32:00
267,8,purchase,5.0,2026-03-05 17:19:00
267,11,purchase,5.0,2026-03-06 20:19:00
267,67,purchase,4.0,2026-03-09 04:47:00
267,76,purchase,3.0,2026-05-04 16:42:00
267,8,view,,2026-05-31 01:33:00
267,85,cart,,2026-06-03 17:18:00
267,16,view,,2026-06-04 19:30:00
267,15,purchase,4.0,2026-07-30 06:05:00
267,2,cart,,2026-08-28 07:53:00
267,15,cart,,2026-09-25 10:27:00
268,1,purchase,5.0,2025-01-15 00:06:00
268,15,purchase,4.0,2025-03-03 21:30:00
268,9,view,,2025-05-20 00:13:00
268,4,purchase,3.0,2025-07-17 01:23:00
268,7,purchase,4.0,2025-07-18 10:23:00
268,1,purchase,5.0,2025-07-20 01:00:00
268,8,purchase,4.0,2025-07-20 07:00:00
268,39,view,,2025-09-09 04:32:00
268,71,purchase,3.0,2026-02-01 17:27:00
268,19,view,,2026-02-11 09:29:00
268,8,purchase,3.0,2026-02-26 01:53:00
268,71,view,,2026-03-07 08:11:00
268,6,cart,,2026-05-12 23:56:00
268,83,cart,,2026-07-11 12:36:00
268,19,view,,2026-08-01 17:29:00
268,22,view,,2026-08-07 06:23:00
268,73,purchase,5.0,2026-08-17 12:30:00
268,14,purchase,3.0,2026-09-08 19:08:00
269,76,cart,,2025-03-01 14:50:00
269,42,view,,2025-03-23 00:45:00
269,37,view,,2025-05-07 11:53:00
269,12,view,,2025-05-14 02:04:00
269,76,purchase,3.0,2025-06-26 06:14:00
269,47,view,,2025-07-17 08:36:00
269,15,view,,2025-07-25 00:58:00
269,22,purchase,3.0,2025-09-06 06:17:00
269,43,view,,2025-09-17 15:06:00
269,27,purchase,3.0,2025-09-30 23:56:00
269,26,cart,,2025-10-14 18:42:00
269,15,view,,2025-10-15 07:21:00
269,9,view,,2025-11-06 22:36:00
269,38,cart,,2025-11-16 10:33:00
269,25,purchase,2.0,2026-01-06 08:31:00
269,25,purchase,2.0,2026-01-09 20:20:00
269,48,cart,,2026-01-28 09:34:00
269,34,view,,2026-02-25 17:43:00
269,34,view,,2026-05-08 03:54:00
269,49,purchase,5.0,2026-06-21 07:58:00
269,46,view,,2026-06-30 23:37:00
269,48,view,,2026-08-01 05:51:00
270,70,view,,2025-02-01 07:13:00
270,56,purchase,3.0,2025-03-19 20:40:00
270,5,view,,2025-04-06 20:07:00
270,76,purchase,5.0,2025-05-23 00:24:00
270,30,purchase,4.0,2025-06-06 13:33:00
270,25,purchase,4.0,2025-08-08 11:27:00
270,36,view,,2025-09-02 15:47:00
270,32,cart,,2025-09-17 06:13:00
270,10,view,,2025-10-05 02:21:00
270,28,cart,,2025-10-14 06:34:00
270,37,cart,,2025-10-23 12:36:00
270,49,purchase,3.0,2025-10-31 06:28:00
270,74,purchase,3.0,2025-11-22 11:08:00
270,39,cart,,2026-01-02 09:20:00
270,29,cart,,2026-01-11 16:39:00
270,76,cart,,2026-01-12 09:51:00
270,24,cart,,2026-02-02 03:28:00
270,70,view,,2026-02-24 15:13:00
270,29,view,,2026-03-22 05:06:00
270,32,cart,,2026-03-28 07:12:00
270,25,purchase,5.0,2026-04-11 16:57:00
270,73,view,,2026-04-30 06:32:00
270,73,purchase,5.0,2026-05-04 01:29:00
270,76,view,,2026-05-11 08:39:00
270,71,cart,,2026-06-12 09:18:00
270,81,purchase,2.0,2026-07-11 16:28:00
270,75,view,,2026-07-14 17:01:00
270,85,view,,2026-08-26 00:00:00
271,80,cart,,2025-03-20 05:02:00
271,70,view,,2025-08-07 01:31:00
271,85,purchase,4.0,2025-08-07 20:23:00
271,81,cart,,2025-08-20 10:15:00
271,27,view,,2025-08-23 12:24:00
271,21,view,,2025-09-16 06:05:00
271,10,view,,2025-09-29 12:57:00
271,69,cart,,2025-10-30 21:37:00
271,11,purchase,3.0,2025-11-15 10:39:00
271,10,purchase,4.0,2025-11-16 07:39:00
271,89,view,,2026-01-03 12:56:00
271,14,view,,2026-03-10 22:48:00
271,81,purchase,3.0,2026-03-15 22:10:00
271,38,view,,2026-05-31 00:19:00
271,83,view,,2026-06-25 17:25:00
271,76,purchase,3.0,2026-07-09 20:24:00
271,75,view,,2026-07-10 22:37:00
272,74,cart,,2025-01-26 03:07:00
272,70,cart,,2025-01-26 20:25:00
272,75,view,,2025-03-13 22:01:00
272,80,view,,2025-04-09 09:47:00
272,43,cart,,2025-04-16 16:07:00
272,35,view,,2025-04-18 14:36:00
272,73,view,,2025-05-19 12:40:00
272,64,purchase,3.0,2025-09-06 08:28:00
272,52,purchase,5.0,2025-09-13 06:40:00
272,73,purchase,5.0,2025-10-27 06:36:00
272,10,view,,2025-12-23 08:37:00
272,60,purchase,3.0,2026-01-08 18:14:00
272,61,cart,,2026-01-28 19:49:00
272,52,purchase,5.0,2026-04-26 02:43:00
272,56,purchase,4.0,2026-04-26 03:43:00
272,9,cart,,2026-06-13 01:22:00
272,58,purchase,5.0,2026-07-13 11:28:00
272,72,view,,2026-09-27 18:26:00
273,65,view,,2025-01-12 08:35:00
273,71,view,,2025-08-11 13:32:00
273,3,cart,,2025-08-31 08:45:00
273,64,view,,2025-09-06 18:34:00
273,1,purchase,3.0,2025-11-05 17:25:00
273,8,purchase,4.0,2025-11-05 19:25:00
273,5,cart,,2026-01-25 15:00:00
273,78,purchase,3.0,2026-01-31 09:19:00
273,5,view,,2026-02-06 04:08:00
273,25,cart,,2026-02-25 14:47:00
273,12,cart,,2026-03-11 08:05:00
273,6,view,,2026-03-29 21:41:00
273,12,purchase,5.0,2026-05-08 01:30:00
273,6,purchase,4.0,2026-05-09 05:30:00
273,71,view,,2026-07-20 20:18:00
273,15,purchase,4.0,2026-08-22 18:42:00
274,14,view,,2025-02-22 06:57:00
274,42,purchase,5.0,2025-02-25 05:21:00
274,38,purchase,4.0,2025-02-25 06:21:00
274,74,purchase,3.0,2025-03-10 20:06:00
274,44,purchase,3.0,2025-03-30 04:10:00
274,43,view,,2025-04-20 02:17:00
274,20,view,,2025-05-09 02:38:00
274,41,view,,2025-05-10 21:10:00
274,43,purchase,5.0,2025-05-14 11:25:00
274,39,purchase,4.0,2025-05-15 06:25:00
274,46,purchase,5.0,2025-06-09 23:19:00
274,47,purchase,5.0,2025-06-15 19:22:00
274,58,purchase,4.0,2025-06-19 06:45:00
274,1,purchase,4.0,2025-07-01 18:58:00
274,10,purchase,4.0,2025-07-02 22:58:00
274,63,cart,,2025-07-12 10:56:00
274,53,cart,,2025-08-28 13:26:00
274,38,cart,,2025-10-22 12:42:00
274,42,purchase,5.0,2025-10-22 18:11:00
274,40,purchase,5.0,2025-10-22 21:11:00
274,39,purchase,4.0,2025-11-21 04:56:00
274,3,view,,2025-11-28 01:25:00
274,45,view,,2026-01-09 17:33:00
274,37,purchase,3.0,2026-02-17 22:53:00
274,55,view,,2026-02-20 13:55:00
274,61,cart,,2026-03-03 02:49:00
274,40,cart,,2026-04-08 02:41:00
274,39,view,,2026-04-26 13:04:00
274,47,view,,2026-06-02 21:30:00
274,48,view,,2026-06-16 14:43:00
274,49,view,,2026-06-17 07:15:00
274,46,purchase,5.0,2026-07-09 14:53:00
274,47,cart,,2026-07-26 03:44:00
274,47,purchase,5.0,2026-07-30 11:30:00
274,81,purchase,3.0,2026-08-06 23:33:00
274,49,view,,2026-08-13 15:06:00
274,43,view,,2026-09-24 02:28:00
275,57,view,,2025-01-09 01:55:00
275,30,cart,,2025-01-26 18:35:00
275,30,view,,2025-02-20 07:48:00
275,49,purchase,3.0,2025-04-11 20:11:00
275,10,purchase,2.0,2025-04-20 04:01:00
275,1,purchase,5.0,2025-04-21 06:01:00
275,70,cart,,2025-05-11 03:56:00
275,40,purchase,3.0,2025-05-22 09:45:00
275,42,purchase,5.0,2025-05-23 12:45:00
275,81,purchase,5.0,2025-06-11 10:03:00
275,81,view,,2025-06-20 17:13:00
275,28,view,,2025-06-26 15:32:00
275,87,view,,2025-06-30 23:50:00
275,40,view,,2025-09-01 16:15:00
275,65,view,,2025-09-23 04:50:00
275,87,view,,2025-10-16 02:07:00
275,87,purchase,5.0,2025-10-21 06:23:00
275,42,view,,2025-11-09 23:36:00
275,73,purchase,3.0,2025-11-22 18:26:00
275,78,view,,2025-12-02 17:47:00
275,34,view,,2026-01-17 06:31:00
275,78,view,,2026-01-19 11:15:00
275,19,cart,,2026-04-17 16:53:00
275,26,purchase,3.0,2026-04-17 22:43:00
275,33,purchase,3.0,2026-04-21 14:00:00
275,10,view,,2026-05-05 00:30:00
275,86,view,,2026-05-25 20:31:00
275,54,purchase,4.0,2026-06-23 22:24:00
275,52,purchase,4.0,2026-06-24 12:24:00
275,78,view,,2026-07-04 00:48:00
275,30,view,,2026-07-14 09:24:00
275,83,purchase,3.0,2026-07-18 22:53:00
275,35,view,,2026-07-18 23:30:00
275,88,view,,2026-07-20 23:08:00
275,16,view,,2026-07-22 23:24:00
276,73,view,,2025-01-22 22:13:00
276,41,view,,2025-02-22 15:55:00
276,75,view,,2025-03-15 23:38:00
276,33,view,,2025-03-17 20:43:00
276,9,view,,2025-04-04 23:57:00
276,2,view,,2025-04-05 13:22:00
276,63,view,,2025-05-02 08:59:00
276,46,cart,,2025-06-10 01:28:00
276,38,purchase,3.0,2025-07-25 17:31:00
276,40,purchase,4.0,2025-07-27 03:31:00
276,13,cart,,2025-07-31 06:22:00
276,50,view,,2025-10-03 00:15:00
276,41,purchase,5.0,2025-10-10 19:16:00
276,42,purchase,4.0,2025-10-11 06:16:00
276,4,purchase,4.0,2025-10-18 10:10:00
276,10,purchase,4.0,2025-10-19 14:10:00
276,19,cart,,2025-12-02 13:16:00
276,72,view,,2026-01-01 18:48:00
276,44,cart,,2026-02-10 07:53:00
276,71,view,,2026-03-02 19:36:00
276,50,purchase,5.0,2026-03-16 13:59:00
276,43,view,,2026-07-17 13:37:00
276,81,purchase,4.0,2026-08-06 06:26:00
276,42,view,,2026-09-02 18:55:00
276,30,cart,,2026-09-16 05:47:00
277,57,view,,2025-01-01 02:37:00
277,55,purchase,4.0,2025-02-06 10:21:00
277,6,view,,2025-06-27 14:23:00
277,73,purchase,3.0,2025-07-01 18:36:00
277,63,view,,2025-08-17 06:46:00
277,52,purchase,5.0,2025-09-26 22:16:00
277,38,purchase,4.0,2025-11-04 00:52:00
277,61,purchase,4.0,2025-11-26 13:56:00
277,26,purchase,4.0,2026-01-17 10:29:00
277,60,view,,2026-03-10 16:40:00
277,64,view,,2026-04-27 06:48:00
277,57,view,,2026-05-01 22:22:00
277,55,purchase,5.0,2026-05-15 00:02:00
277,74,view,,2026-05-21 19:34:00
277,28,view,,2026-07-21 11:49:00
277,46,view,,2026-07-31 12:22:00
278,56,view,,2025-05-30 05:26:00
278,66,purchase,2.0,2025-05-31 16:07:00
278,58,purchase,3.0,2025-06-17 23:49:00
278,71,view,,2025-07-13 14:03:00
278,58,cart,,2025-08-25 06:37:00
278,72,view,,2025-08-29 16:04:00
278,67,cart,,2025-10-07 10:31:00
278,42,cart,,2025-12-01 22:06:00
278,35,cart,,2026-01-10 06:20:00
278,70,view,,2026-04-18 12:26:00
278,16,view,,2026-04-29 11:54:00
278,84,cart,,2026-04-29 21:15:00
278,57,purchase,3.0,2026-06-17 02:38:00
278,53,purchase,4.0,2026-06-17 20:38:00
278,74,purchase,4.0,2026-07-10 14:49:00
278,67,cart,,2026-09-09 19:25:00
278,77,view,,2026-09-22 08:40:00
278,70,purchase,4.0,2026-09-28 12:07:00
279,41,cart,,2025-04-13 18:02:00
279,6,view,,2025-05-20 09:18:00
279,9,view,,2025-05-24 16:52:00
279,50,view,,2025-06-13 00:42:00
279,48,cart,,2025-07-27 15:45:00
279,83,view,,2025-08-02 11:22:00
279,21,purchase,5.0,2025-09-26 19:55:00
279,8,view,,2025-10-23 23:13:00
279,70,view,,2025-11-17 13:20:00
279,21,view,,2026-01-16 14:55:00
279,14,view,,2026-01-25 22:16:00
279,13,purchase,5.0,2026-01-28 08:14:00
279,16,view,,2026-03-27 03:28:00
279,40,purchase,3.0,2026-05-01 12:09:00
279,41,purchase,4.0,2026-05-01 15:09:00
279,7,view,,2026-05-12 08:32:00
279,11,cart,,2026-05-14 15:14:00
279,85,view,,2026-06-03 18:47:00
279,84,view,,2026-07-04 12:05:00
279,13,view,,2026-08-19 07:23:00
279,8,purchase,4.0,2026-09-04 13:33:00
280,34,cart,,2025-01-11 10:07:00
280,70,view,,2025-03-05 16:53:00
280,50,cart,,2025-05-20 15:18:00
280,33,purchase,4.0,2025-06-07 17:56:00
280,35,view,,2025-06-15 00:59:00
280,28,cart,,2025-06-24 13:24:00
280,66,view,,2025-07-14 18:20:00
280,21,view,,2025-10-23 04:51:00
280,74,purchase,4.0,2025-12-06 13:59:00
280,76,purchase,3.0,2025-12-07 00:09:00
280,75,view,,2026-04-07 21:50:00
280,28,purchase,5.0,2026-08-08 17:41:00
281,89,view,,2025-01-07 00:56:00
281,73,cart,,2025-01-11 06:51:00
281,78,view,,2025-02-02 15:50:00
281,80,view,,2025-02-04 04:56:00
281,13,purchase,3.0,2025-02-19 01:52:00
281,26,cart,,2025-02-23 03:45:00
281,80,cart,,2025-02-27 15:48:00
281,43,view,,2025-03-16 05:18:00
281,87,cart,,2025-04-08 04:55:00
281,52,cart,,2025-04-08 05:54:00
281,72,view,,2025-04-18 21:09:00
281,63,cart,,2025-04-27 21:18:00
281,35,view,,2025-05-06 19:19:00
281,25,purchase,3.0,2025-05-26 00:28:00
281,89,cart,,2025-06-27 06:00:00
281,86,view,,2025-08-06 21:07:00
281,22,purchase,3.0,2025-08-30 13:17:00
281,27,cart,,2025-12-18 00:59:00
281,54,purchase,3.0,2026-03-04 05:58:00
281,86,view,,2026-03-05 19:50:00
281,21,purchase,3.0,2026-03-12 21:05:00
281,4,purchase,3.0,2026-03-20 10:13:00
281,18,purchase,4.0,2026-03-21 04:13:00
281,86,view,,2026-05-04 03:38:00
281,53,cart,,2026-05-17 01:51:00
281,71,cart,,2026-06-07 05:24:00
281,82,view,,2026-06-08 19:10:00
281,83,purchase,4.0,2026-06-12 19:50:00
281,80,view,,2026-06-13 06:09:00
281,72,view,,2026-06-22 23:27:00
281,83,view,,2026-07-20 21:04:00
281,72,purchase,3.0,2026-08-17 23:42:00
281,74,purchase,5.0,2026-08-29 18:03:00
281,42,cart,,2026-09-08 13:45:00
282,16,purchase,3.0,2025-01-22 13:09:00
282,75,view,,2025-03-27 13:57:00
282,4,purchase,5.0,2025-05-05 07:27:00
282,33,cart,,2025-05-20 04:14:00
282,6,view,,2025-05-29 20:30:00
282,47,view,,2025-06-11 09:38:00
282,6,view,,2025-10-09 04:59:00
282,10,purchase,5.0,2025-11-17 23:53:00
282,7,purchase,5.0,2025-11-18 03:53:00
282,11,purchase,5.0,2025-12-04 00:47:00
282,7,purchase,4.0,2025-12-05 08:18:00
282,8,purchase,4.0,2025-12-05 09:18:00
282,11,view,,2025-12-06 17:47:00
282,69,purchase,3.0,2025-12-08 09:51:00
282,90,view,,2025-12-28 20:12:00
282,21,purchase,5.0,2026-01-04 08:36:00
282,3,cart,,2026-01-11 15:25:00
282,10,purchase,4.0,2026-02-10 10:15:00
282,2,purchase,4.0,2026-02-11 12:15:00
282,55,purchase,3.0,2026-02-27 11:15:00
282,57,view,,2026-03-19 11:57:00
282,22,cart,,2026-04-14 23:24:00
282,28,purchase,4.0,2026-06-01 18:14:00
282,2,purchase,5.0,2026-07-31 08:53:00
282,5,purchase,4.0,2026-08-01 06:53:00
283,60,purchase,4.0,2025-02-24 21:41:00
283,6,view,,2025-02-24 22:51:00
283,10,view,,2025-04-01 14:05:00
283,6,cart,,2025-07-26 02:49:00
283,6,cart,,2025-08-22 21:35:00
283,16,cart,,2025-09-19 15:23:00
283,50,purchase,4.0,2025-12-23 03:23:00
283,19,cart,,2025-12-26 20:09:00
283,6,view,,2026-01-21 09:34:00
283,4,view,,2026-05-22 18:53:00
283,88,purchase,3.0,2026-07-24 06:16:00
283,1,purchase,3.0,2026-08-28 00:14:00
283,7,purchase,4.0,2026-08-28 21:14:00
283,14,view,,2026-09-12 10:53:00
284,3,view,,2025-02-17 07:10:00
284,9,view,,2025-02-18 06:57:00
284,25,purchase,3.0,2025-02-25 21:40:00
284,84,purchase,4.0,2025-03-10 15:35:00
284,65,view,,2025-03-27 15:14:00
284,6,purchase,4.0,2025-06-03 04:25:00
284,9,purchase,5.0,2025-06-04 10:25:00
284,54,view,,2025-07-04 12:00:00
284,13,view,,2025-09-03 10:06:00
284,3,cart,,2025-09-09 14:53:00
284,84,purchase,3.0,2025-11-05 22:05:00
284,69,purchase,3.0,2025-11-22 06:40:00
284,16,purchase,4.0,2025-11-24 19:27:00
284,12,purchase,3.0,2025-12-27 15:12:00
284,2,purchase,5.0,2025-12-28 04:12:00
284,80,purchase,4.0,2026-01-13 11:54:00
284,44,view,,2026-01-20 22:48:00
284,19,view,,2026-02-01 03:31:00
284,61,cart,,2026-02-07 16:16:00
284,7,view,,2026-02-10 09:33:00
284,10,purchase,4.0,2026-02-25 16:22:00
284,11,purchase,4.0,2026-03-22 03:19:00
284,14,purchase,4.0,2026-05-05 17:40:00
284,41,cart,,2026-05-14 01:38:00
284,87,purchase,4.0,2026-05-20 08:22:00
284,4,view,,2026-05-30 21:45:00
284,82,purchase,4.0,2026-07-13 15:11:00
284,9,purchase,3.0,2026-07-19 11:47:00
284,1,purchase,3.0,2026-07-20 01:47:00
284,86,cart,,2026-07-24 07:56:00
284,21,cart,,2026-08-27 02:08:00
284,73,view,,2026-08-31 02:40:00
284,16,purchase,4.0,2026-09-03 17:12:00
285,58,cart,,2025-01-29 23:27:00
285,80,cart,,2025-02-16 21:51:00
285,24,view,,2025-02-17 06:06:00
285,30,view,,2025-03-07 12:55:00
285,57,cart,,2025-03-18 12:55:00
285,54,purchase,2.0,2025-04-05 06:18:00
285,53,purchase,4.0,2025-04-06 01:18:00
285,37,view,,2025-06-09 05:40:00
285,47,purchase,3.0,2025-08-06 10:29:00
285,48,purchase,3.0,2025-12-29 14:24:00
285,26,view,,2026-01-15 19:18:00
285,36,cart,,2026-01-26 20:09:00
285,30,cart,,2026-03-30 00:29:00
285,35,view,,2026-05-08 15:45:00
285,27,cart,,2026-06-12 14:47:00
285,29,purchase,4.0,2026-07-14 01:07:00
285,55,view,,2026-08-02 20:01:00
285,33,view,,2026-08-18 14:17:00
285,29,view,,2026-09-16 17:15:00
285,49,view,,2026-09-20 15:51:00
285,21,purchase,3.0,2026-09-23 08:01:00
286,75,view,,2025-02-20 13:32:00
286,78,view,,2025-04-15 17:22:00
286,70,purchase,4.0,2025-04-22 00:00:00
286,79,purchase,4.0,2025-05-01 13:12:00
286,56,view,,2025-06-09 03:03:00
286,15,cart,,2025-07-20 23:29:00
286,88,purchase,5.0,2025-07-28 17:26:00
286,83,purchase,3.0,2025-08-02 23:51:00
286,52,purchase,2.0,2025-08-29 05:14:00
286,57,purchase,4.0,2025-08-29 09:14:00
286,75,view,,2025-09-05 19:02:00
286,90,cart,,2025-09-12 09:10:00
286,76,view,,2025-10-06 02:28:00
286,56,view,,2025-10-12 11:31:00
286,84,cart,,2025-10-30 11:15:00
286,43,purchase,3.0,2025-10-31 12:00:00
286,86,view,,2025-11-30 20:30:00
286,86,purchase,3.0,2025-12-28 06:42:00
286,74,cart,,2026-01-10 15:19:00
286,80,view,,2026-02-14 04:46:00
286,39,purchase,4.0,2026-04-11 21:05:00
286,41,purchase,4.0,2026-04-13 04:05:00
286,64,purchase,3.0,2026-05-05 10:59:00
286,73,view,,2026-05-14 19:11:00
286,73,cart,,2026-05-30 06:27:00
286,72,view,,2026-05-31 07:30:00
286,80,view,,2026-06-16 23:35:00
286,85,cart,,2026-06-20 04:40:00
286,83,view,,2026-07-06 13:28:00
286,81,cart,,2026-07-20 07:44:00
286,56,view,,2026-08-01 09:21:00
286,83,cart,,2026-08-30 16:42:00
287,60,purchase,5.0,2025-01-15 19:49:00
287,55,view,,2025-01-29 23:53:00
287,54,view,,2025-02-04 03:40:00
287,4,view,,2025-02-07 08:38:00
287,19,purchase,5.0,2025-02-08 04:17:00
287,74,cart,,2025-02-21 04:37:00
287,10,view,,2025-03-11 22:39:00
287,65,view,,2025-03-23 08:06:00
287,70,view,,2025-03-30 14:40:00
287,57,view,,2025-04-02 03:45:00
287,19,view,,2025-04-06 06:51:00
287,13,purchase,3.0,2025-04-16 08:39:00
287,55,view,,2025-05-27 14:04:00
287,75,cart,,2025-06-29 21:36:00
287,13,view,,2025-07-13 05:50:00
287,76,view,,2025-08-18 15:28:00
287,7,cart,,2025-08-26 11:51:00
287,4,cart,,2025-08-29 19:04:00
287,60,cart,,2025-10-08 08:01:00
287,19,view,,2025-11-09 10:10:00
287,44,purchase,4.0,2025-12-03 14:56:00
287,61,view,,2025-12-04 10:37:00
287,75,view,,2025-12-21 18:12:00
287,60,cart,,2026-03-12 00:19:00
287,18,purchase,4.0,2026-06-22 08:21:00
287,54,view,,2026-06-23 04:11:00
287,10,purchase,5.0,2026-06-23 15:21:00
287,63,purchase,3.0,2026-06-25 03:27:00
287,15,view,,2026-07-18 01:16:00
287,11,view,,2026-08-23 08:32:00
287,11,purchase,5.0,2026-08-27 05:13:00
287,64,view,,2026-09-12 18:11:00
287,19,cart,,2026-09-21 12:02:00
288,74,cart,,2025-01-01 22:26:00
288,79,cart,,2025-01-18 11:40:00
288,70,view,,2025-01-28 13:18:00
288,2,view,,2025-02-18 04:04:00
288,73,view,,2025-04-08 17:57:00
288,86,cart,,2025-04-20 12:20:00
288,73,view,,2025-04-24 06:48:00
288,15,purchase,3.0,2025-05-25 07:22:00
288,85,purchase,4.0,2025-05-30 01:58:00
288,83,purchase,4.0,2025-07-03 18:55:00
288,76,view,,2025-07-20 01:30:00
288,1,view,,2025-07-20 13:31:00
288,18,view,,2025-07-21 19:33:00
288,70,cart,,2025-09-02 01:15:00
288,43,purchase,3.0,2025-11-06 03:38:00
288,41,purchase,4.0,2025-11-07 01:38:00
288,70,cart,,2026-01-11 18:17:00
288,41,view,,2026-02-01 19:46:00
288,76,purchase,5.0,2026-03-09 01:56:00
288,4,purchase,3.0,2026-03-19 06:21:00
288,2,purchase,4.0,2026-03-19 17:21:00
288,65,view,,2026-03-22 14:33:00
288,86,cart,,2026-04-18 12:59:00
288,74,cart,,2026-05-10 12:24:00
288,72,purchase,4.0,2026-05-27 06:17:00
288,75,purchase,3.0,2026-06-15 12:56:00
288,9,purchase,3.0,2026-07-15 01:12:00
288,10,purchase,4.0,2026-07-15 07:12:00
288,71,cart,,2026-07-18 20:56:00
288,82,purchase,3.0,2026-07-23 13:00:00
288,70,purchase,4.0,2026-09-15 08:56:00
288,86,purchase,5.0,2026-09-16 08:48:00
289,45,purchase,4.0,2025-02-07 14:40:00
289,1,view,,2025-02-07 20:14:00
289,89,view,,2025-02-16 18:37:00
289,53,purchase,4.0,2025-03-18 21:21:00
289,61,view,,2025-04-10 06:49:00
289,1,cart,,2025-05-12 04:37:00
289,74,view,,2025-07-12 03:35:00
289,28,purchase,4.0,2025-07-23 14:23:00
289,29,purchase,4.0,2025-10-14 19:23:00
289,33,cart,,2025-10-31 23:25:00
289,44,view,,2025-12-21 00:47:00
289,25,cart,,2026-01-17 00:02:00
289,64,view,,2026-02-03 16:17:00
289,24,purchase,4.0,2026-02-05 06:28:00
289,3,purchase,3.0,2026-03-04 11:25:00
289,22,cart,,2026-03-24 01:53:00
289,43,cart,,2026-03-25 01:48:00
289,56,view,,2026-03-26 12:40:00
289,72,purchase,5.0,2026-04-01 16:31:00
289,52,purchase,4.0,2026-05-18 21:16:00
289,54,purchase,3.0,2026-05-19 10:16:00
289,72,purchase,5.0,2026-05-20 11:35:00
289,58,cart,,2026-07-13 15:29:00
289,59,cart,,2026-07-21 20:38:00
289,52,view,,2026-08-16 10:21:00
290,66,purchase,3.0,2025-01-16 15:19:00
290,42,view,,2025-03-04 12:30:00
290,71,purchase,3.0,2025-03-29 08:47:00
290,38,purchase,5.0,2025-04-06 17:35:00
290,41,purchase,4.0,2025-04-06 22:35:00
290,39,cart,,2025-05-25 20:40:00
290,40,view,,2025-08-09 05:20:00
290,7,purchase,3.0,2025-11-14 06:16:00
290,19,purchase,3.0,2025-12-28 22:20:00
290,49,view,,2026-01-24 23:17:00
290,39,view,,2026-02-09 07:26:00
290,42,purchase,5.0,2026-05-31 12:13:00
290,43,purchase,4.0,2026-06-01 07:13:00
290,42,purchase,4.0,2026-06-08 13:52:00
290,40,purchase,4.0,2026-06-09 00:52:00
290,70,view,,2026-07-18 15:14:00
290,48,cart,,2026-07-19 20:44:00
290,29,view,,2026-07-31 02:32:00
290,38,purchase,4.0,2026-08-20 12:33:00
290,39,purchase,4.0,2026-08-21 19:33:00
291,36,cart,,2025-01-09 02:10:00
291,60,cart,,2025-01-19 14:41:00
291,37,purchase,5.0,2025-03-05 14:22:00
291,28,view,,2025-03-18 05:37:00
291,24,purchase,4.0,2025-03-19 00:53:00
291,10,purchase,3.0,2025-03-21 03:53:00
291,35,view,,2025-03-26 03:26:00
291,24,view,,2025-04-02 12:40:00
291,9,cart,,2025-06-15 22:20:00
291,12,view,,2025-06-29 10:26:00
291,56,purchase,3.0,2025-07-23 15:12:00
291,58,purchase,4.0,2025-07-25 07:17:00
291,30,purchase,5.0,2025-09-03 02:12:00
291,55,purchase,3.0,2025-09-09 05:14:00
291,37,cart,,2025-09-23 11:30:00
291,12,purchase,3.0,2025-11-21 20:37:00
291,4,purchase,3.0,2025-11-23 05:57:00
291,9,purchase,4.0,2025-11-24 03:57:00
291,34,view,,2026-01-03 23:36:00
291,14,view,,2026-01-20 15:19:00
291,34,purchase,3.0,2026-02-02 08:32:00
291,11,view,,2026-02-07 14:56:00
291,56,purchase,3.0,2026-03-11 16:45:00
291,75,cart,,2026-04-01 16:27:00
291,3,purchase,3.0,2026-04-09 20:46:00
291,7,purchase,4.0,2026-04-11 05:46:00
291,59,purchase,4.0,2026-06-02 15:53:00
291,64,cart,,2026-06-03 00:38:00
291,54,view,,2026-06-05 09:03:00
291,58,purchase,3.0,2026-06-29 21:47:00
291,36,purchase,5.0,2026-08-07 04:58:00
291,71,purchase,3.0,2026-09-16 11:58:00
292,20,cart,,2025-02-06 07:43:00
292,90,cart,,2025-02-26 02:08:00
292,88,cart,,2025-03-12 06:03:00
292,11,purchase,2.0,2025-04-12 17:11:00
292,76,purchase,4.0,2025-05-12 16:04:00
292,19,purchase,4.0,2025-05-30 10:50:00
292,72,purchase,3.0,2025-07-21 08:00:00
292,72,purchase,3.0,2025-08-11 04:12:00
292,74,view,,2025-09-23 23:20:00
292,84,purchase,3.0,2025-10-14 10:19:00
292,70,purchase,5.0,2025-10-20 18:24:00
292,84,purchase,4.0,2025-10-29 11:03:00
292,70,cart,,2025-11-05 13:39:00
292,76,purchase,5.0,2025-11-11 15:22:00
292,41,purchase,4.0,2025-11-29 08:32:00
292,39,purchase,4.0,2025-11-29 20:32:00
292,60,purchase,2.0,2025-12-30 22:29:00
292,25,view,,2026-01-22 10:58:00
292,18,cart,,2026-01-31 18:21:00
292,42,purchase,3.0,2026-02-09 21:59:00
292,38,purchase,5.0,2026-02-11 07:59:00
292,45,cart,,2026-04-12 09:10:00
292,6,cart,,2026-04-19 05:36:00
292,1,purchase,3.0,2026-05-11 23:16:00
292,6,purchase,3.0,2026-05-13 04:16:00
292,76,view,,2026-05-13 18:51:00
292,88,view,,2026-06-01 18:58:00
292,63,purchase,4.0,2026-06-09 22:42:00
292,85,purchase,5.0,2026-07-01 00:40:00
292,57,cart,,2026-07-20 22:40:00
292,69,view,,2026-08-29 02:47:00
292,16,purchase,3.0,2026-09-24 03:29:00
293,89,purchase,2.0,2025-01-10 06:03:00
293,74,view,,2025-04-03 16:16:00
293,75,cart,,2025-04-24 02:25:00
293,61,purchase,5.0,2025-05-18 23:43:00
293,75,purchase,4.0,2025-06-27 23:40:00
293,42,view,,2025-07-13 06:36:00
293,76,cart,,2025-08-05 05:37:00
293,36,view,,2025-08-12 00:00:00
293,72,purchase,4.0,2025-09-26 23:25:00
293,19,purchase,4.0,2025-12-26 00:55:00
293,38,view,,2026-04-19 00:03:00
293,10,view,,2026-04-19 02:20:00
294,34,view,,2025-02-16 00:18:00
294,30,view,,2025-03-26 00:30:00
294,28,cart,,2025-04-30 05:36:00
294,22,purchase,3.0,2025-05-08 23:13:00
294,63,purchase,3.0,2025-06-04 14:37:00
294,53,view,,2025-06-05 06:07:00
294,33,view,,2025-06-18 01:20:00
294,36,cart,,2025-06-25 18:08:00
294,74,cart,,2025-07-23 09:03:00
294,73,purchase,3.0,2025-08-22 09:26:00
294,16,purchase,4.0,2025-09-20 13:28:00
294,73,cart,,2025-10-11 05:28:00
294,70,cart,,2025-10-12 17:27:00
294,33,purchase,5.0,2025-10-20 07:31:00
294,35,purchase,3.0,2025-11-01 16:56:00
294,36,purchase,5.0,2025-12-09 12:24:00
294,89,cart,,2026-01-20 03:33:00
294,1,cart,,2026-01-20 14:57:00
294,28,cart,,2026-03-03 01:48:00
294,33,cart,,2026-03-12 17:09:00
294,47,view,,2026-03-25 09:01:00
294,73,view,,2026-04-09 16:05:00
294,72,purchase,3.0,2026-05-06 05:46:00
294,36,view,,2026-05-20 09:46:00
294,35,purchase,3.0,2026-06-06 07:20:00
294,35,purchase,3.0,2026-07-06 06:01:00
294,28,purchase,5.0,2026-07-28 08:13:00
294,71,view,,2026-08-03 01:17:00
295,74,purchase,3.0,2025-01-07 02:35:00
295,90,cart,,2025-02-05 00:33:00
295,63,cart,,2025-03-22 23:30:00
295,35,purchase,3.0,2025-04-02 03:16:00
295,83,cart,,2025-04-15 01:21:00
295,84,view,,2025-05-04 12:19:00
295,18,cart,,2025-05-26 23:05:00
295,8,view,,2025-07-05 01:59:00
295,86,cart,,2025-07-16 06:07:00
295,71,cart,,2025-07-27 11:49:00
295,74,purchase,3.0,2025-07-27 13:20:00
295,84,view,,2025-08-16 03:29:00
295,85,purchase,4.0,2025-09-30 22:48:00
295,10,view,,2025-10-31 08:35:00
295,72,purchase,3.0,2025-11-27 16:14:00
295,86,view,,2025-12-21 10:59:00
295,21,view,,2026-01-27 14:03:00
295,89,purchase,5.0,2026-02-26 21:42:00
295,2,view,,2026-03-22 07:49:00
295,13,view,,2026-03-29 19:32:00
295,70,view,,2026-04-26 07:01:00
295,85,purchase,5.0,2026-05-04 07:36:00
295,72,view,,2026-05-11 00:47:00
295,54,purchase,4.0,2026-06-21 08:19:00
295,14,cart,,2026-06-22 14:04:00
295,88,cart,,2026-07-22 15:21:00
295,67,view,,2026-09-17 10:19:00
295,85,view,,2026-09-19 08:33:00
295,86,view,,2026-09-23 05:22:00
296,52,view,,2025-01-05 00:57:00
296,64,purchase,4.0,2025-01-17 18:34:00
296,3,view,,2025-02-18 18:10:00
296,55,purchase,3.0,2025-02-25 05:28:00
296,57,purchase,4.0,2025-02-26 12:28:00
296,50,purchase,3.0,2025-05-10 15:42:00
296,65,view,,2025-05-18 20:12:00
296,35,view,,2025-06-23 20:21:00
296,59,purchase,5.0,2025-08-07 20:54:00
296,56,view,,2025-09-21 18:40:00
296,40,purchase,5.0,2025-10-07 02:55:00
296,38,purchase,4.0,2025-10-07 04:55:00
296,54,purchase,5.0,2025-11-28 11:38:00
296,43,view,,2025-12-11 05:35:00
296,61,purchase,4.0,2025-12-18 01:42:00
296,42,purchase,3.0,2025-12-26 06:19:00
296,41,purchase,4.0,2025-12-27 16:19:00
296,42,cart,,2026-02-04 21:49:00
296,60,purchase,3.0,2026-02-09 14:21:00
296,70,purchase,3.0,2026-03-08 18:19:00
296,53,cart,,2026-03-16 12:04:00
296,40,purchase,4.0,2026-04-13 08:33:00
296,16,purchase,3.0,2026-04-13 11:35:00
296,47,view,,2026-04-19 23:36:00
296,63,cart,,2026-05-11 06:53:00
296,42,cart,,2026-05-12 07:27:00
296,63,cart,,2026-05-25 20:19:00
296,76,purchase,4.0,2026-06-04 08:53:00
296,46,cart,,2026-06-05 21:41:00
296,48,cart,,2026-07-08 23:23:00
296,59,purchase,5.0,2026-07-10 01:35:00
296,35,view,,2026-07-29 16:02:00
296,40,purchase,5.0,2026-08-07 02:15:00
296,39,purchase,4.0,2026-08-08 03:15:00
296,16,cart,,2026-09-01 21:06:00
296,64,view,,2026-09-28 02:45:00
297,76,cart,,2025-01-20 10:27:00
297,52,purchase,3.0,2025-01-22 16:58:00
297,54,purchase,5.0,2025-01-22 20:58:00
297,74,cart,,2025-01-29 04:19:00
297,70,purchase,4.0,2025-02-01 19:50:00
297,43,cart,,2025-03-07 06:21:00
297,43,view,,2025-03-08 08:22:00
297,57,view,,2025-03-10 05:19:00
297,61,purchase,3.0,2025-03-19 15:08:00
297,59,view,,2025-03-24 14:58:00
297,75,purchase,3.0,2025-03-24 16:41:00
297,81,purchase,3.0,2025-06-25 11:50:00
297,54,purchase,5.0,2025-08-25 07:16:00
297,57,view,,2025-09-13 16:30:00
297,70,view,,2025-09-20 02:50:00
297,57,view,,2025-10-07 07:29:00
297,41,cart,,2025-10-16 16:22:00
297,71,cart,,2025-10-30 16:36:00
297,76,view,,2025-11-03 06:26:00
297,57,purchase,5.0,2025-11-16 08:11:00
297,82,purchase,4.0,2025-11-17 07:38:00
297,67,view,,2026-02-26 13:44:00
297,54,cart,,2026-02-26 21:16:00
297,2,cart,,2026-07-10 02:50:00
297,59,cart,,2026-07-19 03:51:00
297,48,view,,2026-07-27 01:39:00
297,62,view,,2026-08-06 05:47:00
297,70,purchase,3.0,2026-08-14 05:20:00
297,54,view,,2026-08-29 10:42:00
298,44,view,,2025-02-03 08:04:00
298,85,view,,2025-05-20 01:56:00
298,86,purchase,5.0,2025-06-22 12:31:00
298,82,purchase,5.0,2025-06-29 12:09:00
298,70,cart,,2025-07-12 06:59:00
298,37,purchase,4.0,2025-10-10 00:49:00
298,87,view,,2025-10-19 11:25:00
298,16,view,,2025-10-26 18:32:00
298,47,cart,,2025-11-02 19:14:00
298,89,cart,,2025-12-02 05:03:00
298,85,purchase,5.0,2025-12-11 10:19:00
298,80,view,,2026-01-14 21:40:00
298,3,cart,,2026-01-31 08:16:00
298,70,view,,2026-04-14 11:25:00
298,86,view,,2026-04-14 16:18:00
298,27,cart,,2026-05-10 10:58:00
298,40,purchase,3.0,2026-05-30 20:11:00
298,39,purchase,5.0,2026-05-31 11:11:00
298,59,purchase,3.0,2026-06-11 08:38:00
298,72,purchase,4.0,2026-06-15 11:48:00
298,46,cart,,2026-06-19 12:23:00
298,4,cart,,2026-08-13 17:51:00
298,91,purchase,4.0,2026-09-18 08:06:00
298,42,view,,2026-09-26 06:36:00
299,80,view,,2025-01-03 12:08:00
299,78,purchase,5.0,2025-01-12 11:42:00
299,29,purchase,5.0,2025-01-12 13:41:00
299,79,cart,,2025-01-24 01:36:00
299,79,view,,2025-01-26 13:06:00
299,30,view,,2025-03-10 06:38:00
299,56,view,,2025-03-12 22:29:00
299,33,purchase,3.0,2025-03-22 04:25:00
299,37,view,,2025-04-30 00:50:00
299,80,view,,2025-05-04 23:07:00
299,87,view,,2025-05-08 03:47:00
299,84,purchase,4.0,2025-05-08 12:25:00
299,58,view,,2025-05-27 09:10:00
299,83,view,,2025-07-06 06:27:00
299,41,purchase,3.0,2025-07-08 11:42:00
299,39,purchase,4.0,2025-07-08 16:42:00
299,40,cart,,2025-08-31 17:34:00
299,35,purchase,4.0,2025-09-14 02:44:00
299,72,view,,2025-10-21 15:52:00
299,43,view,,2025-12-01 21:26:00
299,79,view,,2026-01-17 06:57:00
299,90,view,,2026-02-06 16:16:00
299,15,cart,,2026-02-26 22:05:00
299,4,purchase,3.0,2026-03-30 22:22:00
299,10,purchase,4.0,2026-03-31 07:22:00
299,32,purchase,3.0,2026-04-29 15:33:00
299,67,purchase,3.0,2026-05-07 22:34:00
299,32,cart,,2026-05-16 18:39:00
299,20,view,,2026-05-29 12:18:00
299,20,view,,2026-05-30 03:01:00
299,41,cart,,2026-09-29 20:28:00
300,4,cart,,2025-03-20 05:20:00
300,48,cart,,2025-08-25 03:34:00
300,6,cart,,2025-08-28 06:23:00
300,49,view,,2025-09-17 12:42:00
300,5,view,,2025-10-30 10:48:00
300,15,view,,2025-10-30 18:52:00
300,48,purchase,3.0,2025-10-31 23:35:00
300,8,view,,2025-11-08 07:47:00
300,19,view,,2025-11-17 11:05:00
300,1,cart,,2025-11-26 22:02:00
300,27,purchase,3.0,2026-02-19 04:05:00
300,35,view,,2026-02-20 19:58:00
300,3,view,,2026-03-11 03:37:00
300,1,purchase,5.0,2026-04-01 21:46:00
300,11,purchase,5.0,2026-04-03 00:46:00
300,85,view,,2026-05-14 07:45:00
300,20,view,,2026-06-02 15:14:00
300,43,cart,,2026-06-17 17:04:00
300,25,purchase,4.0,2026-07-03 09:01:00
300,52,purchase,3.0,2026-09-15 13:12:00
300,53,purchase,4.0,2026-09-15 18:12:00
301,25,view,,2025-01-16 08:50:00
301,33,purchase,4.0,2025-02-02 14:26:00
301,24,purchase,4.0,2025-02-02 18:10:00
301,25,view,,2025-02-03 03:24:00
301,22,purchase,5.0,2025-02-12 07:13:00
301,34,purchase,3.0,2025-02-15 14:26:00
301,55,purchase,3.0,2025-03-06 17:09:00
301,22,purchase,5.0,2025-03-07 07:27:00
301,16,purchase,5.0,2025-05-02 19:44:00
301,18,purchase,2.0,2025-05-10 19:14:00
301,9,purchase,5.0,2025-05-11 20:14:00
301,15,view,,2025-07-11 08:38:00
301,66,purchase,3.0,2025-07-23 12:51:00
301,22,view,,2025-08-19 11:28:00
301,36,view,,2025-08-29 16:03:00
301,5,purchase,4.0,2025-10-12 07:44:00
301,10,purchase,4.0,2025-10-13 04:44:00
301,14,view,,2025-10-23 07:54:00
301,25,purchase,4.0,2025-12-22 10:09:00
301,60,cart,,2026-02-02 05:10:00
301,3,purchase,4.0,2026-02-05 13:56:00
301,8,purchase,5.0,2026-02-06 13:56:00
301,6,view,,2026-02-13 22:59:00
301,10,purchase,3.0,2026-03-07 08:23:00
301,21,cart,,2026-05-06 20:39:00
301,2,cart,,2026-05-31 11:08:00
301,55,cart,,2026-06-07 03:58:00
301,41,purchase,4.0,2026-07-09 11:54:00
301,32,purchase,3.0,2026-07-13 11:59:00
301,1,cart,,2026-07-20 00:35:00
301,83,view,,2026-08-09 11:30:00
301,15,purchase,4.0,2026-09-05 03:55:00
302,32,purchase,3.0,2025-01-06 13:51:00
302,30,purchase,4.0,2025-01-28 04:38:00
302,18,view,,2025-03-24 11:18:00
302,65,view,,2025-04-16 19:02:00
302,53,view,,2025-04-25 08:58:00
302,85,purchase,4.0,2025-04-29 22:48:00
302,46,cart,,2025-06-06 10:18:00
302,16,view,,2025-06-14 18:38:00
302,36,cart,,2025-06-26 02:44:00
302,47,view,,2025-06-29 20:26:00
302,21,view,,2025-08-28 11:30:00
302,36,view,,2025-09-11 23:46:00
302,65,purchase,4.0,2025-09-16 16:48:00
302,55,cart,,2025-10-27 17:46:00
302,19,view,,2025-11-07 03:33:00
302,24,cart,,2025-12-07 13:36:00
302,45,purchase,4.0,2026-01-22 17:42:00
302,22,view,,2026-03-14 19:26:00
302,29,purchase,5.0,2026-04-10 09:01:00
302,36,cart,,2026-04-16 13:31:00
302,11,view,,2026-05-08 04:09:00
302,36,view,,2026-07-11 10:22:00
302,6,cart,,2026-08-20 11:25:00
303,34,view,,2025-01-23 18:56:00
303,65,cart,,2025-04-02 14:46:00
303,70,purchase,4.0,2025-07-14 22:02:00
303,54,view,,2025-08-04 00:32:00
303,90,purchase,3.0,2025-10-05 11:58:00
303,88,view,,2025-10-29 19:14:00
303,4,cart,,2025-10-30 02:29:00
303,54,cart,,2025-12-08 19:38:00
303,39,cart,,2025-12-25 00:55:00
303,37,cart,,2026-02-19 18:52:00
303,50,purchase,4.0,2026-04-03 04:29:00
303,42,purchase,5.0,2026-04-14 16:01:00
303,41,purchase,4.0,2026-04-14 21:01:00
303,39,view,,2026-04-15 19:54:00
303,64,view,,2026-05-22 19:32:00
303,39,purchase,5.0,2026-06-01 13:47:00
303,38,purchase,4.0,2026-06-02 18:47:00
304,24,cart,,2025-01-15 04:24:00
304,32,purchase,3.0,2025-03-01 14:40:00
304,59,cart,,2025-03-13 19:54:00
304,20,cart,,2025-03-18 14:23:00
304,84,cart,,2025-04-08 12:44:00
304,78,cart,,2025-04-21 16:03:00
304,40,purchase,4.0,2025-06-02 21:07:00
304,35,view,,2025-06-05 01:50:00
304,81,purchase,3.0,2025-06-18 23:33:00
304,27,cart,,2025-07-20 21:26:00
304,83,view,,2025-08-08 23:03:00
304,28,purchase,4.0,2025-08-11 11:57:00
304,90,purchase,4.0,2025-08-31 20:30:00
304,75,view,,2025-10-05 01:57:00
304,83,purchase,4.0,2025-10-15 09:55:00
304,29,cart,,2025-11-27 21:06:00
304,86,purchase,4.0,2026-03-02 06:30:00
304,35,view,,2026-03-26 18:19:00
304,33,view,,2026-04-27 07:40:00
304,49,purchase,4.0,2026-05-13 14:08:00
304,37,cart,,2026-06-09 15:40:00
304,82,purchase,3.0,2026-07-01 21:04:00
304,83,cart,,2026-08-30 08:12:00
304,37,cart,,2026-09-25 18:53:00
305,66,cart,,2025-02-12 20:56:00
305,45,purchase,3.0,2025-02-13 02:32:00
305,61,cart,,2025-03-11 19:48:00
305,13,view,,2025-03-23 19:28:00
305,35,view,,2025-03-27 01:22:00
305,43,view,,2025-07-17 05:48:00
305,19,view,,2025-07-21 07:26:00
305,19,view,,2025-09-13 21:54:00
305,21,purchase,3.0,2025-09-23 10:31:00
305,3,cart,,2025-12-26 18:37:00
305,39,purchase,5.0,2026-01-12 14:24:00
305,40,purchase,4.0,2026-01-13 00:24:00
305,10,view,,2026-03-13 01:56:00
305,7,purchase,3.0,2026-05-18 16:00:00
305,10,purchase,4.0,2026-05-19 19:00:00
305,2,purchase,3.0,2026-05-31 15:15:00
305,18,purchase,4.0,2026-06-01 17:15:00
305,1,view,,2026-06-06 20:54:00
305,60,view,,2026-08-24 22:05:00
306,13,view,,2025-03-25 02:52:00
306,9,purchase,4.0,2025-05-31 17:58:00
306,12,purchase,4.0,2025-06-01 23:58:00
306,85,view,,2025-06-11 16:04:00
306,15,cart,,2025-08-08 15:32:00
306,14,cart,,2025-08-09 15:08:00
306,10,view,,2025-08-22 00:58:00
306,8,purchase,4.0,2025-11-06 16:04:00
306,44,purchase,5.0,2026-01-19 11:37:00
306,45,purchase,4.0,2026-02-24 00:44:00
306,6,purchase,5.0,2026-03-03 20:31:00
306,2,purchase,4.0,2026-03-04 18:31:00
306,11,view,,2026-05-18 00:40:00
306,1,view,,2026-05-30 05:36:00
306,11,purchase,3.0,2026-07-05 07:04:00
306,22,purchase,3.0,2026-07-10 18:47:00
306,10,purchase,5.0,2026-07-28 01:55:00
306,1,purchase,5.0,2026-07-29 09:13:00
306,7,purchase,4.0,2026-07-30 06:13:00
306,2,purchase,4.0,2026-08-17 08:47:00
306,50,purchase,5.0,2026-09-14 09:57:00
307,71,purchase,4.0,2025-01-16 14:04:00
307,38,view,,2025-03-15 19:44:00
307,56,purchase,3.0,2025-04-09 00:01:00
307,54,purchase,5.0,2025-04-09 11:01:00
307,76,view,,2025-05-02 08:38:00
307,73,view,,2025-05-08 22:34:00
307,54,purchase,4.0,2025-05-28 07:13:00
307,75,cart,,2025-07-11 23:23:00
307,55,purchase,3.0,2025-08-30 06:45:00
307,53,purchase,4.0,2025-08-30 13:45:00
307,58,purchase,3.0,2025-09-08 11:13:00
307,71,view,,2025-09-27 01:40:00
307,72,purchase,5.0,2025-10-05 17:24:00
307,70,view,,2025-10-11 05:44:00
307,45,view,,2025-12-02 20:22:00
307,57,cart,,2026-01-01 03:06:00
307,14,purchase,3.0,2026-01-06 02:48:00
307,55,purchase,4.0,2026-03-12 11:15:00
307,57,purchase,4.0,2026-03-13 19:15:00
307,73,view,,2026-03-15 02:01:00
307,76,purchase,5.0,2026-03-24 07:54:00
307,52,view,,2026-06-23 16:32:00
307,7,view,,2026-06-27 12:06:00
307,62,purchase,4.0,2026-09-22 13:25:00
308,49,purchase,3.0,2025-01-17 21:38:00
308,30,purchase,3.0,2025-07-26 08:49:00
308,41,view,,2025-09-05 19:53:00
308,49,purchase,4.0,2025-09-21 02:35:00
308,55,cart,,2025-09-24 21:23:00
308,53,cart,,2026-01-13 10:45:00
308,61,view,,2026-02-12 21:59:00
308,18,view,,2026-03-01 10:15:00
308,6,purchase,3.0,2026-04-19 17:54:00
308,43,purchase,4.0,2026-05-22 14:18:00
308,63,cart,,2026-06-27 04:48:00
308,46,purchase,3.0,2026-08-15 05:59:00
308,75,view,,2026-08-15 12:55:00
308,84,purchase,4.0,2026-08-17 11:40:00
308,46,view,,2026-08-19 14:47:00
308,43,view,,2026-09-24 19:21:00
309,78,cart,,2025-01-11 19:43:00
309,79,cart,,2025-01-16 10:29:00
309,16,purchase,5.0,2025-01-27 20:34:00
309,89,view,,2025-02-24 15:17:00
309,82,view,,2025-03-24 05:36:00
309,63,purchase,4.0,2025-04-11 05:04:00
309,3,view,,2025-05-26 10:58:00
309,5,purchase,5.0,2025-07-23 02:16:00
309,22,purchase,5.0,2025-07-23 14:02:00
309,54,purchase,3.0,2025-08-04 11:01:00
309,36,view,,2025-08-07 03:20:00
309,19,purchase,4.0,2025-09-21 12:35:00
309,82,cart,,2025-11-03 20:22:00
309,9,view,,2025-12-01 21:48:00
309,78,view,,2025-12-19 10:03:00
309,6,view,,2026-01-03 01:45:00
309,87,purchase,5.0,2026-01-13 20:43:00
309,5,cart,,2026-01-23 13:13:00
309,2,view,,2026-01-29 18:14:00
309,5,view,,2026-02-20 01:05:00
309,80,view,,2026-02-23 07:04:00
309,1,purchase,3.0,2026-03-05 06:51:00
309,9,purchase,5.0,2026-03-06 13:51:00
309,22,view,,2026-03-08 17:11:00
309,18,view,,2026-03-13 16:20:00
309,55,cart,,2026-03-22 17:46:00
309,10,purchase,4.0,2026-05-22 09:31:00
309,7,view,,2026-05-23 04:32:00
309,9,purchase,4.0,2026-05-23 07:28:00
309,18,purchase,4.0,2026-05-24 15:28:00
309,82,cart,,2026-08-07 06:05:00
309,22,purchase,4.0,2026-08-18 03:56:00
309,14,purchase,3.0,2026-09-12 19:45:00
310,48,view,,2025-02-13 23:56:00
310,79,view,,2025-02-15 11:38:00
310,55,view,,2025-03-04 12:16:00
310,70,purchase,3.0,2025-03-27 19:55:00
310,90,view,,2025-04-21 08:15:00
310,78,purchase,5.0,2025-05-01 03:23:00
310,87,cart,,2025-05-18 17:17:00
310,79,view,,2025-06-05 11:16:00
310,61,view,,2025-06-05 15:35:00
310,52,view,,2025-06-21 09:16:00
310,87,view,,2025-06-29 00:42:00
310,57,view,,2025-07-27 13:22:00
310,59,view,,2025-07-29 13:08:00
310,82,view,,2025-08-15 12:22:00
310,34,view,,2025-09-28 07:17:00
310,52,cart,,2025-11-18 03:38:00
310,79,cart,,2026-01-25 13:42:00
310,53,purchase,3.0,2026-01-26 14:52:00
310,13,view,,2026-02-19 04:09:00
310,55,view,,2026-04-03 02:53:00
311,73,purchase,4.0,2025-01-04 22:59:00
311,90,cart,,2025-02-03 04:57:00
311,44,purchase,3.0,2025-02-18 21:13:00
311,36,purchase,3.0,2025-02-20 01:28:00
311,14,purchase,5.0,2025-04-15 07:30:00
311,3,purchase,4.0,2025-05-25 13:41:00
311,85,purchase,3.0,2025-10-17 15:46:00
311,75,purchase,3.0,2025-10-21 00:21:00
311,6,purchase,3.0,2025-10-24 08:36:00
311,70,view,,2025-11-25 20:13:00
311,6,cart,,2025-12-07 04:23:00
311,79,purchase,3.0,2025-12-11 22:44:00
311,74,purchase,3.0,2025-12-12 17:02:00
311,25,view,,2026-01-12 23:24:00
311,34,purchase,3.0,2026-01-25 21:40:00
311,20,purchase,3.0,2026-01-28 05:26:00
311,10,purchase,3.0,2026-02-08 22:35:00
311,6,purchase,3.0,2026-02-23 11:53:00
311,1,purchase,4.0,2026-02-24 15:53:00
311,3,cart,,2026-03-03 06:12:00
311,3,purchase,5.0,2026-04-03 21:23:00
311,19,view,,2026-04-28 11:17:00
311,58,cart,,2026-07-17 16:29:00
311,28,view,,2026-08-16 14:38:00
311,3,view,,2026-09-10 07:10:00
312,45,purchase,3.0,2025-03-06 02:31:00
312,38,purchase,4.0,2025-03-18 08:55:00
312,41,purchase,4.0,2025-03-18 20:55:00
312,90,view,,2025-03-29 17:32:00
312,75,cart,,2025-05-02 19:12:00
312,18,purchase,3.0,2025-05-29 06:56:00
312,2,purchase,4.0,2025-05-29 07:56:00
312,75,view,,2025-07-25 07:07:00
312,74,purchase,2.0,2025-09-01 17:30:00
312,16,view,,2025-09-03 10:11:00
312,71,purchase,3.0,2025-10-27 01:41:00
312,10,purchase,3.0,2025-10-27 02:56:00
312,9,purchase,5.0,2025-10-27 15:56:00
312,44,cart,,2026-01-28 08:58:00
312,44,view,,2026-02-27 06:30:00
312,41,purchase,3.0,2026-05-28 02:51:00
312,39,purchase,4.0,2026-05-28 09:51:00
312,71,cart,,2026-07-15 18:47:00
312,81,cart,,2026-08-23 11:00:00
312,47,purchase,5.0,2026-08-23 16:58:00
312,58,purchase,4.0,2026-08-28 00:02:00
312,9,purchase,4.0,2026-09-07 09:39:00
312,70,purchase,3.0,2026-09-13 11:28:00
313,90,cart,,2025-01-15 02:50:00
313,39,cart,,2025-01-20 22:58:00
313,34,purchase,4.0,2025-01-22 12:58:00
313,38,view,,2025-01-26 16:47:00
313,34,cart,,2025-02-06 02:16:00
313,34,view,,2025-03-02 00:19:00
313,42,purchase,5.0,2025-03-27 15:36:00
313,40,purchase,4.0,2025-03-27 16:36:00
313,32,cart,,2025-04-25 16:55:00
313,36,purchase,3.0,2025-06-11 10:15:00
313,39,view,,2025-07-10 01:59:00
313,46,purchase,5.0,2025-08-12 11:45:00
313,42,view,,2025-08-29 15:21:00
313,86,cart,,2025-09-11 05:07:00
313,39,cart,,2025-10-13 07:13:00
313,49,cart,,2025-10-17 17:55:00
313,87,cart,,2025-11-16 05:05:00
313,39,purchase,5.0,2025-11-23 02:22:00
313,41,purchase,5.0,2025-11-24 04:22:00
313,36,cart,,2025-12-01 15:04:00
313,29,view,,2026-01-16 00:33:00
313,24,view,,2026-01-24 10:25:00
313,36,view,,2026-01-29 13:40:00
313,25,view,,2026-02-25 01:32:00
313,50,view,,2026-03-14 15:40:00
313,49,view,,2026-04-18 19:44:00
313,10,purchase,3.0,2026-06-13 23:21:00
313,36,view,,2026-07-04 06:23:00
313,54,view,,2026-07-06 07:51:00
313,50,cart,,2026-07-16 14:50:00
313,36,view,,2026-08-12 14:22:00
313,46,cart,,2026-08-16 14:37:00
313,82,view,,2026-08-26 07:33:00
313,19,purchase,2.0,2026-09-18 01:20:00
314,55,cart,,2025-05-02 21:10:00
314,88,view,,2025-06-20 13:44:00
314,35,purchase,4.0,2025-08-03 15:50:00
314,53,view,,2025-09-14 07:52:00
314,35,purchase,5.0,2025-11-23 13:23:00
314,28,view,,2025-11-27 13:43:00
314,63,cart,,2025-12-01 16:22:00
314,25,view,,2025-12-22 07:35:00
314,24,purchase,4.0,2026-01-28 08:22:00
314,61,purchase,4.0,2026-02-20 08:37:00
314,37,view,,2026-03-03 10:06:00
314,66,view,,2026-03-14 07:00:00
314,88,purchase,3.0,2026-06-02 04:41:00
314,35,purchase,5.0,2026-09-02 12:00:00
315,50,purchase,4.0,2025-01-03 04:01:00
315,50,view,,2025-04-27 06:15:00
315,52,purchase,4.0,2025-05-27 11:33:00
315,49,purchase,4.0,2025-06-12 16:55:00
315,48,view,,2025-06-15 08:29:00
315,40,view,,2025-07-24 22:31:00
315,50,purchase,4.0,2025-08-20 18:47:00
315,30,view,,2025-10-22 17:45:00
315,74,purchase,3.0,2025-11-27 18:32:00
315,25,cart,,2025-11-28 00:43:00
315,34,purchase,4.0,2026-01-30 19:45:00
315,24,view,,2026-02-25 14:30:00
315,65,purchase,4.0,2026-03-10 04:28:00
315,68,purchase,3.0,2026-03-11 12:28:00
315,29,cart,,2026-04-01 18:40:00
315,30,view,,2026-05-25 02:32:00
315,35,purchase,5.0,2026-05-30 14:50:00
315,29,cart,,2026-06-25 13:39:00
315,47,view,,2026-07-05 00:41:00
315,46,view,,2026-08-22 08:59:00
315,49,cart,,2026-09-15 02:53:00
316,80,view,,2025-01-27 10:51:00
316,41,view,,2025-03-23 15:43:00
316,12,purchase,3.0,2025-04-07 17:20:00
316,57,cart,,2025-05-21 07:26:00
316,83,purchase,3.0,2025-06-10 11:39:00
316,63,purchase,5.0,2025-06-29 16:16:00
316,58,purchase,5.0,2025-07-12 15:54:00
316,46,purchase,4.0,2025-07-13 11:54:00
316,56,purchase,4.0,2025-09-06 06:18:00
316,57,purchase,4.0,2025-09-06 13:18:00
316,39,purchase,4.0,2025-09-14 21:50:00
316,43,purchase,4.0,2025-09-15 11:50:00
316,74,view,,2025-09-23 13:00:00
316,8,purchase,4.0,2025-10-06 12:58:00
316,3,purchase,4.0,2025-10-07 11:58:00
316,67,cart,,2025-10-19 11:13:00
316,71,view,,2025-10-22 18:14:00
316,14,view,,2025-11-02 07:15:00
316,57,purchase,4.0,2025-11-04 22:29:00
316,54,purchase,4.0,2025-11-05 12:29:00
316,49,purchase,3.0,2025-12-18 01:29:00
316,60,cart,,2025-12-20 00:18:00
316,60,view,,2025-12-29 12:14:00
316,61,purchase,5.0,2025-12-30 20:37:00
316,48,view,,2026-01-10 00:14:00
316,69,view,,2026-01-30 16:17:00
316,52,view,,2026-01-31 09:21:00
316,52,purchase,5.0,2026-02-04 00:31:00
316,55,purchase,4.0,2026-02-05 03:31:00
316,10,cart,,2026-03-07 08:53:00
316,42,purchase,3.0,2026-03-13 15:31:00
316,38,purchase,4.0,2026-03-13 18:31:00
316,40,view,,2026-03-17 15:12:00
316,53,cart,,2026-03-20 20:22:00
316,38,view,,2026-03-29 23:41:00
316,61,view,,2026-05-22 01:18:00
316,38,cart,,2026-06-16 20:35:00
316,48,cart,,2026-07-15 00:13:00
316,39,view,,2026-08-06 23:24:00
317,46,view,,2025-06-11 07:49:00
317,16,view,,2025-06-30 18:17:00
317,33,view,,2025-07-23 06:48:00
317,37,view,,2025-09-15 02:15:00
317,54,cart,,2025-10-11 14:17:00
317,56,purchase,5.0,2025-10-22 04:51:00
317,48,purchase,4.0,2025-10-23 14:04:00
317,53,purchase,4.0,2025-10-23 15:51:00
317,89,purchase,3.0,2025-12-24 02:33:00
317,60,purchase,4.0,2026-01-22 11:28:00
317,72,purchase,3.0,2026-04-19 05:43:00
317,40,view,,2026-04-19 12:41:00
317,40,purchase,5.0,2026-05-25 05:25:00
317,38,purchase,5.0,2026-05-25 22:25:00
317,57,view,,2026-06-10 06:01:00
317,57,view,,2026-08-07 21:36:00
317,32,purchase,4.0,2026-09-28 23:34:00
318,61,purchase,3.0,2025-01-11 10:16:00
318,33,cart,,2025-01-15 20:52:00
318,20,purchase,3.0,2025-01-30 07:31:00
318,5,purchase,3.0,2025-02-08 10:32:00
318,10,purchase,4.0,2025-02-09 06:32:00
318,8,purchase,4.0,2025-02-22 22:13:00
318,3,purchase,4.0,2025-02-24 07:13:00
318,12,purchase,3.0,2025-03-07 03:35:00
318,29,cart,,2025-03-27 12:31:00
318,21,view,,2025-04-03 13:52:00
318,30,view,,2025-05-05 16:48:00
318,40,cart,,2025-05-15 22:18:00
318,30,purchase,5.0,2025-06-28 08:15:00
318,27,view,,2025-08-04 02:46:00
318,19,cart,,2025-10-17 09:34:00
318,37,purchase,4.0,2025-11-01 03:45:00
318,14,purchase,5.0,2025-11-06 17:28:00
318,37,purchase,5.0,2025-11-15 13:36:00
318,67,view,,2025-11-16 18:10:00
318,10,view,,2026-02-04 08:09:00
318,24,view,,2026-02-12 22:54:00
318,28,cart,,2026-02-13 21:29:00
318,15,view,,2026-05-01 21:58:00
318,21,view,,2026-05-17 17:06:00
318,4,view,,2026-05-21 04:29:00
318,35,view,,2026-06-03 03:31:00
319,86,view,,2025-02-13 09:32:00
319,89,cart,,2025-02-15 07:51:00
319,12,view,,2025-03-26 19:18:00
319,86,purchase,4.0,2025-04-03 08:31:00
319,75,view,,2025-06-02 03:08:00
319,49,view,,2025-06-12 19:04:00
319,72,view,,2025-06-21 07:35:00
319,82,view,,2025-06-25 15:43:00
319,3,view,,2025-07-21 15:49:00
319,82,cart,,2025-08-01 01:59:00
319,88,cart,,2025-08-02 00:48:00
319,59,purchase,4.0,2025-08-11 19:41:00
319,72,view,,2025-09-14 01:20:00
319,83,purchase,3.0,2025-09-14 07:57:00
319,75,view,,2025-09-29 18:17:00
319,88,view,,2025-12-01 04:15:00
319,49,purchase,3.0,2025-12-10 12:32:00
319,75,view,,2025-12-28 02:46:00
319,79,view,,2026-01-27 13:22:00
319,61,view,,2026-02-03 17:07:00
319,89,purchase,3.0,2026-02-10 05:58:00
319,45,view,,2026-03-28 06:45:00
319,70,view,,2026-04-29 12:45:00
319,75,view,,2026-05-01 18:59:00
319,85,view,,2026-05-06 13:04:00
319,72,purchase,5.0,2026-06-05 16:50:00
319,82,cart,,2026-06-13 09:55:00
319,75,cart,,2026-06-15 03:05:00
319,73,view,,2026-07-24 23:08:00
319,81,cart,,2026-08-09 19:06:00
319,87,cart,,2026-08-27 01:10:00
319,84,purchase,4.0,2026-09-05 06:37:00
320,9,cart,,2025-02-08 19:33:00
320,57,view,,2025-04-25 11:35:00
320,19,view,,2025-05-22 04:24:00
320,2,view,,2025-06-06 13:22:00
320,88,purchase,5.0,2025-06-18 05:16:00
320,53,purchase,4.0,2025-09-04 16:16:00
320,87,purchase,3.0,2025-10-09 23:24:00
320,7,view,,2025-10-25 15:10:00
320,10,view,,2025-11-24 21:53:00
320,78,purchase,3.0,2026-01-19 13:03:00
320,2,view,,2026-01-23 19:30:00
320,38,purchase,3.0,2026-03-22 22:33:00
320,43,purchase,4.0,2026-03-23 19:33:00
320,14,cart,,2026-05-17 04:10:00
320,11,view,,2026-05-27 15:58:00
320,59,purchase,3.0,2026-06-03 06:07:00
320,1,cart,,2026-07-30 02:01:00
320,82,view,,2026-07-31 05:38:00
321,29,view,,2025-01-20 05:38:00
321,34,view,,2025-01-27 07:48:00
321,33,purchase,4.0,2025-03-31 04:10:00
321,76,view,,2025-04-06 18:57:00
321,36,view,,2025-06-09 22:45:00
321,7,purchase,3.0,2025-07-02 23:12:00
321,2,purchase,4.0,2025-07-03 18:12:00
321,88,purchase,5.0,2025-07-06 21:22:00
321,81,view,,2025-07-23 03:10:00
321,82,purchase,5.0,2025-07-29 17:46:00
321,82,view,,2025-08-06 12:15:00
321,57,view,,2025-08-06 20:35:00
321,32,view,,2025-10-20 13:23:00
321,52,purchase,3.0,2025-11-09 09:13:00
321,53,purchase,5.0,2025-11-09 22:13:00
321,36,cart,,2025-11-11 19:44:00
321,85,view,,2025-11-23 16:52:00
321,79,purchase,4.0,2025-12-11 15:05:00
321,24,purchase,3.0,2025-12-13 00:13:00
321,80,view,,2026-02-03 12:34:00
321,79,view,,2026-02-03 23:03:00
321,81,view,,2026-02-15 22:56:00
321,81,purchase,3.0,2026-03-07 16:17:00
321,69,cart,,2026-04-09 12:29:00
321,40,cart,,2026-05-05 18:05:00
321,66,view,,2026-05-22 05:55:00
321,81,purchase,2.0,2026-07-02 10:49:00
321,28,purchase,3.0,2026-07-27 00:36:00
321,56,purchase,4.0,2026-09-05 17:53:00
321,54,purchase,4.0,2026-09-07 03:53:00
321,91,view,,2026-09-07 07:46:00
322,39,view,,2025-01-16 02:51:00
322,19,view,,2025-03-08 17:56:00
322,84,view,,2025-04-02 08:41:00
322,86,view,,2025-04-17 00:29:00
322,53,view,,2025-06-01 18:54:00
322,4,cart,,2025-07-23 06:38:00
322,41,view,,2025-09-28 16:22:00
322,80,view,,2025-10-22 13:15:00
322,25,view,,2026-02-19 02:40:00
322,50,cart,,2026-04-02 14:28:00
322,41,purchase,5.0,2026-05-03 20:39:00
322,83,view,,2026-06-20 08:45:00
322,83,cart,,2026-08-02 20:00:00
322,40,view,,2026-09-12 06:29:00
323,86,view,,2025-01-08 17:57:00
323,7,cart,,2025-02-13 01:31:00
323,90,view,,2025-02-13 07:07:00
323,72,view,,2025-02-17 13:32:00
323,61,view,,2025-02-19 13:25:00
323,37,purchase,4.0,2025-03-29 19:16:00
323,71,purchase,3.0,2025-04-20 05:46:00
323,87,view,,2025-04-21 21:20:00
323,43,view,,2025-06-08 11:53:00
323,27,purchase,3.0,2025-07-12 10:36:00
323,67,purchase,4.0,2025-07-16 23:44:00
323,84,view,,2025-07-17 13:02:00
323,28,purchase,3.0,2025-07-18 02:10:00
323,54,purchase,5.0,2025-08-12 06:05:00
323,57,purchase,4.0,2025-09-09 14:15:00
323,56,purchase,4.0,2025-09-10 22:15:00
323,75,view,,2025-09-23 05:31:00
323,74,cart,,2025-11-22 03:57:00
323,55,purchase,3.0,2026-01-23 07:07:00
323,53,purchase,4.0,2026-01-23 11:07:00
323,60,purchase,4.0,2026-01-29 12:14:00
323,55,purchase,4.0,2026-03-03 02:13:00
323,52,purchase,5.0,2026-03-03 19:13:00
323,74,purchase,3.0,2026-04-10 12:30:00
323,71,view,,2026-04-14 17:27:00
323,66,view,,2026-04-28 10:56:00
323,54,purchase,5.0,2026-05-02 16:39:00
323,64,view,,2026-05-22 15:21:00
323,48,purchase,3.0,2026-05-29 11:54:00
323,59,cart,,2026-06-07 23:22:00
323,59,view,,2026-07-07 14:40:00
324,45,view,,2025-01-19 20:38:00
324,76,cart,,2025-01-29 06:56:00
324,1,cart,,2025-01-30 11:13:00
324,76,purchase,3.0,2025-02-06 16:21:00
324,75,purchase,4.0,2025-04-18 10:12:00
324,72,purchase,4.0,2025-04-18 18:29:00
324,38,view,,2025-04-27 12:21:00
324,18,view,,2025-04-28 21:08:00
324,49,purchase,3.0,2025-05-01 14:34:00
324,84,view,,2025-05-09 22:02:00
324,59,view,,2025-06-10 20:37:00
324,75,cart,,2025-06-26 05:47:00
324,38,cart,,2025-07-08 21:32:00
324,46,cart,,2025-07-23 03:05:00
324,71,cart,,2025-08-02 06:47:00
324,16,view,,2025-09-08 01:09:00
324,84,purchase,3.0,2025-09-20 02:30:00
324,15,view,,2025-10-02 17:17:00
324,35,purchase,3.0,2025-10-26 02:39:00
324,38,purchase,3.0,2025-12-09 04:29:00
324,41,purchase,4.0,2025-12-09 14:29:00
324,26,purchase,3.0,2026-01-08 09:47:00
324,41,view,,2026-01-24 19:12:00
324,69,purchase,3.0,2026-02-09 19:27:00
324,18,purchase,3.0,2026-05-17 23:09:00
324,4,purchase,4.0,2026-05-18 19:09:00
324,72,cart,,2026-05-19 01:19:00
324,48,view,,2026-05-23 03:33:00
324,46,cart,,2026-07-07 09:34:00
324,47,purchase,3.0,2026-07-10 06:47:00
324,57,view,,2026-08-09 02:19:00
324,19,view,,2026-08-15 12:34:00
324,72,view,,2026-09-18 11:15:00
325,67,cart,,2025-01-15 11:52:00
325,61,cart,,2025-02-25 05:30:00
325,41,view,,2025-03-10 23:05:00
325,56,view,,2025-03-13 02:30:00
325,6,purchase,4.0,2025-05-22 12:53:00
325,58,view,,2025-06-15 01:46:00
325,58,view,,2025-06-28 21:35:00
325,57,purchase,4.0,2025-06-30 03:48:00
325,54,purchase,4.0,2025-07-01 10:48:00
325,76,view,,2025-08-04 06:02:00
325,66,view,,2025-08-06 15:44:00
325,52,view,,2025-08-19 21:14:00
325,28,view,,2025-08-30 09:59:00
325,29,purchase,4.0,2025-10-06 06:14:00
325,64,purchase,4.0,2025-11-03 08:23:00
325,54,purchase,5.0,2025-11-20 22:01:00
325,52,purchase,4.0,2025-11-21 20:01:00
325,59,view,,2025-12-18 21:50:00
325,89,cart,,2026-01-11 02:56:00
325,24,cart,,2026-01-18 21:36:00
325,64,view,,2026-01-22 20:10:00
325,34,purchase,3.0,2026-01-23 12:56:00
325,10,view,,2026-02-19 06:07:00
325,42,purchase,3.0,2026-02-20 11:00:00
325,56,view,,2026-03-07 18:36:00
325,84,view,,2026-03-23 06:29:00
325,73,view,,2026-04-07 08:15:00
325,53,view,,2026-04-09 11:02:00
325,53,purchase,5.0,2026-04-11 01:36:00
325,55,purchase,4.0,2026-04-11 16:36:00
325,74,purchase,3.0,2026-05-31 09:51:00
325,19,view,,2026-06-17 03:12:00
325,72,view,,2026-06-22 00:10:00
326,50,view,,2025-03-18 17:15:00
326,59,cart,,2025-06-08 22:26:00
326,40,purchase,5.0,2025-08-21 07:40:00
326,84,purchase,3.0,2025-08-21 22:15:00
326,38,purchase,4.0,2025-08-22 10:40:00
326,50,cart,,2025-10-15 20:07:00
326,78,view,,2025-12-03 01:15:00
326,9,view,,2026-01-14 06:43:00
326,13,view,,2026-02-02 10:34:00
326,32,view,,2026-02-15 15:59:00
326,22,view,,2026-05-02 05:26:00
326,46,purchase,3.0,2026-06-18 09:57:00
326,42,cart,,2026-09-08 02:13:00
327,41,view,,2025-02-05 03:53:00
327,80,purchase,3.0,2025-02-05 14:17:00
327,5,purchase,3.0,2025-02-16 03:22:00
327,6,purchase,4.0,2025-02-16 13:22:00
327,79,purchase,5.0,2025-02-17 15:59:00
327,42,purchase,3.0,2025-02-27 15:51:00
327,38,purchase,4.0,2025-02-27 21:51:00
327,66,cart,,2025-04-27 09:37:00
327,41,view,,2025-04-29 00:29:00
327,50,purchase,4.0,2025-06-24 00:40:00
327,52,purchase,3.0,2025-09-13 03:37:00
327,54,purchase,5.0,2025-09-14 08:37:00
327,40,purchase,4.0,2025-11-02 01:19:00
327,50,purchase,4.0,2025-11-06 13:21:00
327,44,view,,2025-12-11 09:25:00
327,87,purchase,2.0,2026-01-17 05:12:00
327,70,purchase,2.0,2026-01-21 14:16:00
327,80,purchase,3.0,2026-02-15 16:54:00
327,78,cart,,2026-02-23 04:06:00
327,41,purchase,5.0,2026-03-19 15:00:00
327,39,purchase,4.0,2026-03-19 19:00:00
327,85,view,,2026-03-21 02:33:00
327,42,view,,2026-04-01 14:23:00
327,41,view,,2026-05-18 09:01:00
327,83,purchase,3.0,2026-07-20 02:38:00
327,88,view,,2026-08-05 19:18:00
328,79,purchase,4.0,2025-01-15 09:41:00
328,61,cart,,2025-01-17 03:02:00
328,56,view,,2025-03-25 21:25:00
328,57,purchase,3.0,2025-03-31 18:29:00
328,28,purchase,3.0,2025-05-23 03:41:00
328,48,purchase,4.0,2025-05-26 23:45:00
328,33,view,,2025-05-29 01:00:00
328,58,view,,2025-07-03 18:25:00
328,15,view,,2025-07-08 03:14:00
328,84,view,,2025-07-26 17:59:00
328,58,view,,2025-08-19 21:12:00
328,50,purchase,5.0,2025-09-06 22:48:00
328,20,view,,2025-09-29 03:51:00
328,1,view,,2025-12-28 03:56:00
328,87,purchase,3.0,2026-01-28 01:38:00
328,66,purchase,2.0,2026-02-16 19:43:00
328,65,cart,,2026-02-19 04:27:00
328,79,cart,,2026-02-23 09:22:00
328,43,view,,2026-03-22 09:57:00
328,47,purchase,5.0,2026-03-29 08:25:00
328,48,purchase,4.0,2026-04-12 11:54:00
328,53,view,,2026-06-01 08:22:00
328,46,cart,,2026-06-16 05:39:00
328,47,purchase,4.0,2026-07-16 09:18:00
328,43,purchase,5.0,2026-08-27 19:20:00
328,39,purchase,5.0,2026-08-29 01:20:00
328,76,cart,,2026-09-02 02:49:00
328,41,purchase,5.0,2026-09-09 23:02:00
328,69,purchase,3.0,2026-09-10 09:50:00
329,50,cart,,2025-02-11 02:01:00
329,46,view,,2025-03-15 11:55:00
329,41,cart,,2025-04-17 11:27:00
329,39,view,,2025-06-01 04:43:00
329,14,cart,,2025-10-11 02:40:00
329,4,purchase,4.0,2025-12-27 21:50:00
329,42,view,,2026-02-15 21:37:00
329,44,purchase,5.0,2026-02-28 02:15:00
329,41,view,,2026-05-28 06:40:00
329,50,view,,2026-06-17 09:24:00
329,81,view,,2026-07-13 04:44:00
329,46,cart,,2026-07-25 01:35:00
329,46,view,,2026-09-19 12:16:00
330,3,cart,,2025-01-03 17:03:00
330,48,view,,2025-01-16 20:12:00
330,41,view,,2025-03-03 14:24:00
330,10,purchase,4.0,2025-03-19 10:05:00
330,1,purchase,4.0,2025-03-19 12:05:00
330,42,cart,,2025-03-27 15:27:00
330,3,purchase,4.0,2025-05-27 09:37:00
330,4,purchase,4.0,2025-05-28 15:37:00
330,88,purchase,3.0,2025-07-08 16:22:00
330,76,view,,2025-08-04 01:57:00
330,69,view,,2025-08-18 01:08:00
330,11,view,,2025-11-26 11:23:00
330,8,purchase,5.0,2025-12-04 02:49:00
330,6,purchase,4.0,2025-12-05 08:49:00
330,29,purchase,4.0,2025-12-22 17:32:00
330,9,purchase,3.0,2026-01-22 04:21:00
330,3,cart,,2026-02-08 11:59:00
330,39,view,,2026-04-19 04:14:00
330,56,cart,,2026-04-20 22:07:00
330,1,cart,,2026-06-02 20:13:00
330,1,purchase,5.0,2026-06-11 00:02:00
330,12,purchase,4.0,2026-06-12 06:02:00
330,1,view,,2026-06-18 09:28:00
330,8,cart,,2026-06-20 22:36:00
330,46,purchase,4.0,2026-06-21 11:44:00
330,55,cart,,2026-07-02 20:15:00
330,8,purchase,5.0,2026-07-27 02:08:00
330,12,view,,2026-08-03 10:18:00
330,12,purchase,3.0,2026-09-02 20:53:00
330,18,purchase,5.0,2026-09-04 01:53:00
330,14,view,,2026-09-28 04:40:00
331,57,view,,2025-02-17 13:37:00
331,41,purchase,4.0,2025-04-18 11:21:00
331,42,purchase,4.0,2025-04-19 08:21:00
331,56,view,,2025-04-19 17:30:00
331,43,purchase,5.0,2025-04-29 11:12:00
331,38,purchase,5.0,2025-04-29 18:12:00
331,88,purchase,3.0,2025-06-04 21:20:00
331,59,purchase,4.0,2025-06-11 13:25:00
331,41,view,,2025-06-24 15:57:00
331,11,purchase,3.0,2025-07-03 16:18:00
331,60,purchase,3.0,2025-07-12 17:49:00
331,6,purchase,3.0,2025-07-17 11:28:00
331,1,purchase,5.0,2025-07-18 15:28:00
331,43,cart,,2025-07-29 09:17:00
331,47,purchase,4.0,2025-07-30 09:57:00
331,5,purchase,4.0,2025-08-19 22:30:00
331,9,purchase,4.0,2025-08-20 05:30:00
331,49,purchase,3.0,2025-08-31 02:37:00
331,88,view,,2025-09-29 16:53:00
331,40,view,,2025-10-26 23:03:00
331,54,view,,2025-11-03 01:43:00
331,32,view,,2025-11-16 14:49:00
331,50,purchase,3.0,2025-11-20 14:17:00
331,84,purchase,3.0,2025-12-02 08:01:00
331,46,view,,2026-02-14 02:16:00
331,49,cart,,2026-03-04 16:15:00
331,32,purchase,4.0,2026-03-25 12:31:00
331,22,purchase,3.0,2026-04-16 18:02:00
331,54,cart,,2026-04-28 02:07:00
331,81,view,,2026-05-06 22:25:00
331,30,purchase,2.0,2026-07-23 15:03:00
331,46,view,,2026-07-24 10:37:00
331,40,cart,,2026-07-27 10:57:00
331,88,purchase,4.0,2026-08-09 22:50:00
331,57,purchase,5.0,2026-09-27 13:16:00
331,53,purchase,4.0,2026-09-28 10:16:00
332,48,purchase,4.0,2025-01-04 07:19:00
332,52,purchase,4.0,2025-02-03 05:13:00
332,67,cart,,2025-02-16 15:49:00
332,16,view,,2025-03-18 07:12:00
332,85,view,,2025-03-20 09:05:00
332,50,view,,2025-03-26 06:16:00
332,8,view,,2025-03-29 04:02:00
332,69,view,,2025-04-01 19:28:00
332,75,purchase,3.0,2025-04-03 11:36:00
332,30,cart,,2025-04-05 13:42:00
332,19,cart,,2025-04-21 06:56:00
332,4,purchase,5.0,2025-05-15 02:05:00
332,19,purchase,5.0,2025-06-16 17:36:00
332,70,cart,,2025-08-16 17:19:00
332,4,purchase,4.0,2025-09-25 01:07:00
332,21,purchase,4.0,2025-10-05 21:16:00
332,16,purchase,3.0,2025-11-20 20:28:00
332,90,view,,2025-12-29 20:22:00
332,44,view,,2026-01-29 11:04:00
332,70,purchase,3.0,2026-02-11 16:39:00
332,20,cart,,2026-02-13 00:22:00
332,54,view,,2026-02-24 14:21:00
332,80,purchase,3.0,2026-02-25 03:12:00
332,11,purchase,4.0,2026-05-14 21:49:00
332,18,purchase,5.0,2026-05-15 23:49:00
333,22,cart,,2025-01-01 20:23:00
333,13,purchase,5.0,2025-03-04 03:30:00
333,15,view,,2025-03-15 21:37:00
333,18,view,,2025-03-31 04:24:00
333,9,view,,2025-04-13 04:34:00
333,18,view,,2025-05-09 20:19:00
333,28,purchase,4.0,2025-05-30 11:35:00
333,58,view,,2025-06-10 05:59:00
333,59,purchase,4.0,2025-06-28 00:39:00
333,10,purchase,5.0,2025-08-01 05:14:00
333,9,purchase,4.0,2025-08-01 18:14:00
333,1,cart,,2025-08-07 19:47:00
333,9,purchase,3.0,2025-10-05 00:05:00
333,52,purchase,3.0,2025-11-06 22:05:00
333,55,purchase,3.0,2025-11-23 18:34:00
333,53,purchase,4.0,2025-11-24 19:34:00
333,8,view,,2025-12-12 04:54:00
333,26,view,,2026-02-19 17:43:00
333,15,view,,2026-03-02 12:26:00
333,6,purchase,4.0,2026-04-17 08:20:00
333,3,purchase,4.0,2026-04-17 18:20:00
333,20,view,,2026-05-04 00:10:00
333,1,view,,2026-05-04 12:07:00
333,59,cart,,2026-06-02 21:07:00
333,59,purchase,4.0,2026-07-12 18:51:00
333,57,purchase,5.0,2026-08-09 04:18:00
333,56,purchase,4.0,2026-08-10 11:18:00
333,77,purchase,3.0,2026-09-24 02:23:00
334,10,view,,2025-02-18 09:34:00
334,70,view,,2025-02-20 13:59:00
334,10,cart,,2025-06-29 12:39:00
334,14,purchase,5.0,2025-07-09 00:19:00
334,28,purchase,3.0,2025-08-09 02:52:00
334,75,view,,2025-10-25 22:44:00
334,71,purchase,3.0,2026-03-03 11:47:00
334,19,cart,,2026-03-03 23:43:00
334,19,view,,2026-03-08 15:46:00
334,4,purchase,5.0,2026-03-19 17:41:00
334,9,purchase,5.0,2026-03-19 23:41:00
334,28,purchase,3.0,2026-06-02 07:31:00
334,4,view,,2026-08-21 20:06:00
335,45,purchase,4.0,2025-01-12 08:34:00
335,89,purchase,4.0,2025-01-30 20:38:00
335,61,cart,,2025-02-13 17:22:00
335,58,purchase,5.0,2025-06-07 02:07:00
335,46,view,,2025-06-21 07:21:00
335,48,purchase,4.0,2025-07-28 18:46:00
335,88,cart,,2025-08-15 08:33:00
335,73,purchase,3.0,2025-10-05 19:31:00
335,73,view,,2025-10-28 12:10:00
335,55,purchase,5.0,2025-11-03 18:37:00
335,52,purchase,5.0,2025-11-04 06:37:00
335,70,cart,,2025-12-08 12:39:00
335,80,view,,2026-01-31 17:37:00
335,52,purchase,5.0,2026-03-28 10:21:00
335,53,purchase,4.0,2026-03-29 17:21:00
335,21,purchase,3.0,2026-06-05 05:42:00
335,56,purchase,4.0,2026-06-18 21:10:00
335,57,purchase,4.0,2026-06-19 06:10:00
335,52,view,,2026-08-19 10:00:00
335,76,view,,2026-08-31 00:13:00
335,74,purchase,4.0,2026-09-24 09:15:00
336,61,view,,2025-02-04 01:51:00
336,41,view,,2025-03-07 18:26:00
336,54,cart,,2025-08-17 21:20:00
336,53,purchase,4.0,2025-09-13 12:08:00
336,64,purchase,5.0,2025-09-29 21:42:00
336,55,purchase,5.0,2025-10-21 05:40:00
336,52,purchase,4.0,2025-10-21 23:40:00
336,52,cart,,2025-11-04 11:44:00
336,75,view,,2025-11-04 21:53:00
336,14,cart,,2025-11-30 14:29:00
336,60,view,,2026-01-22 16:31:00
336,35,purchase,3.0,2026-02-09 09:40:00
336,40,purchase,4.0,2026-04-05 13:09:00
336,57,purchase,3.0,2026-04-09 08:55:00
336,54,purchase,4.0,2026-04-09 13:55:00
336,72,cart,,2026-05-20 16:22:00
336,71,cart,,2026-07-13 01:20:00
336,63,purchase,5.0,2026-07-27 12:17:00
336,49,view,,2026-09-20 22:18:00
337,13,view,,2025-01-06 16:15:00
337,15,view,,2025-01-07 00:38:00
337,21,purchase,3.0,2025-02-10 00:34:00
337,7,view,,2025-04-09 19:27:00
337,35,cart,,2025-06-08 06:46:00
337,50,view,,2025-08-03 21:43:00
337,3,view,,2025-09-13 14:15:00
337,39,view,,2025-09-30 12:35:00
337,1,cart,,2025-12-02 09:49:00
337,7,purchase,4.0,2025-12-22 08:55:00
337,5,purchase,4.0,2025-12-23 19:55:00
337,18,purchase,5.0,2026-01-31 05:23:00
337,42,purchase,3.0,2026-03-06 16:51:00
337,38,purchase,4.0,2026-03-07 05:51:00
337,85,view,,2026-05-19 14:32:00
337,5,cart,,2026-06-03 00:32:00
337,46,view,,2026-06-23 07:45:00
337,50,purchase,4.0,2026-09-22 21:34:00
338,64,purchase,3.0,2025-02-01 04:18:00
338,47,view,,2025-05-16 00:30:00
338,90,view,,2025-06-06 23:28:00
338,47,view,,2025-10-20 04:17:00
338,56,purchase,4.0,2025-11-24 02:43:00
338,53,purchase,5.0,2025-11-24 07:43:00
338,29,cart,,2025-12-07 07:16:00
338,64,purchase,3.0,2025-12-27 23:59:00
338,60,cart,,2026-02-08 20:44:00
338,79,cart,,2026-02-21 17:16:00
338,43,purchase,5.0,2026-02-25 04:30:00
338,42,purchase,4.0,2026-02-26 15:30:00
338,41,cart,,2026-03-14 15:06:00
338,41,view,,2026-03-17 19:59:00
339,24,purchase,4.0,2025-02-09 00:01:00
339,30,purchase,3.0,2025-02-23 04:39:00
339,55,view,,2025-04-16 13:09:00
339,18,purchase,3.0,2025-04-18 18:56:00
339,10,purchase,4.0,2025-04-20 01:56:00
339,52,view,,2025-05-21 12:07:00
339,88,purchase,5.0,2025-07-04 17:24:00
339,87,view,,2025-09-29 01:46:00
339,63,cart,,2025-09-30 07:18:00
339,34,view,,2025-11-08 15:48:00
339,16,purchase,3.0,2026-01-29 01:18:00
339,89,purchase,3.0,2026-03-02 14:00:00
339,54,purchase,4.0,2026-07-09 04:02:00
339,52,purchase,4.0,2026-07-09 15:02:00
339,82,purchase,5.0,2026-07-14 10:03:00
339,58,purchase,4.0,2026-07-28 15:07:00
340,53,view,,2025-01-22 03:18:00
340,76,cart,,2025-02-22 05:58:00
340,44,view,,2025-02-25 01:35:00
340,73,cart,,2025-03-01 05:48:00
340,36,view,,2025-03-16 12:48:00
340,43,purchase,3.0,2025-03-21 19:14:00
340,41,purchase,4.0,2025-03-23 06:14:00
340,67,purchase,4.0,2025-05-09 20:57:00
340,74,cart,,2025-05-13 16:09:00
340,76,purchase,4.0,2025-05-17 08:32:00
340,36,purchase,3.0,2025-05-29 22:24:00
340,29,view,,2025-08-06 22:03:00
340,71,purchase,4.0,2025-09-16 08:35:00
340,71,cart,,2025-10-10 00:14:00
340,56,purchase,3.0,2025-11-09 10:24:00
340,53,purchase,4.0,2025-11-10 19:24:00
340,44,purchase,5.0,2025-12-06 11:10:00
340,49,purchase,4.0,2025-12-07 16:14:00
340,50,view,,2025-12-18 03:31:00
340,45,purchase,5.0,2026-01-03 13:04:00
340,45,cart,,2026-01-06 07:34:00
340,87,purchase,3.0,2026-01-21 11:53:00
340,2,view,,2026-04-20 00:34:00
340,42,purchase,3.0,2026-05-02 12:40:00
340,38,purchase,4.0,2026-05-03 19:40:00
340,49,purchase,3.0,2026-06-24 00:50:00
340,61,view,,2026-07-22 20:28:00
341,13,cart,,2025-05-27 14:01:00
341,32,cart,,2025-10-23 02:45:00
341,70,purchase,3.0,2025-11-01 07:15:00
341,29,view,,2025-11-01 10:40:00
341,2,view,,2025-12-02 02:06:00
341,7,cart,,2025-12-17 20:25:00
341,1,view,,2026-02-09 03:05:00
341,38,purchase,4.0,2026-02-18 17:11:00
341,43,purchase,4.0,2026-02-19 11:11:00
341,72,view,,2026-03-10 17:52:00
341,76,purchase,3.0,2026-05-23 14:41:00
341,19,view,,2026-06-01 20:10:00
341,80,cart,,2026-07-07 02:43:00
341,7,view,,2026-08-19 00:23:00
341,72,purchase,5.0,2026-09-11 20:25:00
342,6,purchase,5.0,2025-01-07 03:54:00
342,5,purchase,4.0,2025-01-07 07:54:00
342,1,view,,2025-01-07 11:22:00
342,48,view,,2025-02-09 10:17:00
342,1,purchase,5.0,2025-02-18 23:27:00
342,4,purchase,4.0,2025-02-19 07:27:00
342,65,purchase,2.0,2025-02-24 02:30:00
342,68,purchase,4.0,2025-02-25 05:30:00
342,5,view,,2025-04-09 20:32:00
342,29,cart,,2025-04-12 16:25:00
342,50,view,,2025-05-14 18:58:00
342,57,purchase,4.0,2025-06-18 18:40:00
342,74,purchase,3.0,2025-07-15 18:33:00
342,8,cart,,2025-07-22 10:26:00
342,70,view,,2025-09-10 13:56:00
342,3,view,,2025-09-21 08:45:00
342,2,view,,2025-09-29 21:37:00
342,19,view,,2025-11-15 05:24:00
342,43,view,,2025-11-22 14:09:00
342,44,cart,,2025-12-06 05:03:00
342,2,purchase,5.0,2025-12-13 08:56:00
342,12,purchase,4.0,2025-12-13 20:56:00
342,8,purchase,5.0,2026-02-04 23:07:00
342,10,purchase,3.0,2026-02-05 03:07:00
342,14,purchase,4.0,2026-03-28 04:42:00
342,2,view,,2026-04-12 21:15:00
342,49,purchase,4.0,2026-04-17 19:30:00
342,19,purchase,5.0,2026-05-04 08:47:00
342,7,purchase,5.0,2026-05-14 08:54:00
342,70,purchase,3.0,2026-05-17 00:08:00
342,47,purchase,4.0,2026-06-08 18:58:00
342,72,view,,2026-07-04 15:59:00
342,38,view,,2026-07-07 23:35:00
342,10,purchase,5.0,2026-08-18 06:59:00
342,3,purchase,4.0,2026-08-19 13:59:00
342,5,view,,2026-08-27 09:34:00
342,41,cart,,2026-09-14 16:28:00
343,40,view,,2025-01-11 15:15:00
343,45,view,,2025-01-12 16:05:00
343,20,view,,2025-02-14 15:12:00
343,9,view,,2025-03-13 07:03:00
343,42,purchase,3.0,2025-03-19 18:12:00
343,54,purchase,3.0,2025-04-22 07:26:00
343,10,cart,,2025-04-29 19:32:00
343,49,purchase,3.0,2025-05-20 09:02:00
343,32,purchase,2.0,2025-06-01 20:05:00
343,11,purchase,3.0,2025-06-16 23:31:00
343,5,purchase,4.0,2025-06-17 16:31:00
343,13,view,,2025-06-19 18:07:00
343,30,purchase,4.0,2025-06-22 11:02:00
343,50,purchase,5.0,2025-06-24 10:08:00
343,32,purchase,2.0,2025-08-22 09:03:00
343,16,purchase,4.0,2025-09-06 08:25:00
343,54,cart,,2025-12-13 11:16:00
343,35,view,,2025-12-15 11:39:00
343,9,view,,2026-01-02 17:15:00
343,45,purchase,4.0,2026-01-04 21:21:00
343,22,purchase,4.0,2026-01-09 21:12:00
343,16,purchase,4.0,2026-02-02 14:30:00
343,45,cart,,2026-02-19 23:46:00
343,10,purchase,3.0,2026-03-30 21:26:00
343,1,purchase,3.0,2026-03-31 05:26:00
343,8,purchase,3.0,2026-04-03 11:39:00
343,74,view,,2026-04-13 09:53:00
343,15,view,,2026-05-14 11:02:00
343,38,view,,2026-05-16 00:33:00
343,28,view,,2026-06-14 07:55:00
343,46,cart,,2026-08-12 09:11:00
343,49,cart,,2026-08-18 18:41:00
343,75,purchase,4.0,2026-08-20 06:18:00
343,15,view,,2026-08-21 15:44:00
343,18,purchase,3.0,2026-09-19 07:43:00
343,12,purchase,4.0,2026-09-19 23:43:00
344,34,view,,2025-01-12 06:09:00
344,30,purchase,4.0,2025-03-17 09:20:00
344,85,cart,,2025-05-23 09:44:00
344,73,purchase,3.0,2025-08-11 16:17:00
344,33,purchase,5.0,2025-11-10 14:59:00
344,32,purchase,4.0,2025-12-05 18:52:00
344,24,cart,,2025-12-14 15:46:00
344,54,view,,2026-02-03 23:39:00
344,29,view,,2026-03-23 13:50:00
344,73,purchase,4.0,2026-03-23 19:54:00
344,13,purchase,3.0,2026-03-30 00:26:00
344,57,view,,2026-04-13 08:48:00
344,33,purchase,4.0,2026-05-24 03:03:00
344,54,cart,,2026-05-27 10:24:00
344,28,purchase,4.0,2026-08-02 23:50:00
344,28,view,,2026-08-11 09:39:00
345,35,purchase,5.0,2025-03-19 21:40:00
345,13,view,,2025-03-24 08:21:00
345,66,cart,,2025-04-07 18:10:00
345,10,purchase,4.0,2025-05-02 12:28:00
345,30,view,,2025-06-24 04:09:00
345,32,purchase,4.0,2025-10-17 12:47:00
345,30,view,,2025-10-20 01:06:00
345,32,view,,2025-12-11 14:34:00
345,35,cart,,2026-01-18 06:14:00
345,30,view,,2026-03-19 02:29:00
345,52,purchase,4.0,2026-05-30 16:55:00
345,57,purchase,5.0,2026-05-30 23:55:00
345,72,view,,2026-06-06 08:22:00
345,27,view,,2026-07-09 10:43:00
345,29,purchase,5.0,2026-08-25 02:03:00
345,29,purchase,5.0,2026-09-15 01:55:00
346,20,cart,,2025-01-21 15:35:00
346,55,view,,2025-02-07 08:03:00
346,63,cart,,2025-03-25 05:09:00
346,38,purchase,5.0,2025-05-23 10:12:00
346,41,purchase,4.0,2025-05-24 19:12:00
346,64,purchase,5.0,2025-05-25 22:04:00
346,46,cart,,2025-06-09 17:14:00
346,42,purchase,5.0,2025-08-13 22:24:00
346,43,purchase,5.0,2025-08-15 04:24:00
346,59,view,,2025-08-26 13:16:00
346,49,purchase,4.0,2026-01-05 02:31:00
346,63,purchase,3.0,2026-01-07 01:26:00
346,54,purchase,3.0,2026-02-11 04:40:00
346,57,view,,2026-05-07 12:30:00
346,48,purchase,4.0,2026-06-13 05:02:00
346,58,cart,,2026-07-14 07:36:00
346,58,view,,2026-09-09 21:52:00
347,59,purchase,3.0,2025-01-02 01:31:00
347,40,view,,2025-01-23 23:38:00
347,55,view,,2025-01-24 02:12:00
347,80,view,,2025-02-22 11:41:00
347,49,purchase,5.0,2025-02-24 04:21:00
347,56,purchase,3.0,2025-03-23 06:03:00
347,52,purchase,5.0,2025-03-23 22:03:00
347,19,view,,2025-05-21 18:04:00
347,57,purchase,3.0,2025-05-22 03:15:00
347,82,purchase,3.0,2025-06-16 15:38:00
347,4,cart,,2025-06-21 13:35:00
347,40,view,,2025-07-13 17:27:00
347,84,view,,2025-07-17 03:50:00
347,42,purchase,4.0,2025-11-05 08:29:00
347,43,purchase,4.0,2025-11-05 14:29:00
347,42,view,,2025-12-19 00:05:00
347,45,purchase,4.0,2026-01-18 21:06:00
347,14,purchase,3.0,2026-01-21 23:44:00
347,46,purchase,5.0,2026-02-02 10:42:00
347,16,purchase,4.0,2026-02-09 12:42:00
347,42,purchase,5.0,2026-02-10 03:13:00
347,41,purchase,3.0,2026-03-17 21:01:00
347,49,view,,2026-03-24 18:25:00
347,39,cart,,2026-04-04 02:45:00
347,49,view,,2026-04-10 12:42:00
347,40,view,,2026-04-27 04:07:00
347,46,view,,2026-05-11 14:14:00
347,50,view,,2026-05-12 15:45:00
347,86,purchase,5.0,2026-07-04 09:14:00
347,85,cart,,2026-07-21 10:35:00
347,39,purchase,4.0,2026-09-05 17:03:00
347,38,purchase,5.0,2026-09-06 03:03:00
347,55,purchase,3.0,2026-09-19 03:44:00
347,53,purchase,5.0,2026-09-19 09:44:00
348,49,purchase,4.0,2025-01-20 22:21:00
348,76,purchase,3.0,2025-01-21 01:59:00
348,73,purchase,4.0,2025-02-08 12:11:00
348,84,view,,2025-02-17 12:25:00
348,10,view,,2025-04-10 02:15:00
348,50,view,,2025-05-18 14:56:00
348,29,view,,2025-06-16 11:32:00
348,56,view,,2025-07-03 11:58:00
348,50,purchase,4.0,2025-09-01 16:22:00
348,39,purchase,5.0,2025-09-02 17:56:00
348,40,purchase,4.0,2025-09-04 00:56:00
348,75,purchase,3.0,2025-09-21 15:53:00
348,6,view,,2025-11-15 09:15:00
348,46,cart,,2025-11-18 05:06:00
348,36,view,,2025-11-18 23:07:00
348,72,cart,,2026-02-15 08:09:00
348,3,purchase,4.0,2026-03-13 11:40:00
348,7,purchase,4.0,2026-03-14 11:40:00
348,40,purchase,3.0,2026-03-29 07:30:00
348,38,purchase,4.0,2026-04-03 08:12:00
348,4,view,,2026-04-05 22:14:00
348,40,purchase,3.0,2026-04-12 03:37:00
348,42,purchase,4.0,2026-04-13 14:37:00
348,10,view,,2026-05-01 12:16:00
348,46,view,,2026-07-10 11:18:00
348,50,purchase,5.0,2026-08-08 02:05:00
348,71,purchase,4.0,2026-08-25 04:50:00
348,45,view,,2026-09-12 06:32:00
348,42,purchase,3.0,2026-09-18 11:17:00
348,43,purchase,4.0,2026-09-19 12:17:00
349,34,purchase,5.0,2025-02-11 23:37:00
349,2,purchase,2.0,2025-04-23 15:34:00
349,1,view,,2025-04-25 10:14:00
349,32,cart,,2025-04-27 05:57:00
349,88,view,,2025-06-22 18:48:00
349,28,view,,2025-07-07 13:10:00
349,4,purchase,3.0,2025-07-31 01:10:00
349,18,purchase,4.0,2025-08-01 10:10:00
349,10,cart,,2025-11-29 11:11:00
349,8,view,,2025-12-21 04:19:00
349,9,purchase,3.0,2025-12-26 11:57:00
349,12,purchase,4.0,2025-12-26 16:57:00
349,11,view,,2026-03-01 01:30:00
349,1,view,,2026-04-13 05:07:00
349,19,view,,2026-05-12 19:34:00
349,27,purchase,5.0,2026-06-24 04:03:00
349,28,view,,2026-06-30 02:33:00
349,87,view,,2026-09-24 05:18:00
350,45,cart,,2025-01-06 09:15:00
350,40,purchase,5.0,2025-04-09 13:30:00
350,43,purchase,4.0,2025-04-10 07:30:00
350,16,purchase,4.0,2025-04-25 13:51:00
350,21,purchase,4.0,2025-04-28 05:31:00
350,72,cart,,2025-06-15 22:21:00
350,1,view,,2025-06-16 20:44:00
350,7,view,,2025-10-23 23:37:00
350,7,purchase,3.0,2025-12-06 10:58:00
350,5,purchase,4.0,2025-12-07 08:58:00
350,19,purchase,3.0,2026-01-28 03:03:00
350,22,purchase,3.0,2026-03-06 03:48:00
350,12,cart,,2026-04-04 13:20:00
350,2,view,,2026-04-30 19:38:00
350,50,purchase,4.0,2026-05-06 16:46:00
350,81,purchase,4.0,2026-07-12 17:34:00
350,16,purchase,4.0,2026-07-31 18:46:00
350,12,view,,2026-08-25 20:13:00
350,19,view,,2026-09-23 22:04:00
351,44,view,,2025-01-14 08:36:00
351,78,purchase,4.0,2025-01-16 08:18:00
351,2,purchase,3.0,2025-04-26 08:56:00
351,18,purchase,4.0,2025-04-26 16:56:00
351,39,view,,2025-05-14 11:41:00
351,81,purchase,5.0,2025-06-17 10:42:00
351,47,view,,2025-07-02 10:57:00
351,81,view,,2025-07-30 07:05:00
351,34,cart,,2025-08-07 15:12:00
351,39,view,,2025-08-24 11:43:00
351,38,view,,2025-09-09 05:30:00
351,41,purchase,5.0,2025-10-16 18:03:00
351,42,purchase,5.0,2025-10-17 10:03:00
351,63,purchase,3.0,2025-10-27 21:08:00
351,49,view,,2025-11-07 09:27:00
351,84,view,,2025-11-08 12:32:00
351,50,view,,2025-12-02 22:41:00
351,78,purchase,4.0,2025-12-19 07:34:00
351,44,purchase,5.0,2026-01-31 05:13:00
351,80,purchase,3.0,2026-02-04 08:18:00
351,87,purchase,4.0,2026-02-11 10:47:00
351,42,view,,2026-02-14 10:39:00
351,65,purchase,3.0,2026-03-28 14:26:00
351,68,purchase,5.0,2026-03-29 22:26:00
351,16,view,,2026-06-05 06:38:00
351,81,purchase,4.0,2026-07-27 13:02:00
351,83,cart,,2026-08-24 02:34:00
352,40,cart,,2025-01-21 13:50:00
352,71,view,,2025-01-23 02:59:00
352,43,view,,2025-04-01 11:07:00
352,47,purchase,5.0,2025-04-03 10:38:00
352,42,purchase,4.0,2025-04-05 14:18:00
352,41,purchase,4.0,2025-04-06 23:18:00
352,43,view,,2025-05-11 04:21:00
352,48,view,,2025-05-19 01:29:00
352,54,view,,2025-06-12 08:57:00
352,37,view,,2025-06-16 23:36:00
352,59,view,,2025-06-17 13:39:00
352,39,view,,2025-07-10 13:08:00
352,49,view,,2025-07-29 15:27:00
352,42,view,,2025-09-29 12:11:00
352,34,view,,2025-12-11 05:14:00
352,40,view,,2026-02-04 23:38:00
352,87,view,,2026-03-04 05:27:00
352,43,view,,2026-03-07 15:21:00
352,32,purchase,4.0,2026-04-07 20:46:00
352,48,view,,2026-05-26 15:47:00
352,81,purchase,2.0,2026-06-24 22:40:00
352,28,purchase,4.0,2026-07-08 04:16:00
353,90,cart,,2025-02-25 15:02:00
353,63,view,,2025-03-06 13:05:00
353,13,cart,,2025-05-25 04:48:00
353,81,purchase,4.0,2025-06-10 19:12:00
353,83,cart,,2025-07-22 10:45:00
353,87,view,,2025-09-03 03:46:00
353,86,view,,2025-09-08 16:25:00
353,26,view,,2025-10-02 09:25:00
353,84,purchase,5.0,2025-10-05 15:20:00
353,50,purchase,4.0,2025-10-26 18:06:00
353,87,view,,2025-12-09 15:06:00
353,61,purchase,3.0,2025-12-28 22:35:00
353,86,cart,,2026-03-22 14:32:00
353,64,cart,,2026-04-22 09:08:00
353,85,view,,2026-05-03 23:40:00
353,81,purchase,5.0,2026-05-25 12:21:00
353,81,view,,2026-08-07 17:08:00
353,84,view,,2026-08-28 07:56:00
353,66,purchase,3.0,2026-09-07 21:47:00
354,44,view,,2025-01-10 13:22:00
354,24,purchase,3.0,2025-01-17 04:45:00
354,79,view,,2025-03-18 08:53:00
354,35,view,,2025-05-16 11:30:00
354,44,view,,2025-05-30 17:43:00
354,46,cart,,2025-06-18 21:35:00
354,81,purchase,4.0,2025-08-04 04:14:00
354,70,view,,2025-08-15 13:25:00
354,50,view,,2025-08-22 23:16:00
354,48,purchase,3.0,2025-10-12 00:23:00
354,66,cart,,2025-10-24 13:44:00
354,41,view,,2025-11-22 18:25:00
354,84,cart,,2025-12-02 02:29:00
354,50,cart,,2026-01-10 16:02:00
354,75,cart,,2026-01-13 10:06:00
354,85,view,,2026-02-09 14:25:00
354,1,cart,,2026-03-16 17:06:00
354,50,view,,2026-04-02 03:27:00
354,33,cart,,2026-05-29 01:38:00
354,46,view,,2026-06-15 07:35:00
354,75,view,,2026-07-28 06:16:00
354,20,cart,,2026-09-15 06:55:00
355,16,purchase,4.0,2025-01-09 22:52:00
355,24,cart,,2025-02-05 09:42:00
355,55,view,,2025-02-06 17:56:00
355,83,purchase,3.0,2025-02-07 06:32:00
355,55,cart,,2025-02-13 20:27:00
355,52,view,,2025-02-14 08:09:00
355,19,cart,,2025-02-18 01:13:00
355,40,purchase,3.0,2025-02-18 05:27:00
355,38,purchase,3.0,2025-02-19 11:27:00
355,5,cart,,2025-03-15 07:21:00
355,14,view,,2025-04-24 13:55:00
355,64,view,,2025-05-09 01:31:00
355,35,view,,2025-05-16 04:08:00
355,35,view,,2025-06-08 08:19:00
355,67,purchase,3.0,2025-07-10 17:11:00
355,35,view,,2025-07-29 14:19:00
355,53,view,,2025-07-30 01:00:00
355,58,view,,2025-08-12 00:52:00
355,58,view,,2025-08-13 01:26:00
355,37,cart,,2025-09-26 07:56:00
355,20,view,,2025-10-10 06:49:00
355,35,purchase,5.0,2025-11-08 02:48:00
355,56,cart,,2025-11-26 10:31:00
355,78,cart,,2025-12-22 14:11:00
355,80,cart,,2026-01-14 16:38:00
355,56,view,,2026-04-10 23:53:00
355,29,view,,2026-05-03 16:36:00
355,52,view,,2026-05-10 23:39:00
355,10,view,,2026-06-02 23:21:00
355,29,purchase,4.0,2026-07-04 20:19:00
355,30,view,,2026-09-06 08:26:00
356,11,purchase,5.0,2025-01-01 10:02:00
356,1,purchase,4.0,2025-01-02 03:02:00
356,21,purchase,5.0,2025-01-19 06:11:00
356,10,cart,,2025-01-29 23:13:00
356,40,purchase,5.0,2025-04-11 03:49:00
356,42,purchase,4.0,2025-04-11 04:49:00
356,64,view,,2025-04-19 06:36:00
356,11,cart,,2025-07-04 17:59:00
356,50,view,,2025-07-27 12:42:00
356,16,purchase,3.0,2025-09-24 05:33:00
356,4,view,,2025-12-14 12:54:00
356,46,purchase,3.0,2026-01-22 10:03:00
356,19,purchase,4.0,2026-02-10 06:15:00
356,2,purchase,4.0,2026-03-03 16:06:00
356,8,purchase,4.0,2026-03-16 18:42:00
356,48,purchase,4.0,2026-06-06 01:38:00
357,10,cart,,2025-03-08 21:47:00
357,72,purchase,2.0,2025-03-31 17:11:00
357,8,purchase,4.0,2025-04-07 00:16:00
357,9,purchase,4.0,2025-04-07 07:16:00
357,7,purchase,3.0,2025-05-26 13:33:00
357,2,purchase,4.0,2025-05-27 07:33:00
357,27,view,,2025-06-30 04:01:00
357,4,view,,2025-08-06 03:39:00
357,81,purchase,3.0,2025-08-13 16:56:00
357,28,purchase,5.0,2025-08-18 05:58:00
357,16,purchase,3.0,2025-08-29 13:38:00
357,47,view,,2025-12-26 06:49:00
357,33,cart,,2026-02-01 07:39:00
357,9,purchase,3.0,2026-02-25 16:05:00
357,4,view,,2026-03-23 15:38:00
357,28,cart,,2026-05-18 00:30:00
357,8,view,,2026-08-10 20:48:00
358,12,purchase,4.0,2025-01-13 08:12:00
358,8,purchase,4.0,2025-01-13 11:12:00
358,20,cart,,2025-02-13 07:43:00
358,20,view,,2025-02-27 05:51:00
358,2,view,,2025-03-11 19:55:00
358,20,purchase,4.0,2025-05-24 00:16:00
358,28,purchase,3.0,2025-06-08 05:01:00
358,9,view,,2025-06-10 03:33:00
358,75,view,,2025-07-03 08:57:00
358,18,view,,2025-07-17 05:16:00
358,41,purchase,3.0,2025-08-26 12:07:00
358,43,purchase,4.0,2025-08-27 21:07:00
358,19,purchase,3.0,2025-09-11 23:24:00
358,74,view,,2025-11-19 10:15:00
358,44,view,,2025-11-27 23:17:00
358,52,cart,,2025-12-20 07:24:00
358,89,view,,2026-01-19 18:25:00
358,24,view,,2026-02-10 03:18:00
358,57,purchase,4.0,2026-02-13 14:38:00
358,84,cart,,2026-02-25 18:02:00
358,54,view,,2026-04-03 16:03:00
358,6,purchase,3.0,2026-04-19 22:30:00
358,18,purchase,4.0,2026-04-20 07:30:00
358,8,view,,2026-05-04 14:24:00
358,5,view,,2026-09-05 14:04:00
359,8,view,,2025-01-19 19:02:00
359,34,purchase,4.0,2025-02-18 05:29:00
359,8,purchase,5.0,2025-07-06 10:50:00
359,9,view,,2025-09-16 17:12:00
359,4,view,,2025-09-23 17:33:00
359,21,view,,2025-09-29 14:44:00
359,52,view,,2025-10-26 01:10:00
359,24,cart,,2025-11-10 17:36:00
359,24,purchase,3.0,2025-12-14 13:34:00
359,24,view,,2025-12-21 02:01:00
359,20,view,,2025-12-31 12:55:00
359,66,cart,,2026-03-12 17:35:00
359,87,cart,,2026-03-25 22:27:00
359,43,purchase,3.0,2026-07-02 18:54:00
359,38,purchase,5.0,2026-07-03 00:54:00
359,10,purchase,5.0,2026-07-10 06:17:00
359,36,purchase,3.0,2026-09-23 16:29:00
360,10,view,,2025-02-07 19:40:00
360,44,purchase,4.0,2025-02-22 03:37:00
360,25,cart,,2025-04-10 20:26:00
360,56,view,,2025-05-18 18:16:00
360,71,cart,,2025-06-06 23:09:00
360,59,purchase,4.0,2025-06-14 03:51:00
360,28,cart,,2025-06-19 19:52:00
360,66,view,,2025-06-26 08:45:00
360,59,purchase,4.0,2025-07-29 13:15:00
360,30,purchase,3.0,2025-07-30 06:12:00
360,28,purchase,3.0,2025-08-12 01:41:00
360,76,purchase,3.0,2025-09-07 16:43:00
360,55,view,,2025-10-12 01:47:00
360,52,view,,2025-10-31 11:10:00
360,20,cart,,2025-11-01 04:43:00
360,21,purchase,3.0,2025-11-19 22:04:00
360,60,view,,2025-12-18 10:43:00
360,60,cart,,2026-01-24 04:27:00
360,28,cart,,2026-02-20 22:55:00
360,52,view,,2026-03-10 16:30:00
360,75,purchase,4.0,2026-06-22 04:12:00
360,67,view,,2026-06-29 08:30:00
360,55,purchase,3.0,2026-08-08 12:55:00
360,62,purchase,5.0,2026-08-20 18:39:00
360,33,view,,2026-08-30 23:57:00
360,15,view,,2026-09-08 20:10:00
361,61,purchase,3.0,2025-02-06 20:59:00
361,78,view,,2025-02-12 00:41:00
361,53,view,,2025-04-16 17:42:00
361,38,purchase,3.0,2025-05-10 21:44:00
361,43,purchase,4.0,2025-05-12 07:44:00
361,55,purchase,3.0,2025-05-30 13:49:00
361,81,cart,,2025-06-03 21:57:00
361,55,purchase,3.0,2025-06-05 14:56:00
361,54,purchase,4.0,2025-06-06 19:56:00
361,81,purchase,5.0,2025-06-17 14:20:00
361,83,cart,,2025-06-19 02:36:00
361,37,cart,,2025-06-29 04:16:00
361,49,view,,2025-08-14 16:47:00
361,33,purchase,3.0,2025-09-27 16:21:00
361,64,view,,2025-10-09 14:41:00
361,79,purchase,5.0,2025-10-29 05:01:00
361,79,view,,2025-11-23 02:01:00
361,85,purchase,4.0,2025-11-26 02:02:00
361,40,view,,2025-12-23 02:59:00
361,84,cart,,2026-01-06 05:14:00
361,39,view,,2026-01-10 23:18:00
361,63,purchase,4.0,2026-04-23 04:16:00
361,28,cart,,2026-04-23 18:43:00
361,11,view,,2026-05-31 07:22:00
361,37,view,,2026-06-29 21:29:00
361,81,view,,2026-07-14 10:47:00
361,82,cart,,2026-08-14 06:37:00
362,87,purchase,5.0,2025-01-28 04:36:00
362,54,view,,2025-03-16 00:44:00
362,8,view,,2025-04-09 06:37:00
362,83,view,,2025-05-22 03:57:00
362,88,view,,2025-06-04 13:36:00
362,13,cart,,2025-06-16 21:49:00
362,28,view,,2025-07-28 01:34:00
362,63,view,,2025-09-08 06:49:00
362,64,view,,2025-09-09 01:04:00
362,4,view,,2025-11-07 02:00:00
362,15,purchase,3.0,2025-11-20 01:11:00
362,86,purchase,4.0,2025-11-22 14:33:00
362,33,purchase,3.0,2026-01-06 22:06:00
362,53,view,,2026-01-07 17:23:00
362,90,cart,,2026-01-25 16:31:00
362,33,cart,,2026-01-27 03:45:00
362,44,cart,,2026-01-29 20:04:00
362,45,cart,,2026-02-08 13:54:00
362,30,purchase,4.0,2026-03-01 23:07:00
362,84,purchase,5.0,2026-03-25 09:22:00
362,85,view,,2026-04-08 16:49:00
362,63,view,,2026-04-12 11:32:00
362,37,cart,,2026-05-24 12:22:00
362,52,view,,2026-05-25 02:32:00
362,81,purchase,5.0,2026-06-26 11:29:00
362,66,purchase,3.0,2026-07-19 04:00:00
362,88,view,,2026-07-22 17:54:00
362,62,view,,2026-09-14 17:00:00
363,33,purchase,3.0,2025-01-03 13:25:00
363,65,view,,2025-01-08 18:35:00
363,76,view,,2025-01-14 13:30:00
363,32,purchase,4.0,2025-01-19 10:57:00
363,26,purchase,3.0,2025-01-26 04:05:00
363,34,purchase,5.0,2025-03-10 03:53:00
363,72,purchase,5.0,2025-03-17 02:47:00
363,32,purchase,4.0,2025-04-21 01:58:00
363,32,view,,2025-05-26 13:30:00
363,71,cart,,2025-06-05 06:40:00
363,27,view,,2025-07-01 15:53:00
363,27,view,,2025-07-06 08:30:00
363,84,cart,,2025-07-16 07:43:00
363,46,purchase,3.0,2025-07-22 11:04:00
363,14,cart,,2025-08-15 08:42:00
363,69,purchase,3.0,2025-08-18 02:25:00
363,28,view,,2025-10-07 00:36:00
363,19,view,,2025-11-09 23:31:00
363,12,cart,,2025-12-19 02:34:00
363,34,cart,,2026-02-17 06:26:00
363,64,purchase,4.0,2026-04-02 09:44:00
363,71,purchase,4.0,2026-04-27 10:35:00
363,74,view,,2026-05-04 17:59:00
363,34,purchase,5.0,2026-05-28 17:00:00
363,16,view,,2026-06-13 14:33:00
363,36,cart,,2026-08-19 07:26:00
363,84,purchase,3.0,2026-09-12 22:52:00
363,30,view,,2026-09-22 01:58:00
364,43,purchase,4.0,2025-03-25 23:15:00
364,63,purchase,4.0,2025-05-17 09:58:00
364,56,purchase,3.0,2025-09-09 04:48:00
364,52,purchase,5.0,2025-09-10 07:48:00
364,57,cart,,2025-11-09 03:02:00
364,87,view,,2025-12-23 05:55:00
364,44,purchase,3.0,2026-01-27 18:33:00
364,80,purchase,3.0,2026-02-24 20:29:00
364,42,view,,2026-03-05 07:00:00
364,33,view,,2026-04-18 02:19:00
364,39,view,,2026-04-24 17:17:00
364,39,cart,,2026-05-27 18:51:00
364,43,view,,2026-07-28 01:19:00
365,26,purchase,3.0,2025-01-09 08:25:00
365,76,cart,,2025-01-10 23:15:00
365,71,view,,2025-01-31 05:18:00
365,5,view,,2025-03-09 15:15:00
365,70,purchase,3.0,2025-04-11 06:20:00
365,72,view,,2025-04-12 17:41:00
365,36,cart,,2025-04-16 21:22:00
365,1,view,,2025-04-30 00:58:00
365,45,purchase,3.0,2025-05-20 09:03:00
365,85,purchase,3.0,2025-07-25 13:53:00
365,38,purchase,4.0,2025-08-28 04:23:00
365,11,view,,2025-10-15 15:14:00
365,76,cart,,2025-10-17 08:44:00
365,69,cart,,2025-11-25 00:50:00
365,40,view,,2025-12-03 14:48:00
365,39,view,,2025-12-04 00:54:00
365,43,purchase,3.0,2025-12-19 04:49:00
365,42,purchase,4.0,2025-12-19 19:49:00
365,85,view,,2026-01-25 03:55:00
365,75,purchase,5.0,2026-02-11 01:13:00
365,74,cart,,2026-02-12 09:52:00
365,71,view,,2026-03-12 20:55:00
365,43,purchase,3.0,2026-03-25 07:19:00
365,3,purchase,3.0,2026-04-02 05:44:00
365,18,purchase,5.0,2026-04-03 15:44:00
365,85,purchase,3.0,2026-04-05 19:22:00
365,50,view,,2026-04-11 22:28:00
365,69,view,,2026-06-15 07:13:00
365,7,purchase,3.0,2026-08-10 01:07:00
365,10,purchase,5.0,2026-08-10 23:07:00
365,82,purchase,3.0,2026-08-28 18:15:00
365,72,cart,,2026-08-30 15:37:00
365,42,cart,,2026-09-18 23:56:00
365,16,cart,,2026-09-19 15:57:00
366,24,cart,,2025-01-10 19:02:00
366,34,purchase,3.0,2025-01-16 18:38:00
366,75,purchase,4.0,2025-01-30 21:18:00
366,29,purchase,5.0,2025-03-13 15:09:00
366,34,view,,2025-03-13 22:33:00
366,29,view,,2025-03-29 19:39:00
366,75,purchase,4.0,2025-04-07 04:48:00
366,5,purchase,3.0,2025-05-01 17:00:00
366,3,purchase,4.0,2025-05-02 12:00:00
366,12,cart,,2025-05-14 02:02:00
366,81,purchase,4.0,2025-06-02 18:08:00
366,46,purchase,3.0,2025-06-20 05:18:00
366,74,purchase,4.0,2025-07-07 07:10:00
366,74,purchase,5.0,2025-07-29 13:46:00
366,74,view,,2025-10-14 09:05:00
366,35,view,,2025-10-15 15:32:00
366,16,view,,2025-12-06 12:02:00
366,71,view,,2026-01-12 15:15:00
366,73,cart,,2026-02-09 14:04:00
366,34,view,,2026-02-10 04:56:00
366,70,purchase,3.0,2026-03-10 16:36:00
366,71,purchase,4.0,2026-03-12 23:00:00
366,56,view,,2026-04-04 13:20:00
366,71,purchase,5.0,2026-04-18 14:34:00
366,33,purchase,3.0,2026-04-26 17:03:00
366,24,view,,2026-06-17 02:01:00
366,32,view,,2026-06-23 03:37:00
366,72,view,,2026-06-23 13:23:00
366,73,purchase,3.0,2026-08-03 09:28:00
366,74,cart,,2026-08-12 16:36:00
366,59,cart,,2026-08-18 21:55:00
366,81,cart,,2026-08-26 18:46:00
367,43,purchase,3.0,2025-02-17 12:48:00
367,42,purchase,5.0,2025-02-18 06:48:00
367,43,purchase,3.0,2025-03-14 17:58:00
367,39,purchase,4.0,2025-03-16 00:58:00
367,18,view,,2025-05-03 11:17:00
367,36,purchase,2.0,2025-05-19 21:21:00
367,18,view,,2025-05-21 06:23:00
367,73,purchase,3.0,2025-06-06 17:47:00
367,69,purchase,3.0,2025-06-06 20:16:00
367,28,purchase,5.0,2025-06-09 01:45:00
367,7,view,,2025-06-15 16:01:00
367,47,purchase,4.0,2025-06-29 23:49:00
367,27,view,,2025-07-12 16:19:00
367,28,purchase,5.0,2025-07-31 06:11:00
367,63,cart,,2025-09-12 10:24:00
367,39,view,,2025-11-28 20:51:00
367,36,view,,2025-12-20 07:35:00
367,34,cart,,2025-12-30 11:25:00
367,90,view,,2026-01-12 14:10:00
367,70,view,,2026-03-31 19:51:00
367,58,cart,,2026-06-12 23:01:00
367,28,view,,2026-08-13 16:54:00
367,50,view,,2026-08-22 10:24:00
368,39,view,,2025-02-08 18:42:00
368,49,view,,2025-03-18 12:00:00
368,70,cart,,2025-04-15 14:15:00
368,76,purchase,4.0,2025-05-03 21:44:00
368,46,purchase,4.0,2025-05-27 20:43:00
368,76,view,,2025-06-14 19:25:00
368,46,cart,,2025-06-24 04:20:00
368,78,purchase,3.0,2025-09-01 09:47:00
368,35,purchase,3.0,2025-09-08 18:20:00
368,71,view,,2025-09-26 02:59:00
368,60,view,,2025-12-22 16:19:00
368,44,cart,,2025-12-30 08:35:00
368,24,view,,2026-01-12 13:31:00
368,76,view,,2026-01-25 22:01:00
368,18,view,,2026-02-22 20:48:00
368,57,view,,2026-03-26 08:49:00
368,73,purchase,4.0,2026-04-08 17:01:00
368,47,view,,2026-06-18 00:15:00
368,46,cart,,2026-07-01 17:12:00
368,1,view,,2026-08-23 03:18:00
368,8,view,,2026-09-17 21:50:00
368,43,cart,,2026-09-25 07:09:00
369,44,view,,2025-01-12 22:45:00
369,25,purchase,3.0,2025-01-17 01:00:00
369,48,purchase,4.0,2025-01-20 09:37:00
369,45,purchase,5.0,2025-02-27 08:22:00
369,84,purchase,4.0,2025-03-02 14:55:00
369,6,purchase,3.0,2025-03-03 16:34:00
369,4,purchase,4.0,2025-03-04 14:34:00
369,38,view,,2025-03-21 01:48:00
369,42,view,,2025-04-30 10:11:00
369,50,view,,2025-05-04 06:42:00
369,83,view,,2025-06-26 23:35:00
369,83,view,,2025-07-10 07:00:00
369,83,view,,2025-08-05 00:47:00
369,81,view,,2025-08-11 14:58:00
369,49,view,,2025-10-14 20:59:00
369,1,cart,,2025-10-25 19:43:00
369,87,cart,,2025-11-04 03:14:00
369,87,view,,2025-11-10 17:49:00
369,86,view,,2026-02-25 04:54:00
369,50,cart,,2026-03-29 03:28:00
369,66,view,,2026-04-11 12:40:00
369,72,view,,2026-04-28 19:19:00
369,5,view,,2026-06-11 20:54:00
369,81,purchase,4.0,2026-07-05 14:50:00
369,84,purchase,3.0,2026-09-24 09:56:00
370,12,view,,2025-01-24 23:50:00
370,40,view,,2025-03-12 21:13:00
370,10,cart,,2025-03-29 10:05:00
370,86,purchase,4.0,2025-05-17 00:16:00
370,6,cart,,2025-06-19 03:31:00
370,47,view,,2025-08-22 06:58:00
370,30,view,,2025-09-20 07:08:00
370,15,view,,2025-10-06 08:29:00
370,8,purchase,4.0,2025-11-02 22:55:00
370,3,purchase,4.0,2025-11-03 23:55:00
370,75,view,,2025-11-27 16:12:00
370,82,cart,,2025-12-29 04:35:00
370,18,purchase,4.0,2026-01-23 16:54:00
370,5,purchase,5.0,2026-01-23 21:54:00
370,19,purchase,3.0,2026-03-30 01:21:00
370,10,view,,2026-06-01 01:33:00
370,12,view,,2026-06-22 15:28:00
370,81,view,,2026-06-24 05:13:00
370,59,view,,2026-08-29 10:29:00
370,6,view,,2026-09-04 19:48:00
370,16,view,,2026-09-13 09:19:00
371,33,view,,2025-01-05 05:30:00
371,5,view,,2025-01-18 18:22:00
371,79,view,,2025-02-13 21:18:00
371,12,cart,,2025-04-28 13:45:00
371,13,view,,2025-06-22 07:33:00
371,86,purchase,3.0,2025-07-16 20:31:00
371,29,view,,2025-07-22 11:27:00
371,27,purchase,5.0,2025-08-25 18:26:00
371,7,view,,2025-08-29 16:11:00
371,18,view,,2025-09-22 07:42:00
371,86,cart,,2025-11-09 13:02:00
371,32,purchase,4.0,2025-11-29 04:49:00
371,34,view,,2025-12-12 00:07:00
371,32,purchase,5.0,2026-04-09 16:32:00
371,72,view,,2026-05-26 04:57:00
371,48,purchase,4.0,2026-06-02 12:28:00
371,58,cart,,2026-06-15 02:24:00
371,11,purchase,3.0,2026-07-08 15:42:00
371,18,purchase,5.0,2026-07-09 13:42:00
371,29,cart,,2026-07-24 04:01:00
371,36,cart,,2026-08-01 05:58:00
371,27,purchase,5.0,2026-08-07 03:32:00
372,24,cart,,2025-02-18 02:06:00
372,29,purchase,3.0,2025-04-19 01:25:00
372,48,view,,2025-05-20 09:28:00
372,2,purchase,4.0,2025-07-08 07:52:00
372,49,cart,,2025-09-07 22:09:00
372,32,cart,,2025-10-06 11:47:00
372,55,cart,,2025-10-26 11:41:00
372,49,cart,,2025-11-06 20:24:00
372,34,purchase,5.0,2025-12-17 20:46:00
372,43,cart,,2026-02-12 18:38:00
372,29,cart,,2026-03-25 10:30:00
372,81,view,,2026-04-27 05:11:00
372,48,cart,,2026-08-20 00:50:00
373,54,cart,,2025-03-22 22:42:00
373,75,purchase,3.0,2025-04-14 17:43:00
373,65,view,,2025-07-28 01:42:00
373,11,purchase,3.0,2025-08-15 23:03:00
373,5,purchase,5.0,2025-08-16 18:03:00
373,11,view,,2025-09-03 11:57:00
373,60,view,,2025-09-20 06:57:00
373,53,purchase,4.0,2025-09-24 11:41:00
373,49,view,,2025-10-01 10:34:00
373,39,cart,,2025-11-22 09:09:00
373,9,view,,2026-02-11 16:15:00
373,42,purchase,5.0,2026-04-20 02:42:00
373,41,purchase,4.0,2026-04-20 21:42:00
373,66,cart,,2026-05-17 15:11:00
373,56,purchase,3.0,2026-05-30 06:01:00
373,52,purchase,4.0,2026-05-30 08:01:00
373,41,view,,2026-06-07 19:00:00
373,54,cart,,2026-06-09 23:35:00
373,83,purchase,3.0,2026-06-11 11:20:00
373,52,view,,2026-07-05 19:23:00
373,46,view,,2026-07-09 07:41:00
373,40,purchase,4.0,2026-07-18 20:07:00
373,38,purchase,4.0,2026-07-19 00:07:00
373,41,cart,,2026-08-27 12:48:00
373,59,cart,,2026-08-31 12:13:00
373,64,purchase,3.0,2026-09-12 02:26:00
373,52,view,,2026-09-13 15:53:00
373,73,purchase,4.0,2026-09-16 18:59:00
373,40,purchase,3.0,2026-09-22 12:07:00
373,43,purchase,4.0,2026-09-23 22:07:00
374,45,cart,,2025-01-13 15:28:00
374,44,view,,2025-02-10 04:44:00
374,35,cart,,2025-03-14 21:53:00
374,43,view,,2025-03-18 17:13:00
374,76,cart,,2025-03-19 12:59:00
374,14,view,,2025-06-11 03:10:00
374,6,purchase,3.0,2025-06-22 23:08:00
374,73,view,,2025-07-10 12:36:00
374,50,purchase,3.0,2025-08-18 14:20:00
374,40,view,,2025-12-01 00:39:00
374,33,view,,2026-01-06 16:08:00
374,70,view,,2026-01-27 20:02:00
374,89,view,,2026-02-23 18:59:00
374,76,view,,2026-03-18 09:02:00
374,40,view,,2026-05-09 04:47:00
374,38,view,,2026-05-20 10:38:00
374,50,view,,2026-07-15 13:26:00
374,19,view,,2026-08-30 06:27:00
374,70,cart,,2026-09-13 14:44:00
374,11,purchase,4.0,2026-09-22 22:11:00
374,2,purchase,4.0,2026-09-23 05:11:00
375,14,view,,2025-02-26 11:09:00
375,22,purchase,4.0,2025-03-11 04:12:00
375,20,view,,2025-04-16 16:00:00
375,70,view,,2025-05-12 03:50:00
375,9,purchase,4.0,2025-06-04 13:40:00
375,18,purchase,4.0,2025-06-05 23:40:00
375,6,purchase,3.0,2025-06-18 07:37:00
375,3,purchase,3.0,2025-06-19 01:37:00
375,82,purchase,3.0,2025-07-07 13:55:00
375,4,purchase,5.0,2025-07-25 13:08:00
375,19,purchase,5.0,2025-08-18 15:11:00
375,59,purchase,4.0,2025-08-24 14:31:00
375,6,view,,2025-10-12 06:32:00
375,8,purchase,5.0,2025-10-30 14:07:00
375,21,purchase,4.0,2025-11-06 05:25:00
375,19,view,,2026-02-11 09:18:00
375,4,cart,,2026-03-09 05:09:00
375,18,view,,2026-03-17 12:49:00
375,14,view,,2026-04-16 18:42:00
375,74,purchase,4.0,2026-04-23 14:31:00
375,3,cart,,2026-09-22 02:20:00
376,18,purchase,3.0,2025-01-10 17:44:00
376,1,purchase,4.0,2025-01-12 04:44:00
376,45,view,,2025-01-12 21:38:00
376,76,cart,,2025-01-14 08:19:00
376,16,view,,2025-02-13 06:38:00
376,12,view,,2025-05-11 16:02:00
376,28,cart,,2025-06-01 22:41:00
376,20,purchase,5.0,2025-06-19 22:36:00
376,71,purchase,2.0,2025-07-02 09:35:00
376,3,view,,2025-08-01 15:41:00
376,16,view,,2025-09-28 19:51:00
376,9,view,,2025-10-27 17:52:00
376,52,purchase,3.0,2025-11-06 14:24:00
376,53,purchase,5.0,2025-11-07 11:24:00
376,60,view,,2025-12-02 03:47:00
376,60,purchase,3.0,2025-12-06 15:09:00
376,76,view,,2025-12-11 04:05:00
376,79,view,,2025-12-27 10:49:00
376,22,cart,,2026-01-18 13:45:00
376,73,purchase,4.0,2026-01-24 00:37:00
376,32,view,,2026-02-27 10:20:00
376,1,purchase,4.0,2026-05-04 07:31:00
376,71,cart,,2026-05-15 02:40:00
376,70,cart,,2026-05-24 15:32:00
376,16,view,,2026-05-31 17:28:00
376,71,view,,2026-07-17 21:26:00
376,46,purchase,3.0,2026-07-27 16:46:00
376,75,cart,,2026-08-09 04:23:00
376,17,view,,2026-08-20 02:11:00
376,7,cart,,2026-08-22 19:44:00
377,30,cart,,2025-01-13 07:55:00
377,54,view,,2025-03-14 22:08:00
377,64,view,,2025-03-28 09:53:00
377,71,purchase,5.0,2025-05-15 02:13:00
377,10,view,,2025-05-18 03:58:00
377,83,view,,2025-08-10 13:18:00
377,71,cart,,2025-08-25 00:19:00
377,60,purchase,3.0,2025-09-20 05:55:00
377,71,purchase,5.0,2025-11-18 14:29:00
377,71,cart,,2026-01-19 20:24:00
377,76,view,,2026-07-01 02:18:00
377,74,view,,2026-07-16 08:08:00
377,64,purchase,3.0,2026-07-24 09:22:00
377,59,view,,2026-07-31 20:43:00
377,27,purchase,4.0,2026-08-19 18:52:00
377,59,cart,,2026-08-28 22:16:00
378,80,view,,2025-01-01 01:09:00
378,24,view,,2025-01-29 02:50:00
378,85,cart,,2025-02-04 13:42:00
378,89,purchase,4.0,2025-03-06 06:26:00
378,71,purchase,3.0,2025-03-08 05:32:00
378,87,purchase,4.0,2025-04-05 16:24:00
378,81,purchase,5.0,2025-05-11 07:22:00
378,88,view,,2025-06-08 14:21:00
378,54,view,,2025-07-02 00:56:00
378,15,cart,,2025-07-06 23:28:00
378,37,view,,2025-07-18 02:01:00
378,40,purchase,4.0,2025-08-14 00:49:00
378,39,purchase,5.0,2025-08-14 17:49:00
378,70,cart,,2025-08-15 10:01:00
378,47,purchase,3.0,2025-08-20 21:04:00
378,36,cart,,2025-09-07 15:19:00
378,57,view,,2025-10-01 11:43:00
378,54,cart,,2025-12-11 06:38:00
378,78,view,,2025-12-30 05:26:00
378,90,cart,,2026-01-04 15:40:00
378,44,purchase,4.0,2026-01-28 12:04:00
378,20,cart,,2026-04-09 14:42:00
378,13,view,,2026-04-18 09:53:00
378,84,view,,2026-05-16 07:12:00
378,9,view,,2026-06-07 04:18:00
378,81,purchase,5.0,2026-06-26 07:00:00
378,73,purchase,4.0,2026-09-07 05:15:00
378,65,cart,,2026-09-15 11:42:00
379,64,purchase,5.0,2025-01-19 23:39:00
379,9,purchase,3.0,2025-01-21 07:01:00
379,10,purchase,4.0,2025-01-22 10:01:00
379,60,view,,2025-01-22 18:10:00
379,38,view,,2025-01-23 12:48:00
379,60,purchase,5.0,2025-01-31 22:02:00
379,18,purchase,3.0,2025-02-25 14:03:00
379,8,purchase,4.0,2025-02-27 01:03:00
379,6,view,,2025-03-14 19:16:00
379,64,view,,2025-04-01 03:51:00
379,21,purchase,4.0,2025-04-17 06:08:00
379,58,view,,2025-08-18 10:33:00
379,64,purchase,5.0,2025-10-12 21:41:00
379,10,view,,2025-10-24 15:17:00
379,54,purchase,3.0,2025-11-26 05:05:00
379,56,purchase,4.0,2025-11-27 02:05:00
379,37,view,,2025-12-26 21:15:00
379,4,purchase,4.0,2026-01-04 14:50:00
379,55,purchase,3.0,2026-01-10 10:03:00
379,53,purchase,4.0,2026-01-11 17:03:00
379,60,view,,2026-01-22 09:13:00
379,61,view,,2026-01-29 16:47:00
379,9,purchase,3.0,2026-03-02 21:09:00
379,6,purchase,4.0,2026-03-03 22:09:00
379,11,purchase,5.0,2026-03-12 12:02:00
379,5,purchase,4.0,2026-03-13 08:02:00
379,9,purchase,3.0,2026-03-26 20:15:00
379,7,purchase,4.0,2026-03-27 07:15:00
379,16,view,,2026-04-16 16:58:00
379,18,cart,,2026-05-20 01:46:00
379,11,view,,2026-05-25 18:56:00
379,84,view,,2026-07-15 13:27:00
379,53,view,,2026-08-13 12:43:00
379,14,purchase,5.0,2026-08-16 14:42:00
379,4,view,,2026-08-27 01:27:00
380,70,view,,2025-01-13 05:45:00
380,76,view,,2025-01-25 09:49:00
380,45,cart,,2025-01-25 13:52:00
380,80,view,,2025-02-02 11:48:00
380,36,view,,2025-02-03 20:29:00
380,44,purchase,4.0,2025-02-15 17:11:00
380,45,cart,,2025-02-28 13:13:00
380,50,purchase,4.0,2025-03-15 04:48:00
380,41,view,,2025-03-31 20:23:00
380,49,view,,2025-05-14 00:31:00
380,72,view,,2025-05-30 13:22:00
380,38,view,,2025-07-10 14:45:00
380,44,purchase,4.0,2025-07-28 22:42:00
380,39,purchase,4.0,2025-08-12 03:50:00
380,38,purchase,4.0,2025-08-12 06:50:00
380,39,cart,,2025-08-21 06:55:00
380,39,view,,2025-09-03 00:17:00
380,21,cart,,2025-09-08 05:55:00
380,44,cart,,2025-09-15 22:17:00
380,18,view,,2025-11-21 00:12:00
380,33,view,,2025-12-21 18:55:00
380,45,view,,2025-12-30 22:26:00
380,50,cart,,2026-03-20 02:44:00
380,39,view,,2026-06-14 08:39:00
380,4,view,,2026-07-28 21:30:00
380,45,view,,2026-09-09 17:17:00
381,26,cart,,2025-01-05 01:42:00
381,72,purchase,3.0,2025-01-23 11:44:00
381,52,view,,2025-01-28 18:21:00
381,36,purchase,5.0,2025-03-12 01:59:00
381,88,view,,2025-03-24 17:50:00
381,64,view,,2025-07-28 05:37:00
381,6,purchase,4.0,2025-08-22 04:24:00
381,7,purchase,5.0,2025-08-22 07:24:00
381,48,cart,,2025-08-25 04:32:00
381,81,purchase,3.0,2025-08-29 12:37:00
381,86,purchase,3.0,2025-09-08 14:22:00
381,38,view,,2025-10-31 11:04:00
381,56,purchase,5.0,2025-11-24 14:32:00
381,54,purchase,4.0,2025-11-25 21:32:00
381,80,view,,2025-11-30 19:19:00
381,24,cart,,2025-12-17 19:56:00
381,25,cart,,2025-12-22 17:30:00
381,61,view,,2025-12-30 12:31:00
381,30,view,,2026-02-03 05:15:00
381,36,view,,2026-03-16 16:09:00
381,44,view,,2026-03-16 17:52:00
381,3,purchase,5.0,2026-03-24 21:20:00
381,12,purchase,4.0,2026-03-26 06:20:00
381,84,view,,2026-04-13 17:05:00
381,52,view,,2026-04-17 03:12:00
381,74,view,,2026-05-09 13:40:00
381,59,view,,2026-07-17 17:18:00
381,54,purchase,3.0,2026-08-02 23:56:00
381,51,view,,2026-09-05 07:52:00
382,4,cart,,2025-03-03 20:41:00
382,3,purchase,3.0,2025-04-05 07:22:00
382,32,cart,,2025-05-01 07:52:00
382,35,purchase,3.0,2025-06-02 11:00:00
382,81,view,,2025-08-02 07:08:00
382,37,purchase,4.0,2025-10-26 08:10:00
382,19,purchase,4.0,2025-11-16 16:38:00
382,34,cart,,2026-01-20 07:36:00
382,10,purchase,3.0,2026-02-07 14:35:00
382,19,purchase,2.0,2026-04-12 08:27:00
382,1,cart,,2026-05-23 07:48:00
382,81,view,,2026-06-01 03:24:00
382,27,cart,,2026-07-14 20:43:00
382,1,view,,2026-08-08 02:51:00
382,88,purchase,3.0,2026-08-16 13:17:00
383,74,cart,,2025-01-30 23:45:00
383,61,purchase,3.0,2025-02-15 06:26:00
383,64,cart,,2025-03-18 02:42:00
383,73,cart,,2025-04-16 23:09:00
383,48,view,,2025-05-06 09:58:00
383,38,view,,2025-05-18 00:01:00
383,41,cart,,2025-06-05 10:01:00
383,49,purchase,4.0,2025-09-04 00:29:00
383,40,purchase,4.0,2025-10-01 07:17:00
383,42,purchase,4.0,2025-10-02 17:17:00
383,29,purchase,4.0,2025-10-29 22:41:00
383,73,view,,2025-11-28 19:03:00
383,72,purchase,4.0,2025-12-22 10:01:00
383,71,view,,2025-12-29 08:06:00
383,50,purchase,5.0,2026-01-22 14:00:00
383,39,purchase,5.0,2026-01-31 15:00:00
383,43,purchase,4.0,2026-01-31 19:00:00
383,38,view,,2026-03-30 18:12:00
383,76,view,,2026-07-21 13:01:00
384,81,purchase,4.0,2025-01-05 07:11:00
384,48,purchase,4.0,2025-01-11 17:34:00
384,90,cart,,2025-02-01 18:27:00
384,36,purchase,3.0,2025-03-21 00:44:00
384,9,purchase,3.0,2025-04-14 18:13:00
384,10,purchase,4.0,2025-04-16 00:13:00
384,76,view,,2025-05-18 17:04:00
384,83,cart,,2025-07-22 14:44:00
384,85,purchase,4.0,2025-11-27 13:31:00
384,73,view,,2025-12-02 19:12:00
384,52,purchase,3.0,2025-12-06 02:29:00
384,79,purchase,5.0,2026-01-04 09:25:00
384,78,view,,2026-01-14 06:29:00
384,56,cart,,2026-02-22 20:17:00
384,39,view,,2026-04-02 04:03:00
384,28,view,,2026-06-16 01:27:00
384,27,view,,2026-07-07 22:11:00
384,82,purchase,4.0,2026-07-27 09:30:00
384,88,cart,,2026-07-29 19:05:00
384,29,purchase,3.0,2026-09-06 05:35:00
385,15,view,,2025-01-03 10:21:00
385,10,purchase,5.0,2025-01-31 06:18:00
385,35,view,,2025-04-19 15:02:00
385,1,view,,2025-04-26 13:16:00
385,2,purchase,5.0,2025-05-31 13:56:00
385,12,purchase,4.0,2025-06-01 20:56:00
385,14,cart,,2025-11-01 15:48:00
385,8,purchase,3.0,2025-12-14 23:58:00
385,13,view,,2026-05-02 02:33:00
385,76,purchase,3.0,2026-05-09 06:37:00
385,9,cart,,2026-05-11 10:01:00
385,73,purchase,3.0,2026-05-22 01:42:00
385,74,purchase,5.0,2026-05-26 19:38:00
385,11,view,,2026-07-03 09:18:00
385,75,cart,,2026-07-13 04:00:00
385,56,purchase,4.0,2026-07-27 12:25:00
385,55,purchase,4.0,2026-07-28 06:25:00
386,48,view,,2025-01-07 17:06:00
386,78,view,,2025-01-10 15:44:00
386,70,view,,2025-01-19 01:13:00
386,48,cart,,2025-01-28 20:59:00
386,44,view,,2025-02-21 06:55:00
386,47,purchase,4.0,2025-03-29 08:45:00
386,40,purchase,5.0,2025-05-18 19:09:00
386,39,purchase,4.0,2025-05-19 08:09:00
386,83,view,,2025-06-06 21:02:00
386,24,view,,2025-07-02 21:29:00
386,39,view,,2025-07-15 10:55:00
386,39,view,,2025-08-22 08:24:00
386,21,purchase,4.0,2025-09-25 19:40:00
386,33,view,,2025-09-26 06:13:00
386,86,view,,2025-10-18 15:26:00
386,44,view,,2025-12-07 05:39:00
386,2,purchase,4.0,2026-01-14 05:02:00
386,4,purchase,4.0,2026-01-14 18:02:00
386,73,cart,,2026-01-19 13:09:00
386,40,cart,,2026-01-27 20:45:00
386,76,cart,,2026-02-21 06:59:00
386,71,view,,2026-04-28 17:25:00
386,4,purchase,4.0,2026-05-06 00:30:00
386,11,purchase,4.0,2026-05-22 16:45:00
386,7,purchase,5.0,2026-05-23 19:45:00
386,40,cart,,2026-05-26 09:22:00
386,28,view,,2026-06-19 01:47:00
386,47,view,,2026-07-23 13:17:00
386,45,cart,,2026-07-27 05:44:00
386,50,view,,2026-08-20 15:13:00
386,51,purchase,5.0,2026-08-21 01:02:00
386,47,view,,2026-08-25 08:13:00
386,47,view,,2026-08-26 05:39:00
386,50,purchase,4.0,2026-09-07 07:32:00
386,51,view,,2026-09-26 00:11:00
387,9,purchase,3.0,2025-01-07 06:15:00
387,8,purchase,4.0,2025-01-08 09:15:00
387,2,view,,2025-01-21 04:29:00
387,76,purchase,3.0,2025-01-22 15:26:00
387,45,cart,,2025-02-05 18:34:00
387,60,purchase,3.0,2025-02-16 17:57:00
387,22,view,,2025-03-27 13:22:00
387,65,view,,2025-03-28 20:57:00
387,32,cart,,2025-04-03 20:22:00
387,35,view,,2025-05-27 06:40:00
387,4,view,,2025-05-30 15:02:00
387,28,purchase,3.0,2025-06-11 01:41:00
387,86,purchase,4.0,2025-08-02 01:54:00
387,37,view,,2025-09-24 10:36:00
387,86,purchase,5.0,2025-10-10 16:53:00
387,84,purchase,4.0,2025-10-26 14:01:00
387,80,view,,2025-11-14 03:56:00
387,89,cart,,2026-01-08 17:44:00
387,34,cart,,2026-01-20 14:34:00
387,32,view,,2026-03-28 18:08:00
387,8,purchase,3.0,2026-05-03 14:41:00
387,2,purchase,5.0,2026-05-04 09:41:00
387,81,view,,2026-07-12 20:43:00
388,63,purchase,3.0,2025-01-03 07:42:00
388,53,view,,2025-01-06 12:58:00
388,5,cart,,2025-01-09 22:04:00
388,44,cart,,2025-01-29 03:38:00
388,44,cart,,2025-02-13 00:49:00
388,53,view,,2025-05-28 13:48:00
388,59,purchase,5.0,2025-07-29 16:42:00
388,59,view,,2025-07-30 07:09:00
388,56,view,,2025-08-02 03:56:00
388,15,view,,2025-09-12 16:53:00
388,38,view,,2025-09-14 16:32:00
388,20,purchase,5.0,2025-10-09 22:40:00
388,41,view,,2025-11-20 20:44:00
388,83,view,,2025-11-25 17:27:00
388,64,purchase,4.0,2025-12-01 00:28:00
388,61,purchase,4.0,2025-12-23 06:13:00
388,56,view,,2026-01-05 15:43:00
388,46,cart,,2026-01-12 11:09:00
388,66,cart,,2026-01-17 01:14:00
388,40,cart,,2026-02-11 13:33:00
388,24,cart,,2026-02-16 18:13:00
388,40,cart,,2026-03-11 17:25:00
388,64,purchase,4.0,2026-03-24 22:09:00
388,67,purchase,3.0,2026-03-31 03:32:00
388,54,view,,2026-04-23 22:54:00
388,50,purchase,3.0,2026-05-22 12:36:00
388,59,purchase,5.0,2026-07-02 07:20:00
388,59,cart,,2026-07-14 20:38:00
388,70,purchase,3.0,2026-08-02 02:28:00
388,59,view,,2026-08-09 00:39:00
388,46,view,,2026-08-18 17:31:00
388,60,purchase,5.0,2026-09-06 17:27:00
388,50,purchase,2.0,2026-09-29 02:10:00
389,60,cart,,2025-01-27 01:35:00
389,32,purchase,3.0,2025-01-29 12:07:00
389,37,purchase,5.0,2025-02-13 17:31:00
389,37,view,,2025-02-22 10:25:00
389,24,purchase,4.0,2025-02-28 09:46:00
389,36,view,,2025-03-07 14:16:00
389,29,cart,,2025-03-08 08:25:00
389,26,view,,2025-03-16 19:24:00
389,35,view,,2025-04-08 16:28:00
389,82,cart,,2025-04-11 23:36:00
389,56,purchase,4.0,2025-05-22 02:02:00
389,54,purchase,4.0,2025-05-22 09:02:00
389,71,purchase,3.0,2025-05-26 10:24:00
389,56,cart,,2025-05-29 20:37:00
389,30,purchase,4.0,2025-06-18 16:08:00
389,82,view,,2025-07-10 18:36:00
389,71,purchase,3.0,2025-08-21 11:14:00
389,35,purchase,5.0,2025-09-07 09:21:00
389,6,view,,2025-09-12 18:04:00
389,36,purchase,4.0,2025-10-01 11:14:00
389,30,view,,2025-10-08 09:46:00
389,22,view,,2025-11-29 09:32:00
389,26,purchase,4.0,2025-12-30 02:57:00
389,80,view,,2026-01-07 18:50:00
389,54,view,,2026-01-13 20:26:00
389,21,view,,2026-01-27 00:41:00
389,15,purchase,3.0,2026-03-08 09:39:00
389,39,purchase,2.0,2026-05-18 16:06:00
389,42,purchase,4.0,2026-05-19 05:06:00
389,36,view,,2026-05-25 03:36:00
389,62,purchase,4.0,2026-08-30 07:15:00
390,6,view,,2025-01-26 19:23:00
390,60,view,,2025-02-03 02:29:00
390,18,view,,2025-05-25 10:07:00
390,56,view,,2025-06-15 11:37:00
390,6,purchase,5.0,2025-07-17 15:06:00
390,20,view,,2025-07-28 23:00:00
390,30,purchase,3.0,2025-08-20 10:43:00
390,13,purchase,5.0,2025-10-08 08:20:00
390,16,view,,2025-10-10 21:35:00
390,14,cart,,2025-11-19 17:46:00
390,55,view,,2026-01-15 11:00:00
390,7,purchase,4.0,2026-01-21 22:18:00
390,4,purchase,4.0,2026-01-22 20:18:00
390,54,view,,2026-02-07 07:15:00
390,55,cart,,2026-03-05 05:46:00
390,21,cart,,2026-04-27 00:30:00
390,50,cart,,2026-05-20 01:57:00
390,49,cart,,2026-06-06 20:44:00
390,11,purchase,3.0,2026-06-13 01:48:00
390,2,purchase,5.0,2026-06-13 18:48:00
390,3,cart,,2026-07-31 18:21:00
390,90,view,,2026-08-28 01:45:00
390,2,cart,,2026-09-22 05:31:00
391,89,cart,,2025-02-25 02:59:00
391,73,cart,,2025-03-16 09:19:00
391,63,cart,,2025-04-02 20:33:00
391,85,cart,,2025-04-12 12:48:00
391,78,purchase,5.0,2025-05-01 17:50:00
391,1,view,,2025-05-29 19:50:00
391,28,purchase,3.0,2025-06-09 06:53:00
391,83,cart,,2025-06-25 05:38:00
391,83,view,,2025-07-01 13:55:00
391,6,view,,2025-07-27 11:30:00
391,87,cart,,2025-08-01 21:39:00
391,87,purchase,5.0,2025-08-04 04:22:00
391,22,view,,2025-08-08 10:08:00
391,81,cart,,2025-08-21 01:10:00
391,14,purchase,3.0,2025-11-06 08:43:00
391,78,purchase,5.0,2025-11-18 14:05:00
391,84,purchase,5.0,2025-12-28 19:10:00
391,10,view,,2026-01-13 20:15:00
391,3,cart,,2026-01-15 00:01:00
391,84,purchase,4.0,2026-01-17 20:55:00
391,26,view,,2026-01-23 16:28:00
391,86,view,,2026-03-28 04:50:00
391,5,view,,2026-04-19 05:10:00
391,52,purchase,3.0,2026-04-28 18:38:00
391,54,purchase,4.0,2026-04-29 22:38:00
391,14,purchase,3.0,2026-05-24 16:39:00
391,87,view,,2026-05-27 04:56:00
391,2,view,,2026-06-19 10:30:00
391,3,view,,2026-08-07 20:36:00
391,84,purchase,4.0,2026-09-11 00:29:00
392,12,view,,2025-03-04 01:38:00
392,3,view,,2025-03-10 21:21:00
392,53,view,,2025-03-20 12:39:00
392,19,purchase,4.0,2025-03-23 14:16:00
392,29,cart,,2025-07-28 16:11:00
392,2,purchase,3.0,2025-11-16 08:16:00
392,9,purchase,4.0,2025-11-16 19:16:00
392,11,view,,2025-11-18 05:37:00
392,29,view,,2026-02-08 12:27:00
392,4,purchase,5.0,2026-04-17 01:48:00
392,1,purchase,5.0,2026-04-18 06:48:00
392,9,view,,2026-06-07 07:05:00
392,35,purchase,5.0,2026-08-17 14:14:00
392,88,view,,2026-08-30 22:37:00
393,89,view,,2025-01-17 04:03:00
393,90,purchase,5.0,2025-01-23 04:39:00
393,25,view,,2025-01-28 00:59:00
393,15,cart,,2025-03-15 16:33:00
393,76,purchase,3.0,2025-03-20 21:48:00
393,86,cart,,2025-04-09 10:46:00
393,32,cart,,2025-05-13 14:53:00
393,38,purchase,3.0,2025-05-17 23:36:00
393,39,purchase,3.0,2025-05-19 07:36:00
393,27,purchase,5.0,2025-06-04 18:13:00
393,64,cart,,2025-06-06 05:55:00
393,35,purchase,2.0,2025-06-14 18:37:00
393,28,purchase,5.0,2025-08-01 09:30:00
393,10,purchase,3.0,2025-08-16 23:01:00
393,5,purchase,4.0,2025-08-17 00:01:00
393,27,purchase,4.0,2025-08-24 22:11:00
393,33,cart,,2025-09-13 00:59:00
393,19,cart,,2025-10-22 21:15:00
393,9,purchase,3.0,2025-10-24 05:45:00
393,3,purchase,4.0,2025-10-25 12:45:00
393,10,purchase,3.0,2025-11-23 11:37:00
393,34,cart,,2025-12-07 17:58:00
393,80,purchase,3.0,2025-12-12 02:57:00
393,79,view,,2025-12-23 00:23:00
393,78,cart,,2026-01-20 09:48:00
393,35,view,,2026-02-06 13:57:00
393,33,purchase,5.0,2026-02-21 14:05:00
393,33,view,,2026-03-10 22:51:00
393,6,view,,2026-03-17 06:06:00
393,84,purchase,4.0,2026-03-28 17:05:00
393,87,view,,2026-05-01 04:35:00
393,33,view,,2026-05-17 10:47:00
393,30,purchase,4.0,2026-07-08 12:45:00
393,11,purchase,3.0,2026-09-07 10:18:00
393,8,purchase,4.0,2026-09-08 19:18:00
393,40,view,,2026-09-27 04:13:00
394,60,view,,2025-01-10 16:29:00
394,86,purchase,4.0,2025-02-10 00:33:00
394,57,view,,2025-03-05 05:44:00
394,43,cart,,2025-03-20 17:18:00
394,50,cart,,2025-03-28 05:00:00
394,48,cart,,2025-03-29 05:27:00
394,35,view,,2025-04-13 17:59:00
394,71,purchase,4.0,2025-05-30 00:31:00
394,87,view,,2025-06-10 07:44:00
394,73,view,,2025-07-06 12:51:00
394,30,view,,2025-08-03 01:38:00
394,46,purchase,3.0,2025-08-07 15:39:00
394,5,view,,2025-09-01 10:11:00
394,76,purchase,4.0,2025-09-28 07:27:00
394,6,cart,,2025-10-06 13:39:00
394,39,purchase,4.0,2026-01-04 00:55:00
394,42,cart,,2026-01-27 14:26:00
394,74,purchase,5.0,2026-03-09 11:07:00
394,74,purchase,5.0,2026-03-17 01:24:00
394,73,view,,2026-04-11 18:51:00
394,52,purchase,3.0,2026-04-23 10:53:00
394,54,purchase,4.0,2026-04-24 07:53:00
394,43,purchase,4.0,2026-05-10 01:38:00
394,41,purchase,5.0,2026-05-11 05:38:00
394,75,view,,2026-05-25 08:37:00
394,82,view,,2026-06-17 17:53:00
394,81,purchase,4.0,2026-07-19 10:46:00
394,48,view,,2026-07-24 09:17:00
394,74,view,,2026-08-03 01:00:00
394,40,view,,2026-08-08 01:32:00
395,49,cart,,2025-01-22 04:53:00
395,45,view,,2025-02-18 07:43:00
395,34,purchase,4.0,2025-02-27 15:51:00
395,5,cart,,2025-03-07 22:48:00
395,43,view,,2025-03-20 05:19:00
395,49,cart,,2025-03-21 00:50:00
395,50,view,,2025-05-08 10:11:00
395,22,cart,,2025-05-25 16:44:00
395,88,purchase,3.0,2025-06-25 15:47:00
395,48,cart,,2025-09-08 22:48:00
395,50,purchase,3.0,2025-10-24 04:59:00
395,16,purchase,3.0,2025-10-31 18:54:00
395,26,view,,2025-11-22 18:34:00
395,24,view,,2025-12-29 19:51:00
395,75,purchase,3.0,2026-01-23 21:39:00
395,43,purchase,4.0,2026-03-11 07:10:00
395,49,cart,,2026-03-22 07:25:00
395,37,purchase,3.0,2026-04-06 10:50:00
395,25,view,,2026-04-08 08:23:00
395,66,purchase,3.0,2026-04-24 03:16:00
395,48,cart,,2026-05-14 07:54:00
395,43,purchase,5.0,2026-05-17 09:02:00
395,39,purchase,5.0,2026-05-17 22:02:00
395,40,view,,2026-05-23 18:11:00
395,72,view,,2026-06-29 00:12:00
395,42,purchase,3.0,2026-07-12 18:01:00
395,38,purchase,4.0,2026-07-13 02:01:00
395,29,purchase,3.0,2026-07-17 18:41:00
395,47,view,,2026-07-28 03:11:00
395,75,purchase,3.0,2026-08-01 22:52:00
395,43,purchase,4.0,2026-08-06 17:22:00
395,41,purchase,4.0,2026-08-07 21:22:00
395,42,purchase,3.0,2026-09-08 16:49:00
396,78,purchase,5.0,2025-01-14 16:00:00
396,21,view,,2025-01-23 05:17:00
396,78,purchase,4.0,2025-01-24 23:55:00
396,80,view,,2025-01-28 09:43:00
396,89,purchase,4.0,2025-02-28 07:26:00
396,87,view,,2025-03-02 16:22:00
396,63,purchase,3.0,2025-04-06 23:23:00
396,58,view,,2025-06-01 07:42:00
396,55,view,,2025-06-17 04:49:00
396,59,view,,2025-06-27 18:45:00
396,22,purchase,4.0,2025-07-11 11:27:00
396,27,cart,,2025-07-18 17:25:00
396,82,purchase,3.0,2025-07-28 10:53:00
396,55,purchase,3.0,2025-08-08 00:51:00
396,56,purchase,4.0,2025-08-08 17:51:00
396,83,purchase,4.0,2025-08-14 08:40:00
396,82,purchase,3.0,2025-08-14 20:32:00
396,81,view,,2025-08-17 22:27:00
396,84,cart,,2025-09-24 08:44:00
396,89,view,,2025-12-27 16:38:00
396,78,cart,,2026-02-08 02:18:00
396,25,cart,,2026-02-27 05:12:00
396,53,cart,,2026-03-19 16:45:00
396,32,purchase,3.0,2026-04-20 00:59:00
396,82,view,,2026-06-04 17:55:00
396,63,purchase,3.0,2026-07-05 23:06:00
396,80,purchase,5.0,2026-07-11 01:42:00
396,62,view,,2026-08-02 13:58:00
396,88,purchase,3.0,2026-08-08 08:29:00
396,87,view,,2026-09-01 15:26:00
396,84,purchase,5.0,2026-09-05 21:29:00
396,84,view,,2026-09-28 01:56:00
397,26,purchase,5.0,2025-02-09 06:33:00
397,29,purchase,4.0,2025-02-25 20:15:00
397,26,purchase,5.0,2025-03-09 22:20:00
397,36,purchase,4.0,2025-03-14 10:50:00
397,27,view,,2025-03-23 05:34:00
397,89,cart,,2025-05-18 03:50:00
397,58,view,,2025-07-26 12:53:00
397,33,view,,2025-08-12 16:08:00
397,72,purchase,3.0,2025-08-22 14:09:00
397,64,view,,2025-08-28 15:37:00
397,11,purchase,2.0,2025-11-09 00:36:00
397,7,purchase,4.0,2025-11-10 02:36:00
397,49,purchase,3.0,2025-11-21 01:07:00
397,61,purchase,3.0,2026-02-08 06:18:00
397,88,cart,,2026-03-14 21:35:00
397,26,view,,2026-03-17 12:05:00
397,27,cart,,2026-06-13 08:02:00
397,35,cart,,2026-06-24 15:58:00
397,49,cart,,2026-07-11 10:17:00
397,32,view,,2026-07-14 03:26:00
397,57,view,,2026-07-26 12:19:00
397,83,purchase,3.0,2026-08-05 16:44:00
397,26,purchase,4.0,2026-08-10 21:53:00
397,52,view,,2026-09-12 08:49:00
397,62,purchase,3.0,2026-09-25 04:05:00
398,42,view,,2025-01-03 05:38:00
398,85,purchase,5.0,2025-01-17 14:11:00
398,79,purchase,4.0,2025-02-14 00:23:00
398,11,view,,2025-03-18 22:51:00
398,32,view,,2025-04-23 16:55:00
398,39,cart,,2025-04-30 21:43:00
398,15,cart,,2025-05-11 00:30:00
398,12,purchase,4.0,2025-05-18 06:35:00
398,18,purchase,4.0,2025-05-18 17:35:00
398,58,purchase,3.0,2025-06-07 10:46:00
398,46,purchase,4.0,2025-06-28 18:29:00
398,74,cart,,2025-07-30 15:34:00
398,53,view,,2025-09-07 10:01:00
398,64,purchase,4.0,2025-09-25 07:19:00
398,72,cart,,2025-10-01 07:56:00
398,43,view,,2025-11-29 08:48:00
398,50,purchase,3.0,2025-12-16 16:32:00
398,44,view,,2025-12-19 20:50:00
398,20,purchase,3.0,2026-02-01 11:26:00
398,32,purchase,3.0,2026-03-06 21:38:00
398,81,view,,2026-03-14 07:11:00
398,87,view,,2026-03-15 20:36:00
398,85,purchase,5.0,2026-05-06 00:01:00
398,10,purchase,5.0,2026-05-07 17:59:00
398,1,purchase,5.0,2026-05-08 01:59:00
398,46,view,,2026-06-01 22:47:00
398,46,cart,,2026-06-17 06:39:00
398,59,purchase,3.0,2026-06-23 16:21:00
398,46,purchase,3.0,2026-07-15 01:47:00
398,89,view,,2026-07-26 20:25:00
398,56,purchase,3.0,2026-08-26 11:43:00
398,55,purchase,5.0,2026-08-27 09:43:00
398,84,view,,2026-09-20 10:11:00
399,36,purchase,3.0,2025-03-09 16:38:00
399,35,cart,,2025-04-04 09:57:00
399,35,view,,2025-05-10 00:48:00
399,37,purchase,5.0,2025-05-13 00:19:00
399,86,purchase,5.0,2025-06-26 06:35:00
399,83,cart,,2025-07-06 12:15:00
399,37,purchase,5.0,2025-08-01 07:59:00
399,85,view,,2025-08-04 23:52:00
399,85,view,,2025-10-12 05:33:00
399,7,purchase,3.0,2025-12-10 09:47:00
399,4,purchase,4.0,2025-12-11 07:47:00
399,79,view,,2025-12-18 09:32:00
399,35,cart,,2026-02-09 06:34:00
399,84,view,,2026-03-03 21:11:00
399,37,purchase,5.0,2026-03-30 06:04:00
399,29,purchase,5.0,2026-05-10 00:15:00
399,59,view,,2026-09-02 12:21:00
400,54,view,,2025-02-18 22:06:00
400,5,view,,2025-03-08 21:09:00
400,72,cart,,2025-03-22 16:41:00
400,74,cart,,2025-04-28 23:58:00
400,70,view,,2025-06-08 07:16:00
400,45,purchase,3.0,2025-11-06 21:13:00
400,54,purchase,5.0,2025-12-13 00:48:00
400,57,purchase,4.0,2025-12-14 05:48:00
400,36,cart,,2026-01-05 17:56:00
400,70,view,,2026-02-12 06:56:00
400,45,purchase,3.0,2026-03-28 23:05:00
400,71,cart,,2026-04-12 13:36:00
400,59,view,,2026-06-19 04:44:00
400,74,view,,2026-08-10 07:33:00
401,90,purchase,4.0,2025-01-08 19:19:00
401,26,view,,2025-02-01 10:05:00
401,78,view,,2025-02-12 15:32:00
401,44,purchase,4.0,2025-02-13 07:10:00
401,85,purchase,3.0,2025-03-02 22:28:00
401,25,purchase,4.0,2025-03-20 04:24:00
401,33,view,,2025-05-19 03:18:00
401,4,cart,,2025-06-13 22:32:00
401,29,purchase,4.0,2025-07-19 12:10:00
401,81,view,,2025-10-07 09:37:00
401,42,view,,2025-11-15 19:34:00
401,36,view,,2025-11-25 06:46:00
401,84,view,,2026-01-09 07:05:00
401,34,purchase,4.0,2026-01-23 01:15:00
401,90,view,,2026-02-27 12:26:00
401,52,purchase,3.0,2026-04-13 18:01:00
401,27,view,,2026-06-03 23:40:00
401,81,view,,2026-06-19 12:39:00
401,13,view,,2026-07-05 01:47:00
401,33,purchase,4.0,2026-07-08 04:34:00
401,81,view,,2026-08-07 06:45:00
401,30,purchase,3.0,2026-08-15 21:26:00
402,64,view,,2025-01-21 09:23:00
402,45,view,,2025-02-20 21:42:00
402,43,cart,,2025-02-27 17:41:00
402,56,view,,2025-05-13 03:15:00
402,40,cart,,2025-05-23 05:25:00
402,55,view,,2025-07-16 09:00:00
402,58,purchase,4.0,2025-08-31 19:18:00
402,63,view,,2025-09-14 15:41:00
402,34,cart,,2026-01-24 09:26:00
402,50,view,,2026-02-20 20:03:00
402,56,purchase,4.0,2026-02-23 07:48:00
402,55,purchase,4.0,2026-02-24 00:48:00
402,65,purchase,4.0,2026-04-28 21:48:00
402,68,purchase,4.0,2026-04-30 02:48:00
402,4,cart,,2026-05-05 17:18:00
402,46,purchase,3.0,2026-06-21 16:46:00
402,85,purchase,3.0,2026-06-29 02:06:00
402,47,purchase,5.0,2026-08-09 03:32:00
402,50,purchase,4.0,2026-09-03 23:36:00
403,2,cart,,2025-02-06 15:09:00
403,2,view,,2025-04-04 16:18:00
403,6,purchase,4.0,2025-07-27 10:36:00
403,5,purchase,4.0,2025-07-28 07:36:00
403,73,view,,2025-08-03 04:45:00
403,86,cart,,2025-08-17 11:05:00
403,86,view,,2025-08-28 01:13:00
403,11,view,,2025-12-06 23:55:00
403,44,purchase,3.0,2025-12-19 02:07:00
403,89,view,,2026-01-19 03:23:00
403,87,view,,2026-01-24 03:17:00
403,86,view,,2026-03-12 04:55:00
403,9,cart,,2026-05-07 04:24:00
403,82,view,,2026-06-15 15:00:00
403,18,purchase,5.0,2026-07-09 02:40:00
403,1,view,,2026-08-23 16:50:00
403,5,view,,2026-09-15 09:46:00
404,72,cart,,2025-01-04 12:37:00
404,18,cart,,2025-03-09 09:20:00
404,38,purchase,4.0,2025-03-26 16:43:00
404,37,view,,2025-05-21 06:55:00
404,33,purchase,3.0,2025-05-26 08:36:00
404,58,view,,2025-06-15 18:27:00
404,13,view,,2025-09-14 08:55:00
404,63,purchase,5.0,2025-09-24 22:42:00
404,66,cart,,2025-11-10 10:28:00
404,59,purchase,4.0,2025-12-08 13:29:00
404,39,view,,2026-01-25 15:15:00
404,57,cart,,2026-02-28 16:46:00
404,61,purchase,5.0,2026-04-16 12:09:00
404,49,cart,,2026-04-25 08:42:00
404,47,purchase,3.0,2026-06-12 19:18:00
404,46,purchase,4.0,2026-06-16 17:11:00
404,43,cart,,2026-06-29 01:18:00
405,78,view,,2025-01-25 10:38:00
405,90,view,,2025-01-29 04:08:00
405,79,view,,2025-02-03 15:36:00
405,18,view,,2025-03-06 15:38:00
405,66,view,,2025-03-13 10:09:00
405,85,view,,2025-03-30 03:57:00
405,33,cart,,2025-04-12 00:42:00
405,1,purchase,3.0,2025-05-02 18:07:00
405,11,purchase,4.0,2025-05-03 00:07:00
405,33,cart,,2025-05-18 03:44:00
405,42,view,,2025-07-17 06:36:00
405,39,view,,2025-08-10 16:12:00
405,27,view,,2025-08-21 10:07:00
405,32,view,,2025-09-23 19:42:00
405,36,view,,2025-11-10 08:48:00
405,59,view,,2025-11-23 21:24:00
405,19,view,,2025-12-06 08:49:00
405,70,purchase,4.0,2025-12-11 01:58:00
405,71,purchase,3.0,2025-12-16 17:18:00
405,25,purchase,2.0,2026-01-24 15:50:00
405,33,purchase,5.0,2026-01-30 23:56:00
405,79,view,,2026-02-18 02:22:00
405,26,view,,2026-02-24 12:39:00
405,87,purchase,4.0,2026-03-25 17:01:00
405,29,view,,2026-04-04 09:37:00
405,90,purchase,5.0,2026-05-22 06:17:00
405,81,purchase,5.0,2026-05-27 07:02:00
405,27,purchase,5.0,2026-06-27 00:15:00
405,22,purchase,4.0,2026-07-26 14:59:00
405,88,purchase,3.0,2026-08-18 18:40:00
405,14,view,,2026-09-08 10:49:00
405,84,purchase,5.0,2026-09-10 00:56:00
406,39,purchase,4.0,2025-01-03 08:47:00
406,38,purchase,3.0,2025-01-03 23:47:00
406,40,purchase,5.0,2025-01-28 00:08:00
406,34,cart,,2025-01-28 07:52:00
406,28,purchase,5.0,2025-06-19 05:59:00
406,43,purchase,4.0,2025-09-11 18:29:00
406,32,purchase,5.0,2025-09-15 12:00:00
406,32,purchase,5.0,2025-09-16 08:31:00
406,35,purchase,4.0,2025-10-05 22:24:00
406,76,purchase,4.0,2025-12-17 10:42:00
406,90,cart,,2025-12-27 09:58:00
406,34,view,,2026-01-10 17:20:00
406,27,purchase,5.0,2026-02-06 06:16:00
406,22,view,,2026-04-25 10:19:00
406,55,purchase,4.0,2026-05-04 16:56:00
406,28,view,,2026-06-01 07:44:00
406,45,purchase,3.0,2026-06-21 10:18:00
406,67,view,,2026-07-18 00:22:00
406,47,cart,,2026-08-12 19:03:00
406,47,view,,2026-08-27 20:39:00
407,6,view,,2025-01-07 02:00:00
407,34,purchase,3.0,2025-02-04 02:29:00
407,37,view,,2025-03-11 15:20:00
407,29,purchase,5.0,2025-03-18 07:11:00
407,4,view,,2025-04-16 08:05:00
407,4,purchase,4.0,2025-05-24 18:04:00
407,7,purchase,4.0,2025-05-25 16:04:00
407,8,view,,2025-05-26 12:25:00
407,54,view,,2025-06-14 01:51:00
407,55,purchase,4.0,2025-06-30 12:36:00
407,57,purchase,4.0,2025-07-01 06:36:00
407,35,purchase,5.0,2025-09-20 15:51:00
407,67,view,,2025-10-20 14:34:00
407,81,cart,,2025-10-31 20:50:00
407,28,purchase,3.0,2025-11-08 14:16:00
407,26,purchase,4.0,2025-12-01 19:29:00
407,26,view,,2025-12-10 12:27:00
407,57,view,,2025-12-21 15:16:00
407,14,view,,2026-02-14 03:43:00
407,69,purchase,4.0,2026-03-08 23:48:00
407,19,purchase,5.0,2026-03-19 00:38:00
407,5,purchase,3.0,2026-04-14 23:14:00
407,16,cart,,2026-04-19 13:49:00
407,69,view,,2026-04-29 08:05:00
407,82,cart,,2026-07-18 10:09:00
407,8,cart,,2026-07-19 01:50:00
407,6,cart,,2026-08-08 09:50:00
407,22,cart,,2026-09-22 01:42:00
408,16,view,,2025-02-01 15:18:00
408,65,purchase,3.0,2025-03-03 03:54:00
408,68,purchase,4.0,2025-03-03 23:54:00
408,18,view,,2025-03-13 05:22:00
408,32,cart,,2025-03-22 07:34:00
408,39,purchase,4.0,2025-04-07 01:13:00
408,42,purchase,4.0,2025-04-08 08:13:00
408,29,view,,2025-04-28 03:21:00
408,38,cart,,2025-05-18 18:36:00
408,33,view,,2025-05-24 10:17:00
408,46,purchase,4.0,2025-08-02 20:11:00
408,58,view,,2025-08-18 01:28:00
408,38,purchase,4.0,2025-09-09 02:10:00
408,43,purchase,5.0,2025-09-09 19:10:00
408,69,purchase,4.0,2025-09-12 16:33:00
408,38,purchase,5.0,2025-11-11 06:10:00
408,40,purchase,5.0,2025-11-12 06:10:00
408,79,view,,2025-12-01 05:25:00
408,25,purchase,5.0,2025-12-04 15:25:00
408,32,view,,2025-12-17 21:55:00
408,25,view,,2025-12-20 10:03:00
408,38,purchase,5.0,2025-12-24 18:18:00
408,41,purchase,4.0,2025-12-26 00:18:00
408,28,purchase,4.0,2026-03-06 08:13:00
408,40,cart,,2026-03-16 20:08:00
408,49,view,,2026-03-19 10:11:00
408,36,view,,2026-04-15 03:38:00
408,41,purchase,3.0,2026-04-21 12:07:00
408,46,purchase,5.0,2026-04-25 07:01:00
408,37,purchase,4.0,2026-04-27 04:25:00
408,49,cart,,2026-05-07 04:24:00
408,3,view,,2026-05-10 09:18:00
408,33,view,,2026-05-15 00:14:00
408,43,view,,2026-05-21 01:40:00
408,7,purchase,3.0,2026-06-07 14:08:00
408,59,purchase,3.0,2026-06-29 00:08:00
408,38,cart,,2026-08-30 18:31:00
408,29,purchase,4.0,2026-09-07 23:24:00
409,69,cart,,2025-02-09 09:32:00
409,87,view,,2025-03-03 22:43:00
409,48,cart,,2025-03-14 11:24:00
409,32,purchase,4.0,2025-03-19 03:29:00
409,28,view,,2025-06-07 19:14:00
409,53,view,,2025-06-14 22:31:00
409,41,view,,2025-06-27 06:58:00
409,70,view,,2025-07-29 05:17:00
409,12,view,,2025-07-31 08:26:00
409,50,view,,2025-09-22 08:14:00
409,50,cart,,2025-09-29 04:37:00
409,37,view,,2025-12-06 00:49:00
409,89,purchase,3.0,2025-12-13 04:30:00
409,90,cart,,2025-12-24 07:06:00
409,46,purchase,3.0,2025-12-27 04:31:00
409,76,purchase,4.0,2026-01-13 04:47:00
409,44,view,,2026-01-16 22:38:00
409,58,purchase,3.0,2026-03-04 05:12:00
409,74,view,,2026-03-27 19:43:00
409,52,purchase,3.0,2026-03-29 13:43:00
409,57,purchase,4.0,2026-03-29 16:43:00
409,39,view,,2026-04-16 10:28:00
409,75,view,,2026-06-03 18:44:00
409,60,cart,,2026-06-30 00:24:00
409,30,view,,2026-07-25 17:52:00
409,39,purchase,3.0,2026-08-24 09:59:00
410,14,cart,,2025-01-07 14:52:00
410,11,cart,,2025-01-23 17:47:00
410,5,purchase,4.0,2025-01-26 14:21:00
410,11,purchase,4.0,2025-01-26 17:21:00
410,89,purchase,4.0,2025-01-29 06:50:00
410,90,purchase,3.0,2025-02-13 01:53:00
410,86,purchase,4.0,2025-04-07 09:36:00
410,37,purchase,3.0,2025-04-09 18:48:00
410,6,purchase,5.0,2025-05-04 02:52:00
410,53,view,,2025-05-25 19:43:00
410,16,purchase,3.0,2025-06-15 21:55:00
410,14,cart,,2025-06-27 14:34:00
410,87,purchase,2.0,2025-07-09 20:15:00
410,7,cart,,2025-08-14 06:44:00
410,8,view,,2025-09-02 14:54:00
410,15,view,,2025-10-03 17:22:00
410,9,view,,2025-11-02 17:09:00
410,79,view,,2026-01-27 16:48:00
410,43,purchase,3.0,2026-03-20 04:39:00
410,5,view,,2026-04-18 21:54:00
410,83,cart,,2026-06-04 16:22:00
410,88,purchase,4.0,2026-06-24 02:48:00
410,46,purchase,4.0,2026-07-20 15:20:00
410,7,purchase,5.0,2026-07-21 21:50:00
410,1,purchase,5.0,2026-07-23 06:50:00
410,81,view,,2026-08-13 00:34:00
410,8,purchase,3.0,2026-09-04 21:17:00
410,9,purchase,4.0,2026-09-05 11:17:00
411,60,cart,,2025-01-01 15:36:00
411,57,view,,2025-01-15 03:13:00
411,70,view,,2025-01-24 23:52:00
411,21,cart,,2025-03-30 04:47:00
411,38,view,,2025-05-07 08:48:00
411,54,view,,2025-05-08 15:53:00
411,43,cart,,2025-06-03 03:03:00
411,39,cart,,2025-07-01 10:27:00
411,59,view,,2025-07-18 22:24:00
411,33,purchase,3.0,2025-08-02 05:35:00
411,39,purchase,4.0,2025-11-27 14:52:00
411,57,cart,,2025-12-11 14:32:00
411,79,purchase,4.0,2025-12-14 01:50:00
411,61,purchase,4.0,2026-02-03 01:15:00
411,60,purchase,3.0,2026-02-22 03:30:00
411,2,purchase,3.0,2026-03-01 00:23:00
411,4,purchase,4.0,2026-03-01 09:23:00
411,54,purchase,5.0,2026-03-10 12:45:00
411,52,purchase,4.0,2026-03-10 20:45:00
411,56,view,,2026-03-11 06:15:00
411,49,purchase,3.0,2026-04-08 14:21:00
411,73,cart,,2026-06-05 06:56:00
411,49,purchase,3.0,2026-06-09 08:24:00
411,36,purchase,3.0,2026-06-16 02:30:00
411,81,view,,2026-07-02 19:05:00
411,15,view,,2026-08-26 02:45:00
411,38,view,,2026-09-01 21:54:00
412,25,purchase,4.0,2025-01-30 02:20:00
412,26,purchase,5.0,2025-02-12 20:43:00
412,39,view,,2025-02-28 14:32:00
412,65,cart,,2025-05-08 13:16:00
412,35,view,,2025-05-21 23:59:00
412,65,view,,2025-06-10 17:02:00
412,59,cart,,2025-07-01 23:30:00
412,59,cart,,2025-08-22 17:02:00
412,71,cart,,2025-08-23 04:03:00
412,54,purchase,4.0,2025-09-10 11:34:00
412,52,purchase,3.0,2025-09-10 22:34:00
412,29,purchase,4.0,2025-09-18 12:13:00
412,4,cart,,2025-09-22 07:05:00
412,33,purchase,3.0,2025-09-23 07:25:00
412,57,view,,2025-10-01 14:18:00
412,61,cart,,2026-01-16 09:52:00
412,60,purchase,4.0,2026-01-19 02:42:00
412,29,purchase,4.0,2026-02-01 13:57:00
412,34,cart,,2026-02-22 14:20:00
412,82,view,,2026-03-11 19:36:00
412,6,view,,2026-05-11 02:27:00
412,81,purchase,3.0,2026-07-27 10:58:00
412,29,view,,2026-08-13 21:38:00
412,20,purchase,3.0,2026-09-23 06:21:00
412,18,view,,2026-09-24 17:51:00
413,42,view,,2025-01-04 10:18:00
413,41,cart,,2025-01-09 01:51:00
413,45,view,,2025-01-21 21:08:00
413,76,purchase,3.0,2025-04-14 01:53:00
413,42,view,,2025-06-07 04:00:00
413,46,cart,,2025-08-01 17:20:00
413,46,purchase,3.0,2025-08-24 10:07:00
413,50,purchase,4.0,2025-11-08 11:26:00
413,71,view,,2025-11-29 01:33:00
413,76,view,,2025-12-16 04:06:00
413,39,view,,2026-01-02 16:55:00
413,72,view,,2026-01-16 13:35:00
413,50,view,,2026-02-15 06:29:00
413,65,purchase,4.0,2026-03-17 09:36:00
413,68,purchase,4.0,2026-03-17 11:36:00
413,47,cart,,2026-04-23 10:12:00
413,81,view,,2026-05-05 22:09:00
413,73,purchase,3.0,2026-05-08 21:16:00
413,69,view,,2026-05-24 11:31:00
413,43,cart,,2026-05-25 04:28:00
413,72,view,,2026-05-27 13:37:00
413,41,cart,,2026-05-30 00:03:00
413,56,cart,,2026-06-26 15:31:00
413,40,view,,2026-07-09 13:52:00
413,50,purchase,4.0,2026-09-05 21:34:00
413,23,view,,2026-09-10 10:30:00
413,41,purchase,5.0,2026-09-13 13:29:00
414,60,purchase,4.0,2025-02-21 00:52:00
414,7,view,,2025-03-27 05:49:00
414,16,view,,2025-05-13 09:06:00
414,49,view,,2025-05-26 15:38:00
414,83,purchase,4.0,2025-08-09 07:19:00
414,1,view,,2025-09-13 05:03:00
414,16,cart,,2025-09-20 21:43:00
414,15,cart,,2025-11-16 02:14:00
414,78,cart,,2026-01-21 18:54:00
414,54,view,,2026-01-28 02:14:00
414,24,cart,,2026-02-22 07:41:00
414,70,purchase,3.0,2026-03-03 20:24:00
414,9,cart,,2026-03-11 20:12:00
414,1,view,,2026-04-17 09:10:00
414,55,view,,2026-06-02 00:25:00
414,13,cart,,2026-07-01 22:34:00
414,13,view,,2026-09-05 21:19:00
415,89,view,,2025-01-23 13:08:00
415,87,purchase,3.0,2025-03-22 18:53:00
415,14,view,,2025-07-14 00:48:00
415,74,view,,2025-09-01 14:34:00
415,28,purchase,3.0,2025-10-28 01:55:00
415,22,view,,2025-11-02 10:28:00
415,84,purchase,4.0,2025-12-12 17:59:00
415,22,purchase,5.0,2026-02-21 01:26:00
415,30,cart,,2026-04-06 09:45:00
415,12,cart,,2026-04-16 09:54:00
415,77,cart,,2026-08-02 05:42:00
415,46,view,,2026-08-04 13:05:00
415,70,view,,2026-08-17 19:23:00
415,1,view,,2026-09-07 23:47:00
416,1,purchase,3.0,2025-01-09 12:36:00
416,90,view,,2025-01-10 20:39:00
416,44,view,,2025-01-25 01:50:00
416,86,purchase,3.0,2025-04-11 23:23:00
416,3,cart,,2025-04-30 08:20:00
416,8,view,,2025-06-12 00:39:00
416,82,purchase,5.0,2025-06-13 14:51:00
416,81,cart,,2025-09-16 14:44:00
416,52,cart,,2025-11-04 03:00:00
416,84,purchase,5.0,2025-11-08 08:19:00
416,74,cart,,2025-11-09 22:06:00
416,30,purchase,3.0,2025-11-11 04:32:00
416,84,purchase,5.0,2025-11-27 01:44:00
416,87,purchase,4.0,2026-01-04 16:18:00
416,54,purchase,4.0,2026-01-04 19:43:00
416,79,view,,2026-01-12 11:58:00
416,87,view,,2026-01-28 07:13:00
416,80,view,,2026-02-01 20:54:00
416,78,view,,2026-02-04 20:43:00
416,80,cart,,2026-02-07 00:01:00
416,5,cart,,2026-04-03 19:50:00
416,78,purchase,5.0,2026-05-23 11:20:00
416,78,purchase,5.0,2026-05-24 07:59:00
416,20,cart,,2026-06-08 08:21:00
416,22,view,,2026-06-22 11:05:00
416,88,cart,,2026-06-26 13:46:00
416,10,cart,,2026-07-04 23:01:00
416,82,purchase,4.0,2026-07-28 00:36:00
417,57,purchase,3.0,2025-02-21 02:00:00
417,55,purchase,4.0,2025-02-21 07:00:00
417,46,purchase,4.0,2025-06-15 05:50:00
417,83,purchase,3.0,2025-06-27 14:48:00
417,40,cart,,2025-07-17 07:01:00
417,49,purchase,5.0,2025-07-26 09:46:00
417,5,cart,,2025-09-16 15:31:00
417,46,cart,,2025-09-17 08:20:00
417,59,view,,2025-09-19 21:41:00
417,64,view,,2025-10-16 14:49:00
417,84,purchase,4.0,2025-10-20 06:42:00
417,39,view,,2025-10-20 10:04:00
417,80,purchase,3.0,2025-12-24 07:05:00
417,42,purchase,5.0,2026-01-14 00:51:00
417,38,purchase,4.0,2026-02-27 02:04:00
417,40,purchase,4.0,2026-02-28 05:04:00
417,43,cart,,2026-03-21 18:40:00
417,15,purchase,4.0,2026-03-22 18:26:00
417,40,cart,,2026-03-30 02:04:00
417,38,view,,2026-08-11 13:15:00
417,81,view,,2026-08-13 07:52:00
417,40,purchase,4.0,2026-09-02 16:44:00
417,39,purchase,4.0,2026-09-03 06:44:00
417,13,purchase,3.0,2026-09-05 14:16:00
418,42,cart,,2025-02-02 05:26:00
418,84,view,,2025-02-06 03:35:00
418,10,purchase,5.0,2025-03-24 07:37:00
418,5,purchase,4.0,2025-03-25 09:37:00
418,11,view,,2025-04-03 16:09:00
418,78,purchase,2.0,2025-04-17 09:54:00
418,2,purchase,5.0,2025-05-30 11:48:00
418,6,purchase,4.0,2025-05-31 09:48:00
418,16,cart,,2025-07-08 10:54:00
418,9,purchase,4.0,2025-08-27 00:07:00
418,7,purchase,4.0,2025-08-28 01:07:00
418,37,purchase,4.0,2025-11-02 02:20:00
418,60,purchase,3.0,2026-01-01 05:27:00
418,24,view,,2026-01-03 01:04:00
418,7,view,,2026-03-22 19:44:00
418,7,view,,2026-03-23 23:54:00
418,19,view,,2026-04-26 11:38:00
418,63,view,,2026-05-24 15:59:00
418,6,view,,2026-06-16 01:21:00
418,88,view,,2026-06-26 01:18:00
418,9,view,,2026-08-11 14:31:00
418,14,purchase,3.0,2026-09-08 18:32:00
418,5,purchase,3.0,2026-09-11 22:18:00
418,18,purchase,4.0,2026-09-12 11:18:00
419,60,cart,,2025-01-13 22:59:00
419,16,cart,,2025-01-16 05:08:00
419,50,view,,2025-04-19 14:09:00
419,86,purchase,5.0,2025-04-26 21:43:00
419,89,purchase,5.0,2025-05-31 15:54:00
419,83,purchase,5.0,2025-07-25 10:28:00
419,12,purchase,4.0,2025-08-24 13:46:00
419,7,purchase,4.0,2025-08-26 00:46:00
419,82,purchase,4.0,2025-08-29 02:26:00
419,6,purchase,3.0,2025-09-08 23:35:00
419,74,view,,2025-09-09 12:18:00
419,18,view,,2025-10-03 01:03:00
419,43,purchase,3.0,2025-10-09 08:06:00
419,38,purchase,4.0,2025-10-09 23:06:00
419,87,view,,2025-12-19 09:51:00
419,79,view,,2025-12-21 23:52:00
419,89,purchase,4.0,2025-12-23 21:00:00
419,89,cart,,2026-02-03 07:17:00
419,60,view,,2026-02-15 04:00:00
419,79,purchase,3.0,2026-03-28 01:01:00
419,82,purchase,3.0,2026-04-12 13:40:00
419,12,view,,2026-05-12 10:41:00
419,88,cart,,2026-06-20 12:33:00
419,27,view,,2026-06-24 06:32:00
419,12,cart,,2026-07-12 19:22:00
419,16,cart,,2026-07-17 12:23:00
419,20,cart,,2026-07-31 22:02:00
419,21,purchase,4.0,2026-08-07 05:45:00
419,7,purchase,3.0,2026-08-12 06:12:00
419,4,purchase,4.0,2026-08-13 03:12:00
419,86,view,,2026-09-22 14:03:00
419,3,purchase,3.0,2026-09-23 16:38:00
420,63,cart,,2025-01-21 09:31:00
420,60,view,,2025-02-18 09:43:00
420,53,view,,2025-03-30 16:29:00
420,60,cart,,2025-03-31 03:13:00
420,64,purchase,3.0,2025-05-12 20:34:00
420,46,view,,2025-06-25 08:26:00
420,22,cart,,2025-07-01 11:16:00
420,49,purchase,3.0,2025-07-14 12:10:00
420,58,view,,2025-08-16 01:36:00
420,59,view,,2025-10-12 07:12:00
420,27,cart,,2025-11-07 03:21:00
420,30,view,,2025-11-18 14:40:00
420,43,cart,,2025-11-30 16:57:00
420,4,cart,,2025-12-04 00:11:00
420,20,view,,2026-01-15 00:11:00
420,66,purchase,4.0,2026-03-07 19:35:00
420,49,purchase,3.0,2026-03-14 08:01:00
420,63,view,,2026-03-21 20:16:00
420,48,cart,,2026-04-05 15:47:00
420,32,view,,2026-04-12 18:48:00
420,40,cart,,2026-04-15 09:13:00
420,52,view,,2026-05-04 07:16:00
420,55,view,,2026-07-05 17:20:00
420,38,cart,,2026-07-07 15:10:00
420,47,purchase,5.0,2026-08-09 13:41:00
420,51,purchase,4.0,2026-08-20 08:45:00
420,53,purchase,3.0,2026-08-26 14:43:00
420,56,purchase,4.0,2026-08-27 07:43:00
420,61,view,,2026-09-09 09:20:00
420,54,cart,,2026-09-10 21:21:00
421,79,purchase,3.0,2025-01-22 12:06:00
421,90,cart,,2025-02-12 10:53:00
421,9,cart,,2025-02-23 02:08:00
421,79,view,,2025-03-08 09:34:00
421,80,view,,2025-04-05 15:12:00
421,86,cart,,2025-04-06 02:29:00
421,48,purchase,4.0,2025-04-13 08:46:00
421,48,view,,2025-04-22 06:02:00
421,72,view,,2025-04-23 08:28:00
421,87,purchase,4.0,2025-05-01 15:07:00
421,41,view,,2025-06-15 09:47:00
421,43,view,,2025-06-20 18:25:00
421,4,purchase,3.0,2025-07-14 12:11:00
421,8,purchase,4.0,2025-07-14 17:11:00
421,46,purchase,4.0,2025-07-26 16:36:00
421,82,cart,,2025-08-17 14:51:00
421,18,view,,2025-08-25 19:36:00
421,83,purchase,5.0,2025-08-27 03:30:00
421,40,view,,2025-10-14 23:46:00
421,40,cart,,2025-10-15 18:06:00
421,6,cart,,2026-01-05 04:45:00
421,80,purchase,5.0,2026-01-11 00:39:00
421,55,purchase,3.0,2026-04-13 00:36:00
421,52,purchase,4.0,2026-04-13 16:36:00
421,64,view,,2026-06-04 16:46:00
421,89,cart,,2026-06-26 10:09:00
421,50,purchase,3.0,2026-06-28 04:23:00
421,1,purchase,3.0,2026-07-09 07:37:00
421,9,purchase,4.0,2026-07-09 08:37:00
421,18,view,,2026-08-01 10:43:00
421,53,purchase,3.0,2026-09-06 00:59:00
421,54,purchase,3.0,2026-09-06 23:59:00
421,85,view,,2026-09-22 13:28:00
422,21,view,,2025-03-21 00:08:00
422,53,view,,2025-07-10 21:30:00
422,9,view,,2025-07-12 17:47:00
422,9,purchase,4.0,2025-09-11 14:01:00
422,9,cart,,2025-10-24 16:41:00
422,7,view,,2025-11-03 18:05:00
422,41,cart,,2025-11-05 18:39:00
422,14,purchase,4.0,2025-11-09 07:04:00
422,14,view,,2025-11-18 10:01:00
422,45,view,,2025-12-27 08:14:00
422,41,view,,2026-02-04 21:51:00
422,38,cart,,2026-05-17 02:48:00
422,15,view,,2026-05-20 21:46:00
422,48,cart,,2026-05-27 08:13:00
422,1,purchase,4.0,2026-08-04 18:41:00
422,3,purchase,4.0,2026-08-05 15:41:00
423,34,view,,2025-01-11 21:13:00
423,19,purchase,3.0,2025-01-27 14:23:00
423,44,purchase,3.0,2025-02-09 08:16:00
423,40,view,,2025-02-15 18:37:00
423,20,view,,2025-03-01 04:18:00
423,84,purchase,4.0,2025-03-05 06:32:00
423,18,view,,2025-04-30 03:39:00
423,15,view,,2025-05-20 21:54:00
423,59,view,,2025-06-20 22:34:00
423,82,cart,,2025-07-08 23:00:00
423,64,purchase,4.0,2025-09-27 00:33:00
423,36,purchase,3.0,2025-10-03 21:34:00
423,64,view,,2025-10-06 05:15:00
423,89,view,,2025-10-18 22:51:00
423,64,view,,2025-11-05 08:10:00
423,60,cart,,2025-12-14 07:20:00
423,24,purchase,3.0,2025-12-18 15:45:00
423,35,view,,2025-12-21 18:57:00
423,36,cart,,2026-01-02 09:01:00
423,5,purchase,3.0,2026-01-11 19:47:00
423,49,view,,2026-01-14 00:29:00
423,74,cart,,2026-02-07 21:33:00
423,33,view,,2026-03-04 12:24:00
423,19,view,,2026-04-26 12:52:00
423,4,cart,,2026-05-18 21:13:00
423,69,purchase,3.0,2026-06-01 01:19:00
423,56,purchase,5.0,2026-07-03 21:16:00
423,57,view,,2026-09-03 04:52:00
423,55,purchase,3.0,2026-09-14 23:47:00
423,53,purchase,4.0,2026-09-15 16:47:00
424,9,purchase,4.0,2025-03-18 09:19:00
424,1,purchase,5.0,2025-03-18 14:19:00
424,42,cart,,2025-04-02 13:34:00
424,10,purchase,3.0,2025-04-08 12:54:00
424,6,purchase,5.0,2025-04-09 06:54:00
424,39,view,,2025-04-21 00:53:00
424,5,view,,2025-04-27 05:44:00
424,19,purchase,5.0,2025-04-30 12:06:00
424,3,view,,2025-05-19 17:27:00
424,15,purchase,5.0,2025-05-31 00:43:00
424,14,purchase,5.0,2025-06-26 19:25:00
424,11,view,,2025-06-28 02:15:00
424,38,purchase,4.0,2025-06-29 15:21:00
424,40,purchase,4.0,2025-07-01 01:21:00
424,8,cart,,2025-08-08 05:15:00
424,28,view,,2025-08-13 21:40:00
424,7,cart,,2025-08-30 16:38:00
424,19,view,,2025-09-14 18:58:00
424,44,purchase,3.0,2025-12-24 19:28:00
424,21,view,,2026-01-08 01:03:00
424,18,cart,,2026-02-02 20:19:00
424,11,purchase,5.0,2026-02-06 02:01:00
424,6,cart,,2026-03-18 13:01:00
424,74,cart,,2026-04-12 15:50:00
424,85,view,,2026-05-03 21:35:00
424,49,cart,,2026-05-12 17:19:00
424,19,view,,2026-05-26 17:05:00
424,27,purchase,4.0,2026-08-03 23:13:00
424,67,purchase,3.0,2026-09-10 00:23:00
425,9,purchase,3.0,2025-01-21 13:20:00
425,8,purchase,4.0,2025-01-23 00:20:00
425,78,purchase,3.0,2025-02-13 06:14:00
425,24,view,,2025-02-22 03:32:00
425,57,cart,,2025-04-11 00:31:00
425,1,purchase,3.0,2025-05-22 22:32:00
425,4,purchase,4.0,2025-05-23 04:32:00
425,3,view,,2025-06-02 07:13:00
425,6,purchase,3.0,2025-06-07 13:49:00
425,7,cart,,2025-06-08 11:12:00
425,58,view,,2025-07-02 08:52:00
425,27,cart,,2025-07-18 19:54:00
425,42,cart,,2025-07-25 21:51:00
425,4,purchase,3.0,2025-07-27 04:19:00
425,57,purchase,4.0,2025-08-24 00:44:00
425,55,purchase,4.0,2025-08-25 10:44:00
425,13,cart,,2025-09-24 07:51:00
425,11,view,,2025-11-22 02:28:00
425,14,cart,,2025-12-05 00:42:00
425,37,purchase,4.0,2025-12-11 19:19:00
425,90,view,,2025-12-18 01:48:00
425,26,view,,2026-02-03 01:41:00
425,71,view,,2026-03-03 08:32:00
425,75,purchase,4.0,2026-03-23 13:37:00
425,36,cart,,2026-04-05 11:59:00
425,39,view,,2026-04-09 17:53:00
425,18,view,,2026-04-13 17:57:00
425,87,view,,2026-05-04 00:23:00
425,29,purchase,4.0,2026-05-11 18:18:00
425,30,purchase,5.0,2026-05-19 01:01:00
425,10,purchase,4.0,2026-05-19 21:56:00
425,1,cart,,2026-06-09 07:20:00
425,84,purchase,4.0,2026-06-21 21:47:00
425,29,view,,2026-07-22 23:58:00
425,37,purchase,5.0,2026-08-29 02:26:00
426,90,view,,2025-01-03 09:48:00
426,79,purchase,5.0,2025-04-03 10:50:00
426,19,view,,2025-06-09 23:20:00
426,82,purchase,4.0,2025-06-23 21:49:00
426,83,view,,2025-06-26 14:33:00
426,88,view,,2025-08-13 07:46:00
426,82,view,,2025-08-17 10:36:00
426,57,purchase,5.0,2025-08-30 07:53:00
426,55,purchase,4.0,2025-08-31 16:53:00
426,54,purchase,5.0,2025-09-02 10:03:00
426,56,purchase,5.0,2025-09-03 19:03:00
426,55,view,,2025-09-06 08:46:00
426,41,cart,,2025-09-06 10:41:00
426,4,purchase,2.0,2025-12-31 11:56:00
426,12,purchase,4.0,2025-12-31 15:56:00
426,54,view,,2026-01-02 15:25:00
426,89,purchase,3.0,2026-01-13 21:18:00
426,78,cart,,2026-02-08 12:41:00
426,60,purchase,4.0,2026-02-23 04:58:00
426,79,cart,,2026-02-26 04:26:00
426,55,purchase,3.0,2026-03-11 15:37:00
426,53,purchase,5.0,2026-03-13 02:37:00
426,84,purchase,3.0,2026-04-13 23:57:00
426,55,purchase,3.0,2026-05-14 07:20:00
426,52,purchase,4.0,2026-05-15 13:20:00
426,70,purchase,3.0,2026-06-12 02:07:00
426,53,view,,2026-08-11 01:59:00
426,81,cart,,2026-08-19 06:34:00
426,81,view,,2026-08-30 22:53:00
426,17,purchase,3.0,2026-09-11 18:44:00
427,53,purchase,4.0,2025-01-11 11:42:00
427,52,purchase,4.0,2025-01-12 04:42:00
427,80,purchase,3.0,2025-01-21 17:15:00
427,61,view,,2025-02-13 22:22:00
427,26,view,,2025-02-25 14:28:00
427,55,cart,,2025-03-12 11:38:00
427,52,cart,,2025-03-15 14:00:00
427,41,purchase,3.0,2025-05-19 12:01:00
427,35,purchase,3.0,2025-05-20 00:08:00
427,42,purchase,4.0,2025-05-20 08:01:00
427,65,purchase,4.0,2025-05-24 11:49:00
427,59,view,,2025-06-13 17:51:00
427,15,cart,,2025-06-17 20:33:00
427,59,view,,2025-07-17 02:12:00
427,56,view,,2025-07-18 16:21:00
427,33,cart,,2025-09-12 02:38:00
427,2,view,,2025-10-05 00:44:00
427,4,cart,,2025-11-26 01:06:00
427,38,purchase,3.0,2025-12-09 02:49:00
427,89,purchase,3.0,2025-12-17 02:00:00
427,5,purchase,3.0,2026-01-20 13:52:00
427,4,purchase,4.0,2026-01-20 21:52:00
427,78,view,,2026-02-16 22:05:00
427,53,purchase,4.0,2026-03-31 18:14:00
427,55,purchase,4.0,2026-03-31 20:14:00
427,5,cart,,2026-05-27 17:32:00
428,8,view,,2025-01-06 23:14:00
428,22,view,,2025-01-12 02:13:00
428,63,purchase,5.0,2025-01-21 05:01:00
428,60,purchase,3.0,2025-02-10 05:19:00
428,65,view,,2025-02-12 09:53:00
428,18,view,,2025-02-24 19:39:00
428,16,purchase,3.0,2025-07-14 18:52:00
428,82,purchase,3.0,2025-08-15 16:37:00
428,7,view,,2025-10-09 09:30:00
428,20,purchase,3.0,2025-10-18 02:13:00
428,63,purchase,4.0,2025-10-31 16:39:00
428,63,view,,2025-11-18 01:46:00
428,19,purchase,4.0,2025-11-21 04:53:00
428,64,view,,2025-12-15 09:45:00
428,16,purchase,3.0,2026-01-12 18:38:00
428,32,view,,2026-01-19 14:28:00
428,4,cart,,2026-03-12 02:29:00
428,3,purchase,4.0,2026-03-17 05:55:00
428,7,purchase,4.0,2026-03-17 15:55:00
428,55,purchase,5.0,2026-04-05 20:22:00
428,18,view,,2026-04-07 14:02:00
428,2,cart,,2026-04-09 15:46:00
428,12,purchase,3.0,2026-04-12 08:37:00
428,8,purchase,4.0,2026-04-15 19:33:00
428,4,purchase,5.0,2026-04-16 18:33:00
428,61,purchase,4.0,2026-04-20 14:07:00
428,55,view,,2026-04-28 01:56:00
428,54,view,,2026-05-08 17:24:00
428,19,purchase,3.0,2026-05-09 06:55:00
428,54,view,,2026-07-06 20:14:00
428,59,view,,2026-07-14 15:19:00
428,57,purchase,5.0,2026-07-15 04:42:00
428,59,view,,2026-07-22 00:42:00
428,14,purchase,4.0,2026-09-10 02:02:00
429,5,view,,2025-01-06 08:54:00
429,78,purchase,3.0,2025-02-21 09:17:00
429,14,purchase,5.0,2025-02-26 05:42:00
429,15,purchase,5.0,2025-03-04 16:11:00
429,8,view,,2025-03-09 04:43:00
429,11,view,,2025-03-11 08:56:00
429,19,cart,,2025-04-09 11:36:00
429,86,cart,,2025-04-24 00:13:00
429,29,view,,2025-05-01 19:26:00
429,28,cart,,2025-07-21 07:57:00
429,19,purchase,5.0,2025-08-04 21:15:00
429,53,purchase,4.0,2025-08-22 15:33:00
429,56,purchase,4.0,2025-08-23 20:33:00
429,19,purchase,5.0,2025-10-13 06:14:00
429,65,purchase,3.0,2025-11-29 15:53:00
429,14,purchase,4.0,2025-11-30 10:45:00
429,68,purchase,5.0,2025-12-01 02:53:00
429,5,view,,2025-12-04 11:40:00
429,25,view,,2026-01-04 20:13:00
429,22,cart,,2026-01-17 15:23:00
429,39,purchase,3.0,2026-01-17 23:43:00
429,43,purchase,4.0,2026-01-18 17:43:00
429,5,purchase,4.0,2026-02-27 22:16:00
429,3,cart,,2026-03-31 20:23:00
429,19,purchase,5.0,2026-04-20 11:10:00
429,82,view,,2026-06-23 11:51:00
429,72,purchase,3.0,2026-08-16 21:10:00
429,9,cart,,2026-08-30 20:52:00
429,11,view,,2026-09-18 08:53:00
430,87,cart,,2025-02-12 22:28:00
430,1,purchase,3.0,2025-03-03 02:43:00
430,29,purchase,3.0,2025-05-11 15:13:00
430,61,view,,2025-05-31 23:11:00
430,82,purchase,3.0,2025-06-02 21:43:00
430,58,view,,2025-06-10 13:12:00
430,13,purchase,3.0,2025-06-12 09:18:00
430,59,cart,,2025-07-23 03:27:00
430,90,view,,2025-08-06 06:16:00
430,29,purchase,3.0,2025-09-10 19:06:00
430,84,view,,2025-09-20 00:38:00
430,18,purchase,3.0,2025-10-16 17:17:00
430,4,purchase,4.0,2025-10-16 18:17:00
430,2,cart,,2025-11-16 22:18:00
430,89,cart,,2025-12-12 10:19:00
430,86,purchase,5.0,2026-01-06 19:25:00
430,64,cart,,2026-02-09 23:36:00
430,73,view,,2026-03-31 18:16:00
430,64,cart,,2026-07-06 12:00:00
430,20,purchase,4.0,2026-07-11 13:32:00
431,19,view,,2025-01-04 04:34:00
431,53,view,,2025-01-13 00:44:00
431,43,view,,2025-01-19 21:34:00
431,53,view,,2025-02-16 19:32:00
431,1,purchase,3.0,2025-02-21 18:11:00
431,4,purchase,5.0,2025-02-22 06:11:00
431,18,purchase,3.0,2025-03-04 19:51:00
431,12,purchase,4.0,2025-03-29 17:02:00
431,6,purchase,5.0,2025-03-30 10:02:00
431,3,view,,2025-05-02 19:19:00
431,10,view,,2025-05-26 23:12:00
431,2,cart,,2025-06-17 21:04:00
431,87,cart,,2025-08-09 21:21:00
431,7,view,,2025-09-03 11:14:00
431,19,view,,2025-09-03 19:38:00
431,63,view,,2025-09-06 05:44:00
431,44,purchase,3.0,2025-10-16 07:32:00
431,22,view,,2025-11-05 20:53:00
431,83,purchase,3.0,2025-11-07 08:43:00
431,37,purchase,2.0,2026-01-19 20:01:00
431,64,view,,2026-02-10 11:53:00
431,54,cart,,2026-02-20 06:35:00
431,57,cart,,2026-02-21 09:52:00
431,12,view,,2026-05-18 13:56:00
431,1,purchase,3.0,2026-05-27 01:31:00
431,11,purchase,5.0,2026-05-27 08:31:00
431,18,cart,,2026-05-29 13:21:00
431,63,purchase,3.0,2026-06-06 02:31:00
431,65,view,,2026-06-16 11:42:00
431,7,cart,,2026-07-07 07:45:00
431,60,view,,2026-07-15 14:36:00
431,59,purchase,5.0,2026-07-21 20:08:00
431,56,purchase,5.0,2026-09-03 02:00:00
431,16,view,,2026-09-08 02:02:00
431,57,purchase,4.0,2026-09-18 10:54:00
432,8,purchase,5.0,2025-01-06 03:13:00
432,79,view,,2025-01-06 16:27:00
432,9,purchase,4.0,2025-01-07 10:13:00
432,90,view,,2025-01-10 15:18:00
432,84,view,,2025-01-11 10:50:00
432,80,purchase,3.0,2025-02-14 04:01:00
432,40,cart,,2025-03-08 04:39:00
432,13,purchase,3.0,2025-03-17 10:33:00
432,87,purchase,4.0,2025-03-20 08:47:00
432,11,purchase,5.0,2025-04-13 10:49:00
432,6,purchase,4.0,2025-04-14 04:49:00
432,87,view,,2025-04-28 10:23:00
432,1,cart,,2025-05-28 00:26:00
432,81,view,,2025-06-01 10:18:00
432,81,view,,2025-07-09 09:43:00
432,82,cart,,2025-07-24 09:23:00
432,14,purchase,4.0,2025-10-14 05:27:00
432,90,purchase,5.0,2025-10-25 04:37:00
432,60,purchase,3.0,2025-12-12 02:09:00
432,63,purchase,4.0,2026-01-22 14:59:00
432,19,view,,2026-02-10 13:06:00
432,3,view,,2026-03-01 19:29:00
432,33,cart,,2026-03-03 05:41:00
432,11,cart,,2026-03-10 09:47:00
432,90,purchase,4.0,2026-03-13 04:34:00
432,87,cart,,2026-03-14 22:34:00
432,21,view,,2026-05-13 03:34:00
432,76,view,,2026-05-13 18:52:00
432,76,purchase,3.0,2026-05-14 19:26:00
432,90,purchase,5.0,2026-06-05 22:09:00
432,19,view,,2026-06-12 15:51:00
432,69,view,,2026-07-05 23:46:00
432,22,purchase,3.0,2026-07-13 04:33:00
432,12,purchase,4.0,2026-07-16 06:55:00
432,4,purchase,5.0,2026-07-17 08:55:00
433,19,purchase,4.0,2025-02-05 23:12:00
433,44,view,,2025-03-28 11:00:00
433,21,view,,2025-07-07 06:02:00
433,7,view,,2025-08-09 04:08:00
433,83,view,,2025-08-15 01:53:00
433,41,view,,2025-09-03 16:55:00
433,50,purchase,4.0,2025-10-11 23:25:00
433,41,view,,2025-12-18 15:31:00
433,8,purchase,4.0,2026-01-09 14:27:00
433,44,purchase,5.0,2026-01-22 00:40:00
433,79,purchase,2.0,2026-02-21 00:24:00
433,49,cart,,2026-05-11 11:58:00
433,20,purchase,3.0,2026-05-16 12:28:00
433,43,cart,,2026-05-20 10:12:00
433,19,view,,2026-08-02 22:27:00
433,8,view,,2026-08-24 07:55:00
433,44,purchase,4.0,2026-09-21 23:37:00
434,2,purchase,5.0,2025-01-24 09:15:00
434,6,purchase,5.0,2025-02-22 09:59:00
434,18,purchase,4.0,2025-02-22 15:59:00
434,6,purchase,4.0,2025-03-14 18:29:00
434,63,cart,,2025-03-29 13:21:00
434,63,view,,2025-04-13 11:31:00
434,16,cart,,2025-04-15 16:52:00
434,6,purchase,5.0,2025-06-07 14:28:00
434,67,cart,,2025-08-20 15:05:00
434,41,cart,,2025-09-09 11:28:00
434,18,view,,2025-09-25 13:18:00
434,5,view,,2025-10-24 06:47:00
434,41,cart,,2025-11-07 09:55:00
434,44,view,,2025-12-02 03:54:00
434,10,purchase,5.0,2025-12-06 01:58:00
434,7,purchase,5.0,2025-12-06 06:58:00
434,7,view,,2025-12-26 20:24:00
434,45,purchase,4.0,2026-01-03 19:22:00
434,7,view,,2026-02-06 06:36:00
434,39,view,,2026-03-08 11:03:00
434,21,view,,2026-03-18 23:56:00
434,65,cart,,2026-06-15 12:44:00
434,5,cart,,2026-08-19 00:14:00
434,7,view,,2026-09-03 13:51:00
434,13,view,,2026-09-05 21:10:00
434,13,view,,2026-09-12 05:32:00
435,26,view,,2025-02-18 06:04:00
435,89,view,,2025-02-23 11:52:00
435,87,purchase,4.0,2025-03-31 03:49:00
435,54,cart,,2025-03-31 13:55:00
435,85,view,,2025-04-05 07:42:00
435,74,view,,2025-04-12 14:26:00
435,86,purchase,3.0,2025-04-24 05:07:00
435,28,purchase,4.0,2025-06-26 19:01:00
435,81,view,,2025-07-28 15:32:00
435,28,view,,2025-08-09 23:43:00
435,87,view,,2025-09-04 13:35:00
435,33,purchase,4.0,2025-10-24 19:12:00
435,46,purchase,3.0,2025-11-01 07:50:00
435,64,purchase,4.0,2025-11-03 16:39:00
435,80,view,,2025-12-02 22:29:00
435,81,view,,2025-12-28 19:44:00
435,27,view,,2026-01-03 18:39:00
435,30,cart,,2026-01-06 10:48:00
435,78,cart,,2026-01-26 14:18:00
435,25,view,,2026-02-17 14:13:00
435,84,view,,2026-03-30 05:01:00
435,27,view,,2026-04-13 06:18:00
435,27,purchase,4.0,2026-06-04 15:33:00
435,37,purchase,4.0,2026-06-12 15:16:00
435,83,purchase,3.0,2026-07-23 16:30:00
435,82,view,,2026-08-02 14:29:00
435,36,purchase,3.0,2026-08-05 13:57:00
435,42,view,,2026-09-12 12:28:00
435,11,view,,2026-09-28 15:18:00
436,34,purchase,3.0,2025-01-23 14:52:00
436,66,purchase,3.0,2025-05-30 10:56:00
436,58,view,,2025-06-10 09:45:00
436,27,view,,2025-06-21 10:10:00
436,3,purchase,3.0,2025-07-19 13:19:00
436,12,purchase,3.0,2025-07-19 14:19:00
436,35,purchase,3.0,2025-09-25 12:18:00
436,65,purchase,4.0,2025-10-09 13:46:00
436,68,purchase,4.0,2025-10-09 20:46:00
436,29,purchase,3.0,2025-10-14 23:02:00
436,35,view,,2025-11-07 15:14:00
436,79,view,,2025-12-29 13:07:00
436,53,cart,,2026-01-04 22:07:00
436,45,purchase,3.0,2026-01-15 05:42:00
436,21,view,,2026-02-11 05:58:00
436,37,view,,2026-03-31 02:47:00
436,74,view,,2026-04-25 04:50:00
436,35,cart,,2026-06-17 01:52:00
436,54,view,,2026-07-10 04:33:00
436,64,view,,2026-07-17 15:44:00
436,55,cart,,2026-07-24 16:44:00
436,41,purchase,3.0,2026-08-30 15:32:00
436,38,purchase,4.0,2026-08-31 12:32:00
437,2,cart,,2025-02-01 02:58:00
437,6,purchase,5.0,2025-04-23 14:53:00
437,9,purchase,4.0,2025-04-24 08:53:00
437,76,cart,,2025-05-05 00:36:00
437,13,view,,2025-09-08 19:00:00
437,8,cart,,2025-10-06 17:33:00
437,53,purchase,4.0,2025-10-25 17:00:00
437,52,purchase,4.0,2025-10-26 23:00:00
437,20,view,,2025-11-01 11:14:00
437,7,view,,2025-11-06 09:50:00
437,8,purchase,3.0,2026-01-07 22:32:00
437,12,purchase,3.0,2026-01-08 18:32:00
437,24,cart,,2026-01-28 19:56:00
437,67,view,,2026-03-25 04:14:00
437,30,purchase,4.0,2026-05-07 06:12:00
437,2,purchase,5.0,2026-08-11 05:51:00
437,28,cart,,2026-08-23 11:20:00
438,78,purchase,5.0,2025-01-03 17:23:00
438,78,cart,,2025-01-13 18:13:00
438,19,view,,2025-01-26 09:38:00
438,24,purchase,3.0,2025-02-16 18:43:00
438,84,view,,2025-02-27 04:28:00
438,67,purchase,4.0,2025-03-12 08:03:00
438,87,view,,2025-05-16 01:27:00
438,3,view,,2025-05-21 15:24:00
438,85,view,,2025-06-23 17:09:00
438,27,purchase,3.0,2025-06-30 18:18:00
438,19,cart,,2025-07-27 08:45:00
438,13,view,,2025-08-29 20:06:00
438,18,view,,2025-09-04 15:31:00
438,21,view,,2025-09-25 13:48:00
438,15,view,,2025-09-27 05:19:00
438,16,cart,,2025-10-06 20:12:00
438,53,cart,,2025-11-05 18:06:00
438,11,view,,2025-11-08 21:00:00
438,80,view,,2025-12-03 08:15:00
438,90,purchase,5.0,2025-12-17 13:14:00
438,12,cart,,2025-12-18 01:15:00
438,60,view,,2025-12-29 14:22:00
438,87,view,,2026-02-12 12:14:00
438,21,cart,,2026-03-10 19:39:00
438,87,purchase,5.0,2026-04-03 17:33:00
438,79,purchase,3.0,2026-05-13 23:46:00
438,90,purchase,4.0,2026-06-16 22:22:00
438,18,purchase,3.0,2026-06-29 04:01:00
438,2,purchase,5.0,2026-06-29 14:01:00
438,82,cart,,2026-07-23 23:18:00
438,4,view,,2026-08-10 00:43:00
438,49,purchase,4.0,2026-09-01 10:57:00
439,56,cart,,2025-01-20 02:11:00
439,36,view,,2025-01-23 15:49:00
439,56,view,,2025-02-16 02:28:00
439,56,view,,2025-03-31 19:33:00
439,69,cart,,2025-04-06 06:24:00
439,16,view,,2025-04-18 02:28:00
439,32,purchase,4.0,2025-06-04 08:09:00
439,63,view,,2025-07-16 21:49:00
439,59,view,,2025-08-18 13:14:00
439,38,cart,,2025-11-10 23:51:00
439,24,purchase,3.0,2025-12-01 06:12:00
439,58,view,,2025-12-02 16:07:00
439,57,cart,,2025-12-03 04:28:00
439,25,purchase,4.0,2026-02-03 10:19:00
439,58,view,,2026-04-25 09:02:00
439,52,cart,,2026-05-07 15:14:00
439,37,cart,,2026-05-07 16:09:00
439,65,purchase,4.0,2026-05-08 01:18:00
439,57,cart,,2026-05-13 16:41:00
439,63,view,,2026-05-14 18:04:00
439,11,cart,,2026-05-16 09:09:00
439,20,cart,,2026-06-04 01:40:00
439,66,purchase,4.0,2026-06-25 10:08:00
439,57,view,,2026-06-29 07:44:00
439,58,view,,2026-08-16 19:01:00
439,54,view,,2026-08-18 03:20:00
439,87,view,,2026-09-14 07:07:00
440,60,cart,,2025-01-20 15:32:00
440,80,view,,2025-02-17 17:06:00
440,32,view,,2025-03-01 08:19:00
440,55,cart,,2025-03-06 21:33:00
440,56,purchase,4.0,2025-03-31 17:53:00
440,54,purchase,4.0,2025-04-01 10:53:00
440,57,view,,2025-04-15 10:31:00
440,86,purchase,4.0,2025-05-07 14:53:00
440,58,view,,2025-07-13 22:53:00
440,33,purchase,3.0,2025-11-18 08:28:00
440,64,view,,2025-12-11 21:26:00
440,61,cart,,2025-12-24 00:19:00
440,56,cart,,2026-01-11 19:02:00
440,24,view,,2026-01-19 14:13:00
440,80,purchase,4.0,2026-01-24 17:02:00
440,80,purchase,4.0,2026-04-08 13:50:00
440,52,purchase,4.0,2026-05-05 11:29:00
440,53,view,,2026-06-08 03:42:00
440,88,view,,2026-06-13 05:49:00
440,64,view,,2026-06-17 21:45:00
440,85,view,,2026-07-05 09:45:00
440,86,view,,2026-07-09 03:49:00
440,46,purchase,3.0,2026-07-31 03:05:00
440,75,view,,2026-08-04 06:53:00
441,34,view,,2025-01-07 06:59:00
441,75,purchase,3.0,2025-01-11 22:35:00
441,61,cart,,2025-02-03 02:21:00
441,24,view,,2025-02-18 09:38:00
441,67,cart,,2025-03-01 09:32:00
441,1,purchase,4.0,2025-03-24 14:49:00
441,6,purchase,5.0,2025-03-25 10:49:00
441,36,purchase,5.0,2025-04-18 14:22:00
441,26,view,,2025-04-21 11:45:00
441,28,purchase,5.0,2025-05-09 19:21:00
441,27,view,,2025-06-05 00:38:00
441,50,purchase,3.0,2025-07-01 09:26:00
441,73,view,,2025-09-10 01:30:00
441,72,purchase,4.0,2025-09-24 07:13:00
441,75,view,,2025-10-28 06:20:00
441,57,purchase,3.0,2025-11-26 21:12:00
441,55,purchase,5.0,2025-11-27 23:12:00
441,64,purchase,3.0,2025-12-07 16:11:00
441,34,view,,2026-01-03 05:45:00
441,70,cart,,2026-02-20 15:23:00
441,54,view,,2026-03-01 19:58:00
441,65,purchase,3.0,2026-04-22 04:30:00
441,66,purchase,3.0,2026-04-24 13:32:00
441,35,view,,2026-06-18 11:43:00
441,5,view,,2026-07-14 21:56:00
442,34,purchase,5.0,2025-01-01 02:08:00
442,79,cart,,2025-01-13 10:33:00
442,49,purchase,3.0,2025-03-13 18:18:00
442,88,cart,,2025-03-19 23:39:00
442,38,view,,2025-03-20 20:51:00
442,53,purchase,4.0,2025-03-30 08:45:00
442,33,purchase,4.0,2025-05-04 15:04:00
442,30,purchase,3.0,2025-05-28 02:04:00
442,4,cart,,2025-06-25 02:46:00
442,52,purchase,4.0,2025-07-07 16:54:00
442,56,purchase,5.0,2025-07-08 03:54:00
442,27,view,,2025-08-14 07:30:00
442,50,purchase,4.0,2025-09-08 13:20:00
442,89,purchase,4.0,2025-10-02 04:57:00
442,32,purchase,4.0,2025-12-11 19:11:00
442,26,view,,2026-02-07 02:03:00
442,86,purchase,3.0,2026-02-12 14:54:00
442,71,purchase,3.0,2026-03-15 16:15:00
442,32,cart,,2026-04-11 19:41:00
442,37,view,,2026-04-15 06:07:00
442,34,purchase,5.0,2026-04-17 08:15:00
442,69,view,,2026-04-22 13:20:00
442,36,view,,2026-05-11 06:54:00
442,88,view,,2026-06-06 17:40:00
442,87,purchase,3.0,2026-06-24 18:10:00
442,36,purchase,3.0,2026-08-17 18:08:00
442,20,cart,,2026-08-18 11:56:00
442,88,view,,2026-08-29 15:04:00
442,35,purchase,3.0,2026-09-01 04:18:00
443,70,view,,2025-01-01 22:42:00
443,48,cart,,2025-01-23 08:37:00
443,73,purchase,5.0,2025-03-25 02:39:00
443,43,purchase,3.0,2025-05-03 17:34:00
443,37,cart,,2025-05-05 13:26:00
443,40,view,,2025-06-12 09:56:00
443,74,purchase,4.0,2025-06-16 06:15:00
443,76,purchase,4.0,2025-06-17 01:31:00
443,70,cart,,2025-06-29 04:07:00
443,22,view,,2025-07-03 15:58:00
443,12,purchase,3.0,2025-07-13 05:28:00
443,5,purchase,5.0,2025-07-14 01:28:00
443,71,view,,2025-08-20 22:29:00
443,48,view,,2025-10-21 11:21:00
443,70,view,,2025-12-08 02:00:00
443,55,purchase,3.0,2025-12-18 15:42:00
443,56,purchase,4.0,2025-12-18 22:42:00
443,74,view,,2025-12-28 16:30:00
443,79,view,,2026-01-22 04:18:00
443,40,view,,2026-03-06 20:09:00
443,41,view,,2026-03-19 17:42:00
443,39,view,,2026-03-22 14:19:00
443,2,purchase,3.0,2026-03-26 02:54:00
443,71,view,,2026-04-07 11:38:00
443,81,purchase,3.0,2026-06-15 23:17:00
443,38,view,,2026-06-17 05:41:00
443,75,purchase,3.0,2026-07-17 22:27:00
443,76,cart,,2026-07-30 04:39:00
443,76,purchase,4.0,2026-09-21 14:33:00
444,40,view,,2025-01-15 09:03:00
444,50,purchase,2.0,2025-03-14 01:16:00
444,43,view,,2025-04-07 21:15:00
444,33,view,,2025-04-24 14:20:00
444,2,view,,2025-05-13 07:07:00
444,12,view,,2025-05-16 12:04:00
444,33,purchase,5.0,2025-06-04 23:41:00
444,47,purchase,4.0,2025-07-08 03:36:00
444,9,view,,2025-07-14 20:26:00
444,18,purchase,3.0,2025-07-24 00:02:00
444,10,purchase,4.0,2025-07-25 08:02:00
444,27,purchase,5.0,2025-08-06 20:44:00
444,14,purchase,4.0,2025-09-02 08:02:00
444,21,purchase,5.0,2025-09-26 07:06:00
444,32,view,,2025-10-11 18:42:00
444,35,view,,2025-10-15 03:55:00
444,1,purchase,4.0,2025-10-27 03:11:00
444,19,purchase,5.0,2025-11-30 11:12:00
444,34,view,,2025-12-04 22:39:00
444,84,cart,,2025-12-10 07:57:00
444,34,view,,2025-12-12 13:01:00
444,4,view,,2025-12-13 09:32:00
444,61,view,,2025-12-21 18:12:00
444,26,purchase,4.0,2025-12-24 21:34:00
444,74,view,,2026-01-25 23:26:00
444,25,cart,,2026-01-29 06:27:00
444,6,cart,,2026-02-06 06:18:00
444,21,view,,2026-02-21 22:11:00
444,4,cart,,2026-02-25 13:59:00
444,16,view,,2026-03-29 07:52:00
444,19,purchase,5.0,2026-04-19 08:10:00
444,27,view,,2026-06-02 04:14:00
444,21,purchase,4.0,2026-06-18 02:01:00
445,32,cart,,2025-02-05 06:03:00
445,75,view,,2025-05-17 08:41:00
445,64,cart,,2025-06-12 16:55:00
445,35,purchase,4.0,2025-07-19 05:05:00
445,29,purchase,3.0,2025-09-02 18:49:00
445,40,view,,2025-09-13 23:28:00
445,38,view,,2025-12-19 16:53:00
445,79,view,,2026-02-20 08:40:00
445,41,view,,2026-03-11 04:21:00
445,38,purchase,3.0,2026-06-04 13:27:00
445,43,purchase,3.0,2026-06-04 22:27:00
445,87,view,,2026-09-08 10:30:00
445,41,purchase,4.0,2026-09-09 05:51:00
445,54,purchase,3.0,2026-09-19 08:48:00
446,63,purchase,4.0,2025-02-06 04:30:00
446,61,view,,2025-02-19 00:20:00
446,55,view,,2025-04-02 07:43:00
446,14,cart,,2025-04-06 00:03:00
446,61,cart,,2025-04-23 09:06:00
446,64,view,,2025-04-27 06:13:00
446,58,view,,2025-08-05 22:23:00
446,28,purchase,3.0,2025-08-06 12:36:00
446,36,cart,,2025-08-24 10:33:00
446,64,view,,2025-09-02 14:24:00
446,24,view,,2025-11-13 03:17:00
446,34,purchase,4.0,2026-01-20 03:12:00
446,13,view,,2026-04-05 03:41:00
446,55,cart,,2026-05-24 20:49:00
446,63,purchase,4.0,2026-05-27 17:53:00
446,37,view,,2026-06-15 23:01:00
446,75,view,,2026-07-02 19:30:00
446,40,purchase,3.0,2026-08-20 02:51:00
447,60,purchase,4.0,2025-01-20 08:02:00
447,4,cart,,2025-01-23 14:40:00
447,74,purchase,5.0,2025-04-28 05:37:00
447,33,cart,,2025-06-15 21:28:00
447,66,view,,2025-07-01 22:49:00
447,64,view,,2025-07-10 00:05:00
447,19,purchase,4.0,2025-07-17 02:30:00
447,59,purchase,4.0,2025-07-18 02:26:00
447,43,view,,2025-07-31 04:23:00
447,28,cart,,2025-08-04 18:52:00
447,28,view,,2025-08-14 05:55:00
447,74,view,,2025-08-15 14:00:00
447,74,view,,2025-08-26 06:02:00
447,73,purchase,5.0,2025-09-02 01:30:00
447,76,view,,2025-09-14 02:00:00
447,67,purchase,4.0,2025-10-17 22:37:00
447,71,view,,2025-12-15 13:23:00
447,74,view,,2025-12-21 15:36:00
447,70,view,,2026-02-01 04:30:00
447,73,cart,,2026-03-18 11:39:00
447,73,cart,,2026-03-29 15:46:00
447,56,view,,2026-03-30 18:42:00
447,19,cart,,2026-04-30 15:45:00
447,70,view,,2026-06-22 14:18:00
447,16,purchase,3.0,2026-08-11 14:59:00
447,17,purchase,4.0,2026-08-15 08:57:00
447,72,view,,2026-09-24 16:46:00
448,18,view,,2025-01-22 19:38:00
448,12,view,,2025-02-03 12:53:00
448,14,view,,2025-02-21 15:30:00
448,70,cart,,2025-02-21 22:18:00
448,19,cart,,2025-03-13 05:43:00
448,56,purchase,3.0,2025-03-17 00:08:00
448,55,purchase,4.0,2025-03-17 05:08:00
448,40,cart,,2025-03-19 00:44:00
448,2,cart,,2025-03-22 20:22:00
448,76,cart,,2025-03-23 07:24:00
448,53,view,,2025-04-11 10:07:00
448,76,cart,,2025-04-29 09:14:00
448,70,view,,2025-05-06 02:07:00
448,15,view,,2025-06-04 00:04:00
448,19,view,,2025-06-11 17:26:00
448,85,purchase,3.0,2025-07-05 16:21:00
448,74,purchase,4.0,2025-07-28 05:24:00
448,46,purchase,3.0,2025-07-29 02:59:00
448,3,purchase,3.0,2025-09-06 12:22:00
448,74,cart,,2025-09-09 01:57:00
448,22,view,,2025-09-29 06:57:00
448,2,purchase,3.0,2026-01-03 17:15:00
448,18,purchase,5.0,2026-01-04 03:15:00
448,70,cart,,2026-01-28 04:09:00
448,73,view,,2026-04-21 18:29:00
448,19,purchase,3.0,2026-05-16 21:12:00
448,2,purchase,4.0,2026-05-30 04:25:00
448,81,view,,2026-06-23 15:58:00
448,73,view,,2026-08-16 18:26:00
448,75,view,,2026-08-19 12:28:00
448,70,cart,,2026-09-03 07:08:00
449,89,purchase,3.0,2025-01-11 08:48:00
449,30,cart,,2025-05-24 19:35:00
449,33,cart,,2025-06-24 07:47:00
449,85,cart,,2025-09-12 19:30:00
449,35,view,,2025-11-22 16:47:00
449,79,view,,2026-01-01 05:18:00
449,85,view,,2026-01-24 01:26:00
449,30,purchase,3.0,2026-03-14 21:16:00
449,49,view,,2026-04-09 18:43:00
449,42,cart,,2026-04-10 01:12:00
449,54,view,,2026-04-18 05:59:00
449,87,view,,2026-07-10 11:34:00
449,14,view,,2026-07-22 12:31:00
449,82,view,,2026-07-23 09:03:00
449,85,view,,2026-08-10 04:37:00
449,88,purchase,5.0,2026-08-11 16:00:00
450,86,cart,,2025-04-17 08:45:00
450,7,view,,2025-05-24 06:52:00
450,47,view,,2025-06-25 17:46:00
450,88,view,,2025-08-06 12:03:00
450,86,purchase,4.0,2025-09-14 04:48:00
450,88,view,,2025-09-28 03:35:00
450,57,view,,2025-10-08 22:19:00
450,47,purchase,3.0,2025-10-11 21:20:00
450,42,cart,,2025-11-11 19:54:00
450,80,view,,2025-12-27 17:38:00
450,90,cart,,2026-01-18 20:40:00
450,89,view,,2026-02-06 15:31:00
450,87,view,,2026-05-14 21:56:00
450,52,view,,2026-06-05 22:02:00
450,83,purchase,4.0,2026-08-30 10:27:00
451,73,purchase,3.0,2025-02-21 10:16:00
451,12,purchase,5.0,2025-04-05 18:52:00
451,3,cart,,2025-04-20 17:06:00
451,61,purchase,3.0,2025-05-14 19:20:00
451,20,view,,2025-09-16 18:15:00
451,19,purchase,3.0,2025-09-25 12:36:00
451,15,purchase,4.0,2025-11-04 05:51:00
451,18,purchase,4.0,2025-12-19 22:52:00
451,9,purchase,4.0,2025-12-20 02:52:00
451,15,purchase,5.0,2026-02-06 04:31:00
451,19,cart,,2026-06-12 08:46:00
451,66,view,,2026-07-29 06:45:00
451,16,view,,2026-09-16 10:04:00
451,39,view,,2026-09-23 05:59:00
452,35,cart,,2025-01-10 13:34:00
452,19,purchase,5.0,2025-01-17 14:40:00
452,33,purchase,5.0,2025-01-30 17:21:00
452,21,purchase,4.0,2025-05-24 21:41:00
452,32,view,,2025-05-29 01:06:00
452,27,view,,2025-06-21 11:35:00
452,28,purchase,5.0,2025-07-18 04:48:00
452,16,cart,,2025-11-02 16:00:00
452,14,view,,2025-11-17 09:22:00
452,4,purchase,5.0,2025-11-22 03:41:00
452,12,purchase,4.0,2025-11-22 07:41:00
452,61,purchase,3.0,2026-01-21 21:06:00
452,24,cart,,2026-04-28 12:23:00
452,32,cart,,2026-06-22 02:38:00
453,60,purchase,3.0,2025-01-28 23:20:00
453,66,view,,2025-03-11 17:25:00
453,39,purchase,4.0,2025-04-07 19:43:00
453,41,purchase,4.0,2025-10-16 17:16:00
453,43,purchase,4.0,2025-10-16 18:16:00
453,41,purchase,5.0,2025-11-10 14:35:00
453,42,purchase,4.0,2025-11-11 19:35:00
453,41,view,,2025-11-16 08:02:00
453,32,purchase,3.0,2026-02-26 01:36:00
453,63,purchase,3.0,2026-04-30 07:14:00
453,41,cart,,2026-05-02 05:45:00
453,67,view,,2026-05-21 17:23:00
453,52,view,,2026-07-13 08:19:00
453,43,view,,2026-09-12 08:29:00
454,33,cart,,2025-01-06 01:16:00
454,34,view,,2025-02-16 03:19:00
454,38,view,,2025-06-23 20:05:00
454,28,purchase,5.0,2025-07-10 17:38:00
454,28,cart,,2025-07-21 09:43:00
454,60,view,,2025-09-13 22:36:00
454,14,cart,,2025-09-18 01:28:00
454,7,purchase,3.0,2025-09-20 18:16:00
454,5,purchase,4.0,2025-09-21 07:16:00
454,71,purchase,3.0,2025-11-28 23:27:00
454,26,cart,,2025-12-13 10:29:00
454,66,cart,,2025-12-14 11:53:00
454,76,purchase,4.0,2026-01-22 05:05:00
454,25,view,,2026-02-19 20:30:00
454,34,view,,2026-02-21 17:24:00
454,73,purchase,4.0,2026-03-02 10:05:00
454,54,view,,2026-03-18 05:37:00
454,86,purchase,3.0,2026-05-31 11:04:00
454,58,purchase,4.0,2026-07-23 10:50:00
454,77,purchase,3.0,2026-09-17 08:41:00
455,25,view,,2025-01-10 18:07:00
455,60,purchase,3.0,2025-01-27 01:42:00
455,89,view,,2025-02-17 15:34:00
455,33,purchase,3.0,2025-02-23 20:35:00
455,37,view,,2025-03-14 20:20:00
455,88,purchase,5.0,2025-05-02 18:15:00
455,35,purchase,3.0,2025-05-31 21:26:00
455,85,purchase,5.0,2025-06-10 06:46:00
455,84,purchase,5.0,2025-06-15 16:32:00
455,35,purchase,4.0,2025-07-05 06:27:00
455,14,purchase,3.0,2025-07-19 20:42:00
455,88,purchase,4.0,2025-07-23 12:34:00
455,78,view,,2025-08-23 19:51:00
455,30,cart,,2025-09-06 06:47:00
455,87,view,,2025-09-27 07:21:00
455,75,view,,2025-11-13 23:17:00
455,61,view,,2025-12-03 21:42:00
455,84,view,,2025-12-13 04:38:00
455,49,purchase,3.0,2026-01-09 09:16:00
455,84,purchase,5.0,2026-01-17 03:40:00
455,15,view,,2026-01-29 15:16:00
455,78,purchase,4.0,2026-01-30 01:02:00
455,87,cart,,2026-02-07 00:37:00
455,24,purchase,4.0,2026-02-23 13:15:00
455,83,purchase,4.0,2026-03-29 21:29:00
455,57,view,,2026-04-18 16:41:00
455,20,view,,2026-04-18 17:46:00
455,85,view,,2026-04-28 14:04:00
455,50,purchase,4.0,2026-06-02 04:20:00
455,85,cart,,2026-06-10 04:59:00
455,26,purchase,3.0,2026-08-08 14:48:00
455,28,cart,,2026-08-26 22:09:00
455,25,purchase,3.0,2026-09-25 01:08:00
456,9,purchase,5.0,2025-01-03 02:55:00
456,10,cart,,2025-01-08 22:39:00
456,9,view,,2025-01-12 10:09:00
456,67,view,,2025-01-24 16:19:00
456,9,purchase,5.0,2025-03-15 13:33:00
456,22,view,,2025-04-16 10:55:00
456,2,view,,2025-04-28 03:53:00
456,20,view,,2025-05-12 17:24:00
456,70,purchase,3.0,2025-06-20 18:02:00
456,64,view,,2025-07-08 03:46:00
456,82,view,,2025-07-11 07:42:00
456,22,view,,2025-09-13 23:00:00
456,21,view,,2025-09-21 20:30:00
456,5,cart,,2025-12-23 15:42:00
456,8,cart,,2026-01-07 23:01:00
456,26,view,,2026-01-09 21:02:00
456,45,purchase,3.0,2026-01-23 14:45:00
456,30,cart,,2026-02-07 13:21:00
456,80,cart,,2026-02-23 15:34:00
456,2,view,,2026-03-09 19:13:00
456,6,view,,2026-04-09 23:03:00
456,76,purchase,3.0,2026-04-15 07:51:00
456,20,purchase,4.0,2026-04-21 07:12:00
456,43,cart,,2026-05-18 03:11:00
456,63,purchase,3.0,2026-05-25 00:14:00
456,10,view,,2026-06-26 08:29:00
456,72,view,,2026-07-08 05:59:00
456,8,cart,,2026-08-04 21:31:00
456,28,purchase,4.0,2026-08-15 11:42:00
456,12,purchase,5.0,2026-08-17 16:45:00
456,2,cart,,2026-09-10 04:59:00
456,22,view,,2026-09-26 10:56:00
457,79,view,,2025-02-04 20:32:00
457,35,cart,,2025-03-05 17:08:00
457,39,view,,2025-03-07 02:35:00
457,72,purchase,4.0,2025-06-19 13:17:00
457,53,view,,2025-07-11 06:21:00
457,85,cart,,2025-10-20 12:31:00
457,52,view,,2025-11-14 04:26:00
457,72,purchase,4.0,2026-02-02 02:20:00
457,4,purchase,4.0,2026-03-20 15:36:00
457,7,purchase,4.0,2026-03-21 04:36:00
457,71,cart,,2026-06-12 17:29:00
457,28,cart,,2026-07-20 04:35:00
457,71,cart,,2026-07-31 14:26:00
457,83,cart,,2026-08-05 11:48:00
457,62,view,,2026-09-07 22:17:00
457,84,purchase,3.0,2026-09-09 13:34:00
458,55,purchase,4.0,2025-01-25 01:40:00
458,57,purchase,4.0,2025-01-25 21:40:00
458,53,purchase,3.0,2025-01-29 00:13:00
458,54,purchase,3.0,2025-01-29 22:13:00
458,36,purchase,3.0,2025-03-04 00:14:00
458,74,cart,,2025-04-01 13:06:00
458,87,cart,,2025-04-24 07:39:00
458,16,cart,,2025-05-23 19:47:00
458,79,cart,,2025-05-27 19:20:00
458,84,cart,,2025-08-27 12:03:00
458,18,cart,,2025-10-09 00:59:00
458,32,cart,,2025-10-09 13:41:00
458,45,view,,2026-01-17 08:45:00
458,34,view,,2026-01-26 20:04:00
458,30,purchase,5.0,2026-01-28 17:29:00
458,86,view,,2026-03-17 23:00:00
458,55,purchase,3.0,2026-06-10 08:51:00
458,56,purchase,5.0,2026-06-11 18:51:00
458,10,view,,2026-07-16 07:45:00
458,85,view,,2026-09-28 11:29:00
459,72,cart,,2025-02-19 12:45:00
459,72,view,,2025-03-16 17:13:00
459,72,cart,,2025-07-20 09:39:00
459,73,view,,2025-08-23 03:39:00
459,53,purchase,3.0,2025-09-08 21:41:00
459,54,cart,,2025-11-28 23:07:00
459,36,view,,2026-02-17 18:17:00
459,76,cart,,2026-03-20 00:33:00
459,67,view,,2026-04-18 19:14:00
459,22,view,,2026-04-27 23:54:00
459,75,view,,2026-08-13 09:55:00
459,53,cart,,2026-08-19 12:03:00
460,43,view,,2025-02-20 01:57:00
460,39,purchase,4.0,2025-02-24 17:39:00
460,41,purchase,4.0,2025-02-25 10:39:00
460,54,view,,2025-02-26 21:48:00
460,41,purchase,3.0,2025-03-26 09:43:00
460,43,purchase,4.0,2025-03-27 17:43:00
460,57,cart,,2025-04-29 03:05:00
460,21,view,,2025-05-08 17:33:00
460,21,cart,,2025-05-20 08:51:00
460,47,view,,2025-05-30 15:19:00
460,59,purchase,5.0,2025-06-01 04:21:00
460,76,purchase,5.0,2025-07-24 08:33:00
460,46,purchase,4.0,2025-07-27 17:19:00
460,43,view,,2025-08-30 20:33:00
460,86,purchase,2.0,2025-09-02 06:21:00
460,39,cart,,2025-09-22 19:11:00
460,46,purchase,4.0,2025-10-26 06:15:00
460,46,cart,,2025-11-05 17:39:00
460,78,purchase,4.0,2026-01-17 09:55:00
460,32,purchase,3.0,2026-01-18 16:50:00
460,35,purchase,3.0,2026-02-19 06:51:00
460,37,view,,2026-03-02 01:58:00
460,73,view,,2026-03-15 18:49:00
460,35,purchase,3.0,2026-04-24 00:10:00
460,53,purchase,3.0,2026-05-01 12:38:00
460,54,view,,2026-05-22 01:24:00
460,39,purchase,5.0,2026-06-19 02:36:00
460,27,cart,,2026-06-19 13:20:00
460,59,purchase,4.0,2026-07-24 03:52:00
460,67,purchase,3.0,2026-08-20 23:38:00
460,53,view,,2026-09-06 21:55:00
461,36,view,,2025-01-28 14:41:00
461,85,view,,2025-02-04 20:18:00
461,11,view,,2025-02-26 02:40:00
461,13,purchase,5.0,2025-03-17 12:37:00
461,2,view,,2025-04-08 11:22:00
461,18,purchase,5.0,2025-07-08 03:19:00
461,5,purchase,4.0,2025-07-08 18:19:00
461,21,view,,2025-07-09 06:37:00
461,6,view,,2025-07-17 15:00:00
461,81,purchase,5.0,2025-08-07 23:44:00
461,5,view,,2025-09-09 03:09:00
461,3,view,,2025-09-21 15:07:00
461,88,view,,2025-10-11 21:17:00
461,4,purchase,3.0,2025-11-15 18:08:00
461,8,purchase,4.0,2025-11-16 08:08:00
461,79,cart,,2025-12-02 19:35:00
461,80,view,,2025-12-22 21:59:00
461,24,view,,2026-01-18 15:42:00
461,1,cart,,2026-02-01 00:54:00
461,3,purchase,3.0,2026-02-15 05:35:00
461,1,purchase,4.0,2026-02-16 16:35:00
461,10,purchase,5.0,2026-03-18 09:55:00
461,6,purchase,4.0,2026-03-19 19:55:00
461,75,purchase,3.0,2026-04-24 23:06:00
461,50,purchase,3.0,2026-05-08 05:01:00
461,2,cart,,2026-05-20 20:28:00
461,7,purchase,4.0,2026-07-26 15:13:00
461,9,purchase,4.0,2026-07-27 13:13:00
461,39,purchase,4.0,2026-08-08 17:09:00
461,43,purchase,4.0,2026-08-09 07:09:00
461,12,view,,2026-09-09 02:30:00
462,29,view,,2025-02-06 09:34:00
462,6,view,,2025-04-28 02:33:00
462,56,view,,2025-05-08 05:53:00
462,59,purchase,3.0,2025-06-14 03:49:00
462,28,purchase,4.0,2025-07-06 18:13:00
462,76,cart,,2025-08-04 10:09:00
462,71,purchase,3.0,2025-08-13 10:20:00
462,32,cart,,2025-11-23 22:06:00
462,4,cart,,2025-12-06 23:29:00
462,34,view,,2026-02-18 03:29:00
462,19,view,,2026-02-18 20:30:00
462,66,view,,2026-03-15 15:19:00
462,67,cart,,2026-03-18 18:58:00
462,74,view,,2026-04-28 22:46:00
462,75,purchase,4.0,2026-05-02 08:00:00
462,73,view,,2026-06-22 19:22:00
462,82,view,,2026-07-08 17:04:00
462,58,purchase,4.0,2026-07-19 15:48:00
462,32,view,,2026-07-21 18:08:00
462,74,cart,,2026-08-19 18:26:00
462,73,cart,,2026-08-26 09:49:00
462,3,cart,,2026-09-02 22:14:00
462,76,view,,2026-09-04 02:16:00
462,70,view,,2026-09-14 04:29:00
462,73,view,,2026-09-27 17:38:00
463,89,purchase,4.0,2025-01-22 02:30:00
463,16,view,,2025-01-25 17:06:00
463,5,view,,2025-02-07 09:57:00
463,90,purchase,4.0,2025-02-20 14:21:00
463,64,cart,,2025-03-10 18:28:00
463,84,purchase,5.0,2025-04-17 00:18:00
463,85,cart,,2025-05-21 18:32:00
463,5,view,,2025-06-01 02:04:00
463,83,view,,2025-07-22 13:29:00
463,40,view,,2025-11-04 02:10:00
463,90,purchase,5.0,2025-12-02 00:44:00
463,86,view,,2025-12-02 09:55:00
463,60,purchase,3.0,2026-01-05 12:52:00
463,34,purchase,3.0,2026-01-12 07:27:00
463,86,view,,2026-02-23 06:03:00
463,14,purchase,3.0,2026-07-16 04:20:00
464,2,view,,2025-03-17 16:46:00
464,15,view,,2025-03-23 12:55:00
464,26,view,,2025-04-01 15:02:00
464,11,view,,2025-04-06 12:46:00
464,53,view,,2025-04-08 02:53:00
464,22,cart,,2025-04-20 09:25:00
464,5,purchase,3.0,2025-04-22 23:17:00
464,7,purchase,5.0,2025-04-23 09:17:00
464,9,cart,,2025-05-04 02:13:00
464,8,view,,2025-06-29 05:31:00
464,48,cart,,2025-09-09 16:50:00
464,4,purchase,5.0,2025-10-06 01:07:00
464,14,view,,2025-10-06 03:35:00
464,10,purchase,4.0,2025-10-06 19:07:00
464,3,purchase,5.0,2025-11-11 18:21:00
464,18,purchase,4.0,2025-11-13 01:21:00
464,4,view,,2025-11-18 04:53:00
464,30,purchase,3.0,2025-12-03 05:17:00
464,60,view,,2025-12-13 10:53:00
464,8,view,,2026-01-04 20:16:00
464,60,purchase,4.0,2026-01-08 23:41:00
464,34,view,,2026-01-10 06:17:00
464,4,purchase,4.0,2026-03-07 07:21:00
464,2,purchase,4.0,2026-03-08 05:21:00
464,3,purchase,5.0,2026-03-15 12:24:00
464,36,purchase,4.0,2026-04-09 19:04:00
464,22,purchase,3.0,2026-06-21 01:38:00
464,8,view,,2026-07-14 10:04:00
464,19,cart,,2026-07-29 02:29:00
464,12,purchase,4.0,2026-09-21 05:19:00
464,9,purchase,4.0,2026-09-22 07:19:00
465,36,view,,2025-01-13 18:28:00
465,55,purchase,3.0,2025-03-12 22:32:00
465,56,purchase,4.0,2025-03-13 17:32:00
465,57,view,,2025-03-23 19:27:00
465,48,view,,2025-04-25 03:48:00
465,33,purchase,2.0,2025-07-14 10:29:00
465,90,view,,2025-08-01 18:40:00
465,36,purchase,5.0,2025-09-27 13:48:00
465,36,purchase,5.0,2025-10-01 03:29:00
465,10,view,,2025-10-03 16:56:00
465,53,view,,2025-11-12 04:09:00
465,45,view,,2025-11-13 07:43:00
465,36,purchase,5.0,2026-01-16 23:23:00
465,1,purchase,2.0,2026-02-24 23:27:00
465,36,purchase,5.0,2026-03-03 00:33:00
465,57,purchase,3.0,2026-03-28 09:05:00
465,52,purchase,4.0,2026-03-29 20:05:00
465,30,purchase,3.0,2026-05-18 07:37:00
465,58,purchase,3.0,2026-05-19 12:53:00
465,6,view,,2026-05-23 19:56:00
465,32,cart,,2026-05-30 19:50:00
465,36,view,,2026-07-29 03:16:00
466,43,cart,,2025-04-17 21:08:00
466,14,purchase,3.0,2025-05-02 08:17:00
466,47,cart,,2025-08-11 22:09:00
466,73,cart,,2025-09-10 08:42:00
466,74,purchase,3.0,2025-09-30 06:07:00
466,44,purchase,4.0,2025-11-07 13:54:00
466,53,cart,,2025-12-27 07:16:00
466,70,cart,,2026-01-16 09:37:00
466,41,view,,2026-02-01 11:08:00
466,27,view,,2026-07-10 19:38:00
466,14,purchase,3.0,2026-07-19 20:05:00
466,70,view,,2026-07-20 15:02:00
466,48,purchase,3.0,2026-07-27 22:36:00
466,55,view,,2026-09-19 06:03:00
467,3,view,,2025-01-06 12:54:00
467,60,purchase,3.0,2025-01-08 08:44:00
467,7,view,,2025-01-08 16:04:00
467,7,purchase,3.0,2025-04-12 20:22:00
467,20,purchase,4.0,2025-06-26 01:19:00
467,15,cart,,2025-08-03 10:33:00
467,14,purchase,4.0,2025-10-18 15:30:00
467,9,cart,,2025-11-23 11:07:00
467,73,view,,2026-01-24 22:17:00
467,22,cart,,2026-01-29 00:12:00
467,53,purchase,4.0,2026-02-15 17:35:00
467,52,purchase,4.0,2026-02-16 21:35:00
467,34,cart,,2026-02-22 21:08:00
467,4,cart,,2026-03-25 01:55:00
467,21,cart,,2026-04-11 15:23:00
467,16,purchase,5.0,2026-04-16 01:21:00
467,36,view,,2026-05-17 14:59:00
467,35,view,,2026-07-06 08:16:00
467,10,cart,,2026-08-18 19:57:00
467,17,view,,2026-08-30 05:43:00
467,76,purchase,3.0,2026-09-02 08:58:00
468,54,cart,,2025-07-02 18:41:00
468,15,purchase,4.0,2025-07-07 14:57:00
468,85,purchase,3.0,2025-07-21 04:17:00
468,82,view,,2025-07-22 00:28:00
468,86,view,,2025-09-03 03:24:00
468,56,view,,2025-10-14 21:23:00
468,64,purchase,5.0,2025-11-22 02:30:00
468,70,cart,,2025-11-29 04:15:00
468,53,purchase,5.0,2025-12-08 09:50:00
468,56,purchase,4.0,2025-12-09 05:50:00
468,54,purchase,4.0,2025-12-13 04:28:00
468,57,purchase,4.0,2025-12-13 15:28:00
468,73,purchase,4.0,2026-01-24 02:42:00
468,55,view,,2026-05-28 04:29:00
468,69,purchase,3.0,2026-06-27 00:36:00
469,71,purchase,3.0,2025-01-20 23:09:00
469,11,purchase,5.0,2025-05-13 03:15:00
469,8,purchase,4.0,2025-05-13 05:15:00
469,71,view,,2025-10-16 12:26:00
469,2,view,,2025-11-25 08:15:00
469,86,purchase,3.0,2025-11-25 18:36:00
469,44,purchase,4.0,2025-12-01 20:05:00
469,61,purchase,4.0,2026-01-26 02:40:00
469,41,purchase,5.0,2026-01-28 20:40:00
469,42,purchase,4.0,2026-01-29 04:40:00
469,41,cart,,2026-04-15 01:19:00
469,41,view,,2026-04-16 02:11:00
469,20,view,,2026-05-02 19:16:00
469,71,view,,2026-05-11 23:14:00
469,40,purchase,4.0,2026-05-14 09:49:00
469,46,cart,,2026-07-03 05:17:00
469,41,view,,2026-09-13 13:30:00
469,75,view,,2026-09-15 06:50:00
469,70,cart,,2026-09-22 07:14:00
469,39,view,,2026-09-24 00:02:00
470,89,view,,2025-02-07 23:54:00
470,55,purchase,4.0,2025-06-18 21:51:00
470,52,purchase,4.0,2025-06-19 02:51:00
470,73,view,,2025-08-01 05:53:00
470,25,view,,2025-08-09 12:31:00
470,11,view,,2025-09-18 20:04:00
470,75,view,,2025-10-03 01:39:00
470,4,view,,2025-10-18 16:10:00
470,26,cart,,2025-12-23 18:02:00
470,10,view,,2026-03-20 15:24:00
470,1,purchase,4.0,2026-03-21 18:43:00
470,6,purchase,4.0,2026-03-22 06:43:00
470,29,cart,,2026-06-26 05:22:00
470,10,view,,2026-09-26 11:04:00
471,4,view,,2025-02-10 21:08:00
471,50,view,,2025-04-25 01:48:00
471,16,purchase,4.0,2025-05-07 21:16:00
471,3,purchase,5.0,2025-05-25 19:38:00
471,10,purchase,4.0,2025-05-26 17:38:00
471,12,view,,2025-05-30 10:37:00
471,81,view,,2025-06-06 16:47:00
471,19,cart,,2025-08-19 18:10:00
471,14,view,,2025-09-14 21:14:00
471,8,view,,2025-11-20 12:16:00
471,16,cart,,2025-11-22 01:57:00
471,15,view,,2026-01-18 18:31:00
471,9,view,,2026-03-26 03:41:00
471,6,purchase,4.0,2026-05-14 21:13:00
471,3,view,,2026-09-07 19:41:00
472,63,purchase,5.0,2025-01-23 08:20:00
472,61,purchase,4.0,2025-02-07 21:09:00
472,44,purchase,4.0,2025-02-26 17:02:00
472,38,view,,2025-03-30 17:34:00
472,58,view,,2025-04-03 20:52:00
472,1,view,,2025-04-15 01:38:00
472,54,purchase,4.0,2025-06-05 00:02:00
472,55,purchase,4.0,2025-07-10 00:54:00
472,56,purchase,4.0,2025-07-11 05:54:00
472,55,view,,2025-07-21 11:59:00
472,52,view,,2025-08-12 17:11:00
472,73,view,,2025-08-29 22:48:00
472,54,view,,2025-09-21 15:10:00
472,54,purchase,5.0,2025-09-23 17:36:00
472,52,purchase,4.0,2025-09-24 22:36:00
472,55,view,,2025-10-16 22:11:00
472,42,purchase,4.0,2025-10-27 04:05:00
472,40,purchase,5.0,2025-10-28 06:05:00
472,79,purchase,2.0,2026-01-12 16:12:00
472,19,view,,2026-01-28 15:58:00
472,61,purchase,4.0,2026-02-07 04:59:00
472,54,view,,2026-02-13 11:13:00
472,57,purchase,5.0,2026-03-04 01:00:00
472,53,purchase,4.0,2026-03-04 06:00:00
472,63,view,,2026-03-05 11:32:00
472,52,view,,2026-03-08 12:46:00
472,16,purchase,3.0,2026-03-26 09:03:00
472,52,view,,2026-04-18 11:54:00
472,72,view,,2026-05-26 15:12:00
472,8,purchase,3.0,2026-06-08 22:29:00
473,53,cart,,2025-02-02 18:47:00
473,42,view,,2025-02-05 01:57:00
473,35,view,,2025-03-16 23:25:00
473,48,purchase,3.0,2025-04-20 04:07:00
473,89,view,,2025-04-20 13:50:00
473,82,cart,,2025-07-06 01:37:00
473,49,cart,,2025-07-18 02:18:00
473,28,purchase,3.0,2025-07-27 16:52:00
473,28,view,,2025-08-06 18:52:00
473,29,purchase,5.0,2025-09-03 08:22:00
473,49,cart,,2025-09-17 01:21:00
473,37,cart,,2025-09-29 00:45:00
473,36,view,,2025-10-17 22:25:00
473,7,cart,,2025-10-19 18:03:00
473,45,view,,2025-10-23 09:16:00
473,42,purchase,4.0,2025-10-26 06:06:00
473,41,purchase,4.0,2025-10-27 14:06:00
473,22,view,,2025-10-28 16:50:00
473,80,view,,2025-11-01 21:26:00
473,21,purchase,3.0,2025-11-25 15:47:00
473,40,view,,2026-01-14 19:45:00
473,35,view,,2026-01-22 20:24:00
473,43,cart,,2026-06-26 07:17:00
473,42,purchase,4.0,2026-08-15 17:34:00
473,30,purchase,5.0,2026-08-16 05:39:00
473,49,view,,2026-08-27 05:21:00
473,71,view,,2026-09-21 23:50:00
474,79,view,,2025-01-14 03:27:00
474,79,view,,2025-02-11 20:53:00
474,49,view,,2025-02-21 08:42:00
474,90,view,,2025-02-25 16:38:00
474,48,view,,2025-03-05 04:17:00
474,76,view,,2025-04-01 06:22:00
474,82,view,,2025-04-26 01:43:00
474,40,purchase,4.0,2025-05-06 02:54:00
474,88,view,,2025-05-15 22:21:00
474,69,view,,2025-05-23 03:47:00
474,55,purchase,3.0,2025-05-24 14:58:00
474,56,purchase,4.0,2025-05-25 01:58:00
474,82,view,,2025-06-19 18:29:00
474,48,cart,,2025-08-06 01:50:00
474,86,purchase,5.0,2025-10-13 07:07:00
474,42,purchase,4.0,2025-10-31 11:31:00
474,42,cart,,2025-11-08 08:06:00
474,85,purchase,5.0,2025-11-22 21:08:00
474,79,view,,2025-12-14 04:12:00
474,64,cart,,2025-12-18 17:23:00
474,89,purchase,5.0,2026-01-04 10:25:00
474,88,purchase,5.0,2026-01-20 09:18:00
474,44,cart,,2026-02-06 08:01:00
474,42,cart,,2026-03-16 16:13:00
474,26,view,,2026-05-04 08:34:00
474,11,view,,2026-05-18 15:04:00
474,16,cart,,2026-06-12 00:48:00
474,1,purchase,3.0,2026-07-15 06:35:00
474,87,purchase,3.0,2026-07-19 11:06:00
474,88,purchase,5.0,2026-07-21 05:15:00
474,83,cart,,2026-07-22 02:41:00
474,46,purchase,4.0,2026-08-04 05:17:00
474,91,view,,2026-08-10 12:51:00
474,83,cart,,2026-08-15 22:58:00
475,60,cart,,2025-01-26 06:31:00
475,42,view,,2025-04-18 21:50:00
475,15,purchase,4.0,2025-05-31 07:38:00
475,46,purchase,4.0,2025-06-17 07:12:00
475,88,purchase,3.0,2025-06-24 00:27:00
475,59,view,,2025-07-20 17:20:00
475,81,purchase,5.0,2025-07-25 21:59:00
475,78,cart,,2025-08-12 13:51:00
475,32,cart,,2025-09-23 21:48:00
475,10,purchase,5.0,2025-09-29 09:56:00
475,9,purchase,4.0,2025-09-30 12:56:00
475,74,view,,2025-10-21 16:38:00
475,37,cart,,2025-10-22 20:44:00
475,6,cart,,2025-12-12 17:45:00
475,25,cart,,2025-12-14 03:45:00
475,78,purchase,5.0,2025-12-30 23:17:00
475,41,purchase,4.0,2026-01-13 00:50:00
475,43,purchase,4.0,2026-01-13 11:50:00
475,80,view,,2026-01-15 02:48:00
475,41,cart,,2026-01-18 04:58:00
475,16,view,,2026-01-29 17:17:00
475,87,purchase,4.0,2026-02-21 21:01:00
475,30,purchase,4.0,2026-03-14 12:56:00
475,67,purchase,3.0,2026-04-13 08:14:00
475,86,cart,,2026-05-02 11:01:00
475,40,view,,2026-06-02 16:24:00
475,43,view,,2026-06-20 05:12:00
475,43,purchase,3.0,2026-08-08 05:32:00
475,42,purchase,4.0,2026-08-09 08:32:00
476,14,view,,2025-03-05 23:50:00
476,33,purchase,4.0,2025-03-24 01:20:00
476,46,view,,2025-06-14 04:15:00
476,54,view,,2025-06-17 19:48:00
476,88,view,,2025-07-11 01:50:00
476,12,purchase,2.0,2025-07-27 18:38:00
476,52,purchase,4.0,2025-07-28 08:50:00
476,56,purchase,4.0,2025-07-28 09:50:00
476,12,view,,2025-08-02 16:58:00
476,33,purchase,4.0,2025-08-09 23:33:00
476,52,view,,2025-09-17 13:47:00
476,84,view,,2025-10-17 00:34:00
476,21,purchase,3.0,2025-10-26 12:38:00
476,54,cart,,2025-11-10 01:56:00
476,86,view,,2025-11-11 22:36:00
476,53,view,,2025-12-03 08:11:00
476,12,view,,2026-02-10 22:56:00
476,36,purchase,3.0,2026-03-10 23:41:00
476,52,view,,2026-04-26 07:41:00
476,56,purchase,5.0,2026-05-16 08:14:00
476,57,purchase,4.0,2026-05-16 12:14:00
476,28,view,,2026-06-20 20:52:00
476,32,purchase,4.0,2026-07-04 16:16:00
476,59,purchase,5.0,2026-07-08 12:03:00
476,48,purchase,4.0,2026-08-31 20:44:00
476,63,cart,,2026-09-05 06:10:00
477,45,cart,,2025-02-21 07:03:00
477,56,view,,2025-02-24 12:13:00
477,53,view,,2025-03-12 00:16:00
477,53,purchase,4.0,2025-03-13 07:30:00
477,56,purchase,4.0,2025-03-13 19:30:00
477,39,view,,2025-03-22 17:34:00
477,21,view,,2025-04-05 09:48:00
477,50,cart,,2025-05-21 14:23:00
477,19,purchase,3.0,2025-06-25 20:38:00
477,5,cart,,2025-09-01 12:11:00
477,13,view,,2025-09-03 21:04:00
477,81,cart,,2025-09-08 23:41:00
477,20,view,,2025-09-17 12:40:00
477,8,purchase,4.0,2025-10-03 11:33:00
477,10,view,,2025-11-08 07:35:00
477,13,purchase,4.0,2025-11-30 20:52:00
477,2,view,,2025-12-11 18:46:00
477,37,view,,2026-01-26 04:32:00
477,59,purchase,5.0,2026-04-01 15:37:00
477,14,cart,,2026-04-13 06:21:00
477,72,cart,,2026-05-08 23:45:00
477,57,view,,2026-05-27 07:53:00
477,59,view,,2026-06-07 02:01:00
477,64,cart,,2026-08-10 23:46:00
477,55,view,,2026-08-11 14:35:00
477,62,purchase,5.0,2026-09-03 21:46:00
478,9,cart,,2025-04-22 03:43:00
478,71,view,,2025-06-03 12:29:00
478,25,purchase,4.0,2025-06-11 04:24:00
478,76,view,,2025-07-07 15:00:00
478,12,view,,2025-07-22 17:17:00
478,70,purchase,3.0,2025-07-29 21:13:00
478,34,view,,2025-12-09 11:13:00
478,21,view,,2025-12-09 23:48:00
478,61,purchase,3.0,2025-12-14 11:15:00
478,57,view,,2026-03-15 17:08:00
478,52,purchase,3.0,2026-04-28 23:26:00
478,24,view,,2026-05-08 12:42:00
479,26,view,,2025-01-17 14:52:00
479,28,purchase,5.0,2025-03-28 17:18:00
479,50,purchase,3.0,2025-06-20 15:41:00
479,8,purchase,3.0,2025-06-26 13:33:00
479,6,purchase,4.0,2025-06-26 20:33:00
479,58,purchase,4.0,2025-06-27 17:35:00
479,33,purchase,4.0,2025-06-28 21:26:00
479,11,view,,2025-09-05 03:55:00
479,7,cart,,2025-09-08 13:35:00
479,40,purchase,4.0,2025-09-20 14:34:00
479,43,purchase,5.0,2025-09-20 20:34:00
479,10,cart,,2025-10-17 13:49:00
479,75,view,,2025-10-17 22:08:00
479,1,purchase,3.0,2025-10-21 03:33:00
479,35,view,,2025-11-20 18:18:00
479,22,purchase,4.0,2025-11-23 19:17:00
479,25,view,,2025-12-16 20:08:00
479,32,view,,2025-12-20 05:07:00
479,42,view,,2025-12-23 03:36:00
479,9,view,,2026-01-03 01:10:00
479,43,purchase,3.0,2026-01-29 10:16:00
479,42,purchase,4.0,2026-01-30 17:16:00
479,14,purchase,4.0,2026-02-24 02:40:00
479,7,purchase,3.0,2026-03-01 18:22:00
479,18,purchase,4.0,2026-03-01 19:22:00
479,25,purchase,5.0,2026-03-05 13:56:00
479,10,cart,,2026-03-13 07:34:00
479,73,cart,,2026-04-19 06:58:00
479,29,purchase,3.0,2026-08-22 10:47:00
479,5,cart,,2026-09-04 03:27:00
479,15,purchase,3.0,2026-09-18 09:59:00
479,28,view,,2026-09-22 15:05:00
480,52,cart,,2025-01-13 05:32:00
480,2,view,,2025-03-01 19:15:00
480,56,cart,,2025-03-26 01:50:00
480,63,view,,2025-04-24 12:11:00
480,63,purchase,4.0,2025-05-11 23:40:00
480,59,cart,,2025-06-15 09:03:00
480,27,purchase,3.0,2025-07-13 15:21:00
480,2,view,,2025-08-05 04:08:00
480,59,view,,2025-08-19 10:07:00
480,19,view,,2025-08-20 01:48:00
480,63,view,,2025-11-10 02:46:00
480,52,purchase,5.0,2025-11-11 07:47:00
480,55,purchase,4.0,2025-11-11 11:47:00
480,57,purchase,3.0,2025-11-15 23:33:00
480,36,purchase,4.0,2025-12-15 22:29:00
480,52,view,,2025-12-23 01:24:00
480,66,view,,2025-12-31 01:39:00
480,26,cart,,2026-01-11 16:30:00
480,48,purchase,2.0,2026-03-14 22:46:00
480,6,view,,2026-04-02 12:08:00
480,39,purchase,3.0,2026-05-31 12:41:00
480,43,purchase,4.0,2026-05-31 14:41:00
480,82,purchase,3.0,2026-06-05 14:26:00
480,27,purchase,3.0,2026-06-15 10:34:00
480,55,cart,,2026-06-27 17:52:00
480,36,cart,,2026-07-11 02:57:00
480,58,purchase,5.0,2026-07-13 01:25:00
480,53,purchase,3.0,2026-07-21 01:42:00
480,54,purchase,4.0,2026-07-22 06:42:00
480,7,cart,,2026-08-13 05:20:00
481,61,purchase,3.0,2025-02-12 04:45:00
481,85,view,,2025-02-24 20:18:00
481,85,purchase,4.0,2025-03-03 15:48:00
481,82,view,,2025-03-06 05:44:00
481,63,view,,2025-05-09 10:30:00
481,64,cart,,2025-05-18 06:34:00
481,40,purchase,3.0,2025-06-27 07:24:00
481,41,purchase,3.0,2025-06-28 16:24:00
481,82,purchase,5.0,2025-07-12 16:24:00
481,85,view,,2025-07-22 07:18:00
481,69,purchase,3.0,2025-09-30 20:38:00
481,4,cart,,2025-10-25 02:20:00
481,6,view,,2025-11-02 04:02:00
481,63,cart,,2025-11-29 21:55:00
481,76,view,,2025-12-12 17:20:00
481,61,cart,,2025-12-30 10:33:00
481,57,view,,2026-04-11 05:42:00
481,32,purchase,4.0,2026-04-13 06:07:00
481,86,cart,,2026-05-01 04:20:00
481,64,purchase,5.0,2026-05-15 21:31:00
481,87,purchase,4.0,2026-05-17 08:06:00
481,80,view,,2026-05-30 22:28:00
481,1,purchase,4.0,2026-07-08 19:04:00
481,4,purchase,5.0,2026-07-10 01:04:00
481,54,view,,2026-09-10 08:36:00
481,85,cart,,2026-09-20 17:49:00
482,38,cart,,2025-01-21 14:05:00
482,49,view,,2025-02-08 02:26:00
482,80,purchase,3.0,2025-03-01 23:52:00
482,42,purchase,5.0,2025-03-19 11:41:00
482,38,view,,2025-04-20 10:28:00
482,56,purchase,5.0,2025-05-07 21:28:00
482,54,purchase,4.0,2025-05-08 22:28:00
482,19,purchase,4.0,2025-06-18 01:37:00
482,59,view,,2025-06-30 15:54:00
482,49,cart,,2025-07-25 00:28:00
482,40,view,,2025-08-14 22:51:00
482,53,purchase,4.0,2025-09-11 19:26:00
482,55,purchase,4.0,2025-09-12 19:26:00
482,53,purchase,5.0,2025-10-16 12:44:00
482,52,purchase,4.0,2025-10-17 08:44:00
482,16,view,,2025-11-23 09:25:00
482,38,cart,,2025-11-26 21:53:00
482,40,cart,,2025-12-03 05:52:00
482,84,purchase,3.0,2026-01-06 18:23:00
482,26,view,,2026-01-14 09:55:00
482,47,purchase,3.0,2026-01-15 19:44:00
482,90,view,,2026-02-09 17:57:00
482,37,purchase,3.0,2026-02-21 23:47:00
482,42,view,,2026-03-15 14:30:00
482,81,view,,2026-03-17 07:15:00
482,52,view,,2026-03-30 21:17:00
482,53,view,,2026-05-15 15:04:00
482,52,view,,2026-05-25 16:53:00
482,25,view,,2026-07-06 06:09:00
482,64,cart,,2026-08-15 12:44:00
482,46,cart,,2026-08-31 20:29:00
482,64,view,,2026-09-06 08:48:00
483,35,cart,,2025-01-03 21:51:00
483,34,cart,,2025-01-21 02:57:00
483,39,purchase,4.0,2025-01-22 01:41:00
483,34,purchase,3.0,2025-01-22 10:02:00
483,40,purchase,4.0,2025-01-23 06:41:00
483,38,purchase,5.0,2025-01-26 02:35:00
483,41,purchase,4.0,2025-01-27 00:35:00
483,61,view,,2025-02-19 23:17:00
483,66,view,,2025-03-01 06:00:00
483,48,purchase,4.0,2025-03-04 04:06:00
483,39,view,,2025-03-08 21:28:00
483,41,purchase,3.0,2025-03-23 06:29:00
483,42,purchase,4.0,2025-03-23 19:29:00
483,42,cart,,2025-04-09 06:40:00
483,42,cart,,2025-05-11 20:12:00
483,39,cart,,2025-05-12 18:11:00
483,46,view,,2025-06-15 13:19:00
483,12,cart,,2025-07-10 20:21:00
483,66,view,,2025-08-15 05:26:00
483,25,view,,2025-09-07 19:07:00
483,50,view,,2025-10-11 15:56:00
483,33,view,,2025-10-23 13:42:00
483,43,view,,2025-12-25 08:55:00
483,79,view,,2026-01-31 02:53:00
483,25,cart,,2026-02-05 13:57:00
483,49,purchase,4.0,2026-02-12 19:16:00
483,49,view,,2026-03-17 02:19:00
483,13,purchase,4.0,2026-03-25 03:51:00
483,43,view,,2026-04-18 21:07:00
483,49,purchase,5.0,2026-05-29 20:44:00
483,27,purchase,4.0,2026-07-08 14:17:00
483,47,purchase,4.0,2026-08-05 11:00:00
483,26,view,,2026-09-04 00:06:00
483,48,purchase,5.0,2026-09-15 21:52:00
483,51,view,,2026-09-23 13:25:00
484,89,purchase,5.0,2025-02-08 21:49:00
484,80,purchase,5.0,2025-02-23 08:02:00
484,12,view,,2025-03-18 04:34:00
484,54,view,,2025-04-22 07:10:00
484,19,purchase,4.0,2025-05-09 11:34:00
484,33,view,,2025-06-22 00:17:00
484,9,purchase,4.0,2025-11-07 03:10:00
484,4,purchase,4.0,2025-11-08 12:10:00
484,79,purchase,5.0,2025-12-10 00:50:00
484,84,view,,2026-03-05 17:02:00
484,3,view,,2026-03-25 10:40:00
484,67,purchase,4.0,2026-06-05 23:56:00
484,82,purchase,5.0,2026-08-11 10:40:00
485,80,purchase,4.0,2025-01-17 03:24:00
485,48,purchase,4.0,2025-01-19 13:28:00
485,89,view,,2025-01-24 18:30:00
485,63,purchase,3.0,2025-04-30 08:11:00
485,65,purchase,3.0,2025-06-10 09:20:00
485,68,purchase,4.0,2025-06-10 23:20:00
485,82,view,,2025-07-23 16:15:00
485,72,view,,2025-07-24 15:29:00
485,89,view,,2025-08-13 13:17:00
485,87,view,,2025-09-17 10:14:00
485,71,cart,,2025-09-18 01:06:00
485,38,view,,2025-09-25 03:53:00
485,75,purchase,5.0,2025-10-04 11:41:00
485,75,view,,2025-10-07 16:48:00
485,74,view,,2025-12-10 04:51:00
485,89,purchase,4.0,2026-01-01 10:00:00
485,72,view,,2026-01-13 05:55:00
485,79,cart,,2026-01-16 04:26:00
485,22,view,,2026-02-03 21:35:00
485,72,view,,2026-02-07 22:24:00
485,18,view,,2026-05-16 23:37:00
485,58,purchase,3.0,2026-08-31 21:26:00
486,41,cart,,2025-01-16 23:23:00
486,90,view,,2025-02-19 08:13:00
486,5,view,,2025-03-20 09:41:00
486,14,view,,2025-04-08 04:19:00
486,2,purchase,5.0,2025-05-11 22:42:00
486,19,view,,2025-05-24 23:57:00
486,12,purchase,3.0,2025-07-05 16:51:00
486,8,purchase,4.0,2025-09-05 01:48:00
486,37,view,,2025-10-15 10:07:00
486,6,purchase,5.0,2025-11-10 06:41:00
486,7,purchase,4.0,2025-11-10 08:41:00
486,38,cart,,2025-11-14 22:02:00
486,6,view,,2026-01-04 15:38:00
486,71,cart,,2026-03-18 23:14:00
486,1,view,,2026-06-18 20:01:00
486,46,purchase,5.0,2026-06-26 12:48:00
486,27,cart,,2026-07-01 06:47:00
486,13,view,,2026-07-22 18:42:00
486,46,purchase,5.0,2026-07-31 16:43:00
486,7,purchase,5.0,2026-09-16 18:38:00
487,50,view,,2025-04-02 11:07:00
487,12,view,,2025-04-15 01:56:00
487,15,purchase,4.0,2025-04-18 20:19:00
487,76,purchase,3.0,2025-04-23 01:48:00
487,57,cart,,2025-06-18 07:33:00
487,5,purchase,5.0,2025-10-12 20:33:00
487,73,view,,2025-10-23 00:54:00
487,14,view,,2025-12-03 02:10:00
487,5,purchase,3.0,2026-01-15 20:15:00
487,4,purchase,4.0,2026-01-16 17:15:00
487,20,view,,2026-01-19 06:30:00
487,2,purchase,3.0,2026-03-11 03:37:00
487,22,purchase,5.0,2026-03-11 21:51:00
487,8,purchase,4.0,2026-03-12 05:37:00
487,11,purchase,5.0,2026-05-21 03:55:00
487,10,purchase,4.0,2026-05-21 20:55:00
487,75,purchase,3.0,2026-05-31 13:48:00
487,22,cart,,2026-06-26 22:52:00
487,12,view,,2026-08-20 18:14:00
487,15,purchase,5.0,2026-08-21 14:37:00
488,56,view,,2025-02-17 17:35:00
488,55,purchase,5.0,2025-04-04 00:07:00
488,54,purchase,4.0,2025-04-05 10:07:00
488,15,purchase,3.0,2025-04-07 17:30:00
488,28,purchase,4.0,2025-07-03 00:27:00
488,82,cart,,2025-08-01 03:55:00
488,53,cart,,2025-08-02 23:19:00
488,5,purchase,3.0,2025-08-10 19:54:00
488,3,purchase,5.0,2025-08-12 01:54:00
488,7,purchase,3.0,2025-09-22 17:52:00
488,12,purchase,4.0,2025-09-23 09:52:00
488,86,purchase,3.0,2025-10-01 22:17:00
488,53,view,,2025-12-04 16:33:00
488,46,purchase,3.0,2025-12-27 02:32:00
488,1,purchase,3.0,2026-01-04 20:15:00
488,61,view,,2026-01-20 05:40:00
488,61,view,,2026-01-29 14:33:00
488,42,purchase,3.0,2026-02-08 16:01:00
488,9,view,,2026-02-08 21:24:00
488,41,purchase,4.0,2026-02-09 11:01:00
488,34,cart,,2026-02-16 00:53:00
488,20,cart,,2026-03-19 18:57:00
488,59,view,,2026-06-17 19:12:00
488,59,view,,2026-08-31 03:00:00
488,91,view,,2026-09-10 04:30:00
488,75,view,,2026-09-10 22:36:00
489,29,purchase,4.0,2025-01-12 18:50:00
489,6,view,,2025-01-16 05:22:00
489,24,cart,,2025-03-03 05:32:00
489,40,cart,,2025-03-08 09:45:00
489,3,purchase,5.0,2025-04-04 19:00:00
489,6,purchase,5.0,2025-04-05 01:00:00
489,28,view,,2025-07-22 23:34:00
489,36,view,,2025-09-17 06:00:00
489,37,cart,,2025-11-01 14:50:00
489,65,purchase,3.0,2025-11-08 10:39:00
489,25,view,,2026-01-05 21:08:00
489,90,cart,,2026-02-06 19:20:00
489,18,purchase,3.0,2026-03-07 04:08:00
489,5,purchase,5.0,2026-03-08 02:08:00
489,18,cart,,2026-05-07 16:29:00
489,36,view,,2026-07-08 00:24:00
489,29,purchase,3.0,2026-07-22 12:05:00
489,47,view,,2026-09-16 06:24:00
490,71,cart,,2025-02-18 20:20:00
490,73,cart,,2025-05-14 19:51:00
490,81,view,,2025-08-01 14:55:00
490,75,view,,2025-09-16 19:32:00
490,87,view,,2025-09-19 01:09:00
490,88,view,,2025-10-12 08:57:00
490,85,view,,2025-10-20 02:08:00
490,33,cart,,2025-11-27 16:44:00
490,79,purchase,4.0,2026-01-08 07:00:00
490,90,purchase,5.0,2026-01-23 12:45:00
490,84,cart,,2026-05-13 20:13:00
490,88,purchase,5.0,2026-06-18 17:57:00
490,46,view,,2026-07-17 15:59:00
490,39,purchase,4.0,2026-08-20 01:12:00
490,38,purchase,5.0,2026-08-20 13:12:00
490,43,view,,2026-09-14 14:47:00
490,72,view,,2026-09-15 08:03:00
491,55,view,,2025-01-03 21:02:00
491,56,view,,2025-03-18 10:54:00
491,48,purchase,3.0,2025-04-30 05:17:00
491,63,view,,2025-05-23 02:39:00
491,56,view,,2025-07-02 13:19:00
491,56,purchase,5.0,2025-07-08 21:23:00
491,52,purchase,4.0,2025-07-10 05:23:00
491,48,purchase,4.0,2025-09-04 09:51:00
491,53,view,,2025-09-21 17:26:00
491,8,purchase,4.0,2025-10-02 12:46:00
491,6,view,,2025-10-22 19:20:00
491,11,view,,2025-11-02 18:42:00
491,13,purchase,3.0,2025-11-06 16:44:00
491,32,view,,2025-12-27 08:30:00
491,6,purchase,3.0,2026-01-11 09:53:00
491,2,purchase,4.0,2026-01-11 13:53:00
491,57,view,,2026-03-21 11:27:00
491,5,cart,,2026-04-11 19:43:00
491,86,purchase,3.0,2026-04-29 14:35:00
491,63,view,,2026-04-30 04:06:00
491,15,view,,2026-05-01 06:29:00
491,2,cart,,2026-05-20 07:28:00
491,52,purchase,3.0,2026-08-10 14:33:00
491,55,purchase,5.0,2026-08-11 21:33:00
491,35,purchase,4.0,2026-09-02 18:22:00
492,25,purchase,4.0,2025-01-07 20:58:00
492,75,view,,2025-02-04 08:20:00
492,48,view,,2025-03-09 00:35:00
492,40,view,,2025-03-11 20:24:00
492,21,purchase,4.0,2025-03-28 00:43:00
492,18,view,,2025-03-30 02:37:00
492,73,view,,2025-04-26 00:08:00
492,70,purchase,4.0,2025-06-25 04:05:00
492,21,purchase,4.0,2025-07-11 22:02:00
492,37,purchase,3.0,2025-08-25 11:28:00
492,83,cart,,2025-08-26 04:00:00
492,36,view,,2025-09-15 23:01:00
492,49,purchase,3.0,2025-09-24 09:59:00
492,33,view,,2025-10-07 16:52:00
492,48,purchase,4.0,2025-10-16 13:04:00
492,74,view,,2026-01-02 02:42:00
492,72,view,,2026-01-25 17:02:00
492,44,purchase,3.0,2026-02-04 22:55:00
492,44,purchase,2.0,2026-02-10 23:26:00
492,20,purchase,3.0,2026-02-11 18:22:00
492,40,purchase,3.0,2026-02-23 16:06:00
492,70,view,,2026-03-10 17:40:00
492,81,view,,2026-04-09 23:15:00
492,74,view,,2026-04-20 13:14:00
492,70,purchase,4.0,2026-05-26 21:45:00
492,75,purchase,5.0,2026-06-11 09:26:00
492,42,cart,,2026-07-09 07:36:00
492,77,cart,,2026-08-20 02:38:00
492,71,purchase,3.0,2026-09-05 11:05:00
492,70,view,,2026-09-28 14:52:00
493,39,purchase,3.0,2025-01-04 13:55:00
493,40,purchase,4.0,2025-01-05 15:55:00
493,16,purchase,3.0,2025-01-19 10:05:00
493,60,view,,2025-01-31 13:01:00
493,43,view,,2025-03-06 22:07:00
493,53,cart,,2025-03-07 21:14:00
493,49,purchase,3.0,2025-03-13 17:14:00
493,48,cart,,2025-04-11 11:51:00
493,52,cart,,2025-04-16 19:09:00
493,50,purchase,3.0,2025-04-29 02:24:00
493,44,purchase,4.0,2025-05-19 06:28:00
493,47,purchase,4.0,2025-07-01 11:08:00
493,10,cart,,2025-07-19 20:02:00
493,58,purchase,3.0,2025-07-20 09:17:00
493,12,view,,2025-09-12 09:58:00
493,50,purchase,4.0,2025-09-21 22:49:00
493,43,view,,2025-10-02 23:30:00
493,54,view,,2025-10-27 00:54:00
493,40,view,,2025-11-13 13:40:00
493,53,view,,2025-12-07 16:37:00
493,90,purchase,4.0,2026-02-08 14:32:00
493,19,cart,,2026-02-09 23:14:00
493,48,view,,2026-02-13 21:57:00
493,52,purchase,4.0,2026-03-30 06:01:00
493,57,purchase,4.0,2026-03-31 13:01:00
493,56,view,,2026-04-05 22:45:00
493,66,view,,2026-04-19 10:05:00
493,21,cart,,2026-04-23 00:25:00
493,44,view,,2026-04-26 08:38:00
493,48,view,,2026-04-27 05:34:00
493,35,view,,2026-04-28 22:12:00
493,21,purchase,3.0,2026-05-14 07:24:00
493,59,purchase,4.0,2026-05-14 14:44:00
493,15,purchase,4.0,2026-08-27 00:05:00
493,69,purchase,3.0,2026-08-27 08:50:00
494,13,view,,2025-02-14 18:18:00
494,22,purchase,5.0,2025-03-09 00:19:00
494,20,view,,2025-03-17 07:44:00
494,9,view,,2025-04-19 19:26:00
494,15,cart,,2025-04-30 17:21:00
494,39,view,,2025-05-12 14:45:00
494,3,view,,2025-05-16 16:07:00
494,16,view,,2025-06-16 03:45:00
494,76,view,,2025-06-20 18:02:00
494,21,cart,,2025-06-27 02:24:00
494,46,cart,,2025-07-27 07:39:00
494,3,cart,,2025-09-10 02:02:00
494,13,view,,2025-09-24 12:13:00
494,2,purchase,4.0,2025-09-25 20:39:00
494,11,purchase,4.0,2025-09-27 07:39:00
494,22,purchase,4.0,2025-11-18 21:07:00
494,37,cart,,2025-12-01 00:14:00
494,1,purchase,4.0,2025-12-16 23:25:00
494,37,view,,2026-01-01 04:57:00
494,44,view,,2026-01-28 08:38:00
494,73,purchase,5.0,2026-02-17 06:45:00
494,55,cart,,2026-03-10 11:40:00
494,22,view,,2026-03-19 00:11:00
494,12,purchase,4.0,2026-03-20 07:56:00
494,9,purchase,5.0,2026-03-20 08:56:00
494,15,purchase,4.0,2026-04-09 07:18:00
494,22,view,,2026-04-28 17:13:00
494,13,purchase,3.0,2026-05-28 20:36:00
494,15,purchase,4.0,2026-06-25 00:55:00
494,70,view,,2026-07-09 09:50:00
494,70,purchase,5.0,2026-07-12 22:53:00
494,76,view,,2026-08-09 22:14:00
494,16,view,,2026-08-26 13:11:00
495,89,cart,,2025-02-03 13:40:00
495,85,purchase,4.0,2025-02-09 03:20:00
495,75,purchase,4.0,2025-03-30 16:34:00
495,72,view,,2025-04-13 16:07:00
495,60,view,,2025-04-28 15:45:00
495,76,cart,,2025-05-21 04:36:00
495,74,cart,,2025-08-27 19:10:00
495,70,cart,,2025-09-24 05:09:00
495,74,purchase,3.0,2025-11-29 03:52:00
495,74,view,,2026-01-05 03:55:00
495,34,view,,2026-01-05 07:52:00
495,79,purchase,4.0,2026-01-09 08:00:00
495,70,view,,2026-01-11 05:16:00
495,19,purchase,4.0,2026-01-20 01:54:00
495,79,view,,2026-01-26 23:07:00
495,74,cart,,2026-02-11 16:16:00
495,84,purchase,4.0,2026-02-21 08:34:00
495,21,purchase,3.0,2026-02-24 09:09:00
495,76,purchase,4.0,2026-04-07 07:35:00
495,76,view,,2026-05-13 17:58:00
495,86,view,,2026-07-29 05:30:00
495,20,purchase,3.0,2026-09-22 02:10:00
496,57,view,,2025-03-05 04:42:00
496,2,cart,,2025-03-18 06:12:00
496,52,cart,,2025-05-01 18:07:00
496,64,cart,,2025-06-20 19:25:00
496,10,view,,2025-06-28 15:11:00
496,9,view,,2025-07-10 12:59:00
496,71,view,,2025-07-22 23:04:00
496,69,purchase,3.0,2025-09-02 08:10:00
496,57,cart,,2025-10-07 17:16:00
496,20,view,,2025-12-01 22:54:00
496,7,view,,2026-01-26 06:13:00
496,53,view,,2026-03-15 01:43:00
496,60,purchase,5.0,2026-03-23 03:56:00
496,53,view,,2026-04-25 16:00:00
496,13,view,,2026-05-09 06:45:00
496,6,cart,,2026-05-23 17:07:00
496,18,purchase,4.0,2026-06-03 11:31:00
496,8,purchase,4.0,2026-06-03 12:31:00
496,64,view,,2026-06-22 15:39:00
496,20,cart,,2026-06-22 20:39:00
496,15,purchase,3.0,2026-06-30 14:12:00
496,4,purchase,3.0,2026-08-05 05:09:00
496,11,purchase,3.0,2026-08-05 23:09:00
496,11,purchase,4.0,2026-08-12 07:48:00
496,6,purchase,3.0,2026-08-12 16:48:00
496,56,cart,,2026-09-03 05:35:00
496,64,view,,2026-09-07 01:28:00
496,67,purchase,3.0,2026-09-08 07:14:00
497,89,cart,,2025-01-26 07:15:00
497,26,purchase,4.0,2025-02-15 07:17:00
497,24,purchase,4.0,2025-02-25 23:33:00
497,73,view,,2025-03-06 01:24:00
497,37,view,,2025-03-08 01:56:00
497,37,view,,2025-05-05 20:00:00
497,30,view,,2025-07-16 22:14:00
497,30,purchase,4.0,2025-09-04 06:10:00
497,35,purchase,4.0,2025-09-19 02:17:00
497,72,purchase,3.0,2025-09-22 22:44:00
497,29,view,,2025-11-27 19:21:00
497,64,cart,,2025-12-10 17:26:00
497,34,purchase,3.0,2026-01-20 18:43:00
497,29,cart,,2026-04-27 22:44:00
497,70,purchase,4.0,2026-05-14 15:49:00
497,29,view,,2026-05-24 02:24:00
497,76,cart,,2026-06-27 18:46:00
497,70,purchase,5.0,2026-08-04 02:02:00
497,9,cart,,2026-08-29 02:06:00
497,77,purchase,3.0,2026-09-04 08:57:00
497,40,view,,2026-09-04 11:36:00
497,35,cart,,2026-09-21 13:36:00
498,44,purchase,3.0,2025-01-31 19:35:00
498,24,purchase,4.0,2025-02-10 05:24:00
498,73,view,,2025-03-08 10:40:00
498,67,view,,2025-04-03 12:38:00
498,33,view,,2025-04-21 19:24:00
498,25,view,,2025-05-16 18:02:00
498,24,purchase,5.0,2025-06-09 10:15:00
498,20,view,,2025-06-10 22:53:00
498,72,view,,2025-06-28 14:47:00
498,69,view,,2025-07-10 14:50:00
498,72,cart,,2025-08-02 02:28:00
498,76,cart,,2025-09-21 05:28:00
498,55,view,,2025-11-20 02:13:00
498,76,view,,2025-12-02 00:23:00
498,76,purchase,5.0,2026-01-09 22:52:00
498,22,purchase,4.0,2026-01-31 06:45:00
498,34,purchase,3.0,2026-02-06 17:25:00
498,26,cart,,2026-02-20 12:34:00
498,34,view,,2026-02-21 04:08:00
498,88,purchase,3.0,2026-03-28 19:30:00
498,71,view,,2026-04-22 14:20:00
498,36,cart,,2026-05-26 18:03:00
498,7,purchase,3.0,2026-05-29 18:44:00
498,74,purchase,3.0,2026-05-30 19:40:00
498,2,purchase,5.0,2026-05-31 02:44:00
498,36,purchase,4.0,2026-05-31 14:22:00
498,28,purchase,3.0,2026-06-16 03:53:00
498,86,view,,2026-06-27 10:45:00
498,73,view,,2026-07-28 17:37:00
498,30,view,,2026-09-08 20:02:00
498,75,cart,,2026-09-11 12:35:00
498,73,purchase,5.0,2026-09-15 01:13:00
499,6,purchase,3.0,2025-01-01 09:32:00
499,4,purchase,5.0,2025-01-01 18:32:00
499,90,purchase,5.0,2025-01-02 11:40:00
499,85,view,,2025-03-07 04:46:00
499,2,view,,2025-04-07 07:21:00
499,73,cart,,2025-06-03 09:53:00
499,73,purchase,5.0,2025-06-22 18:30:00
499,83,purchase,3.0,2025-07-17 06:52:00
499,2,purchase,3.0,2025-09-01 15:17:00
499,6,cart,,2025-11-08 06:25:00
499,21,purchase,3.0,2025-11-08 08:40:00
499,90,view,,2025-12-04 02:39:00
499,76,purchase,5.0,2025-12-20 00:24:00
499,74,cart,,2025-12-27 08:15:00
499,86,view,,2026-01-03 06:06:00
499,89,purchase,4.0,2026-01-21 18:03:00
499,85,purchase,3.0,2026-03-12 12:27:00
499,84,purchase,5.0,2026-04-01 01:21:00
499,48,cart,,2026-04-04 18:17:00
499,76,view,,2026-04-08 09:31:00
499,87,cart,,2026-04-10 14:28:00
499,84,view,,2026-04-15 03:00:00
499,13,cart,,2026-05-13 01:20:00
499,30,cart,,2026-05-16 02:28:00
499,90,purchase,5.0,2026-05-20 11:11:00
499,86,view,,2026-05-26 21:13:00
499,81,purchase,5.0,2026-06-04 23:01:00
499,76,view,,2026-06-12 19:15:00
499,86,purchase,4.0,2026-06-26 21:41:00
499,70,view,,2026-07-17 18:26:00
499,77,cart,,2026-08-16 17:49:00
499,82,purchase,3.0,2026-08-25 10:07:00
500,79,view,,2025-01-30 14:31:00
500,26,purchase,4.0,2025-02-09 11:43:00
500,72,purchase,3.0,2025-03-05 21:12:00
500,88,view,,2025-06-02 15:04:00
500,38,purchase,4.0,2025-06-03 14:16:00
500,55,cart,,2025-06-16 07:13:00
500,48,cart,,2025-08-25 20:46:00
500,38,purchase,4.0,2025-10-02 03:03:00
500,40,purchase,5.0,2025-10-02 06:03:00
500,80,view,,2025-12-10 12:09:00
500,48,cart,,2025-12-14 06:27:00
500,72,purchase,3.0,2026-02-12 11:00:00
500,21,purchase,3.0,2026-04-17 00:57:00
500,53,view,,2026-05-06 16:35:00
500,42,purchase,3.0,2026-07-04 17:58:00
500,43,purchase,5.0,2026-07-05 23:58:00
500,81,purchase,4.0,2026-07-09 16:45:00
500,81,purchase,4.0,2026-08-07 16:47:00
500,50,purchase,4.0,2026-08-20 00:53:00
500,51,purchase,5.0,2026-09-26 16:05:00
